time,currency,impact,event,window_start,window_end,source,country
2020-01-03T15:00:00,USD,high,ISM Manufacturing PMI,2020-01-03T14:57:00,2020-01-03T15:03:00,forexfactory,US
2020-01-03T19:00:00,USD,high,FOMC Meeting Minutes,2020-01-03T18:57:00,2020-01-03T19:03:00,forexfactory,US
2020-01-07T15:00:00,USD,high,ISM Services PMI,2020-01-07T14:57:00,2020-01-07T15:03:00,forexfactory,US
2020-01-08T13:15:00,USD,high,ADP Non-Farm Employment Change,2020-01-08T13:12:00,2020-01-08T13:18:00,forexfactory,US
2020-01-08T16:26:00,USD,high,President Trump Speaks,2020-01-08T16:23:00,2020-01-08T16:29:00,forexfactory,US
2020-01-10T13:30:00,USD,high,Average Hourly Earnings m/m,2020-01-10T13:27:00,2020-01-10T13:33:00,forexfactory,US
2020-01-10T13:30:00,USD,high,Non-Farm Employment Change,2020-01-10T13:27:00,2020-01-10T13:33:00,forexfactory,US
2020-01-10T13:30:00,USD,high,Unemployment Rate,2020-01-10T13:27:00,2020-01-10T13:33:00,forexfactory,US
2020-01-14T13:30:00,USD,high,Core CPI m/m,2020-01-14T13:27:00,2020-01-14T13:33:00,forexfactory,US
2020-01-14T13:30:00,USD,high,CPI m/m,2020-01-14T13:27:00,2020-01-14T13:33:00,forexfactory,US
2020-01-14T13:30:00,USD,high,CPI y/y,2020-01-14T13:27:00,2020-01-14T13:33:00,forexfactory,US
2020-01-16T12:30:00,EUR,high,ECB Monetary Policy Meeting Accounts,2020-01-16T12:27:00,2020-01-16T12:33:00,forexfactory,EZ
2020-01-16T13:30:00,USD,high,Core Retail Sales m/m,2020-01-16T13:27:00,2020-01-16T13:33:00,forexfactory,US
2020-01-16T13:30:00,USD,high,Retail Sales m/m,2020-01-16T13:27:00,2020-01-16T13:33:00,forexfactory,US
2020-01-16T18:00:00,EUR,high,ECB President Lagarde Speaks,2020-01-16T17:57:00,2020-01-16T18:03:00,forexfactory,EZ
2020-01-23T12:45:00,EUR,high,Main Refinancing Rate,2020-01-23T12:42:00,2020-01-23T12:48:00,forexfactory,EZ
2020-01-23T12:45:00,EUR,high,Monetary Policy Statement,2020-01-23T12:42:00,2020-01-23T12:48:00,forexfactory,EZ
2020-01-23T13:30:00,EUR,high,ECB Press Conference,2020-01-23T13:27:00,2020-01-23T13:33:00,forexfactory,EZ
2020-01-23T16:00:00,USD,high,Crude Oil Inventories,2020-01-23T15:57:00,2020-01-23T16:03:00,forexfactory,US
2020-01-24T08:15:00,EUR,high,French Flash Services PMI,2020-01-24T08:12:00,2020-01-24T08:18:00,forexfactory,FR
2020-01-24T08:30:00,EUR,high,German Flash Manufacturing PMI,2020-01-24T08:27:00,2020-01-24T08:33:00,forexfactory,GE
2020-01-24T08:30:00,EUR,high,German Flash Services PMI,2020-01-24T08:27:00,2020-01-24T08:33:00,forexfactory,GE
2020-01-24T09:30:00,EUR,high,ECB President Lagarde Speaks,2020-01-24T09:27:00,2020-01-24T09:33:00,forexfactory,EZ
2020-01-24T09:30:00,USD,high,Treasury Sec Mnuchin Speaks,2020-01-24T09:27:00,2020-01-24T09:33:00,forexfactory,US
2020-01-27T09:00:00,EUR,high,German ifo Business Climate,2020-01-27T08:57:00,2020-01-27T09:03:00,forexfactory,GE
2020-01-28T15:00:00,USD,high,CB Consumer Confidence,2020-01-28T14:57:00,2020-01-28T15:03:00,forexfactory,US
2020-01-29T19:00:00,USD,high,Federal Funds Rate,2020-01-29T18:57:00,2020-01-29T19:03:00,forexfactory,US
2020-01-29T19:00:00,USD,high,FOMC Statement,2020-01-29T18:57:00,2020-01-29T19:03:00,forexfactory,US
2020-01-29T19:30:00,USD,high,FOMC Press Conference,2020-01-29T19:27:00,2020-01-29T19:33:00,forexfactory,US
2020-01-30T13:30:00,USD,high,Advance GDP q/q,2020-01-30T13:27:00,2020-01-30T13:33:00,forexfactory,US
2020-02-03T15:00:00,USD,high,ISM Manufacturing PMI,2020-02-03T14:57:00,2020-02-03T15:03:00,forexfactory,US
2020-02-05T02:00:00,USD,high,President Trump Speaks,2020-02-05T01:57:00,2020-02-05T02:03:00,forexfactory,US
2020-02-05T12:15:00,EUR,high,ECB President Lagarde Speaks,2020-02-05T12:12:00,2020-02-05T12:18:00,forexfactory,EZ
2020-02-05T13:15:00,USD,high,ADP Non-Farm Employment Change,2020-02-05T13:12:00,2020-02-05T13:18:00,forexfactory,US
2020-02-05T15:00:00,USD,high,ISM Services PMI,2020-02-05T14:57:00,2020-02-05T15:03:00,forexfactory,US
2020-02-06T08:00:00,EUR,high,ECB President Lagarde Speaks,2020-02-06T07:57:00,2020-02-06T08:03:00,forexfactory,EZ
2020-02-07T13:30:00,USD,high,Average Hourly Earnings m/m,2020-02-07T13:27:00,2020-02-07T13:33:00,forexfactory,US
2020-02-07T13:30:00,USD,high,Non-Farm Employment Change,2020-02-07T13:27:00,2020-02-07T13:33:00,forexfactory,US
2020-02-07T13:30:00,USD,high,Unemployment Rate,2020-02-07T13:27:00,2020-02-07T13:33:00,forexfactory,US
2020-02-11T14:00:00,EUR,high,ECB President Lagarde Speaks,2020-02-11T13:57:00,2020-02-11T14:03:00,forexfactory,EZ
2020-02-11T15:00:00,USD,high,Fed Chairman Powell Testifies,2020-02-11T14:57:00,2020-02-11T15:03:00,forexfactory,US
2020-02-12T14:30:00,USD,high,Fed Chairman Powell Testifies,2020-02-12T14:27:00,2020-02-12T14:33:00,forexfactory,US
2020-02-13T13:30:00,USD,high,CPI y/y,2020-02-13T13:27:00,2020-02-13T13:33:00,forexfactory,US
2020-02-13T13:30:00,USD,high,Core CPI m/m,2020-02-13T13:27:00,2020-02-13T13:33:00,forexfactory,US
2020-02-13T13:30:00,USD,high,CPI m/m,2020-02-13T13:27:00,2020-02-13T13:33:00,forexfactory,US
2020-02-13T14:00:00,USD,high,Fed Gov Nomination Hearings,2020-02-13T13:57:00,2020-02-13T14:03:00,forexfactory,US
2020-02-14T07:00:00,EUR,high,German Prelim GDP q/q,2020-02-14T06:57:00,2020-02-14T07:03:00,forexfactory,GE
2020-02-14T13:30:00,USD,high,Core Retail Sales m/m,2020-02-14T13:27:00,2020-02-14T13:33:00,forexfactory,US
2020-02-14T13:30:00,USD,high,Retail Sales m/m,2020-02-14T13:27:00,2020-02-14T13:33:00,forexfactory,US
2020-02-18T10:00:00,EUR,high,German ZEW Economic Sentiment,2020-02-18T09:57:00,2020-02-18T10:03:00,forexfactory,GE
2020-02-19T19:00:00,USD,high,FOMC Meeting Minutes,2020-02-19T18:57:00,2020-02-19T19:03:00,forexfactory,US
2020-02-20T12:30:00,EUR,high,ECB Monetary Policy Meeting Accounts,2020-02-20T12:27:00,2020-02-20T12:33:00,forexfactory,EZ
2020-02-21T08:15:00,EUR,high,French Flash Services PMI,2020-02-21T08:12:00,2020-02-21T08:18:00,forexfactory,FR
2020-02-21T08:30:00,EUR,high,German Flash Services PMI,2020-02-21T08:27:00,2020-02-21T08:33:00,forexfactory,GE
2020-02-21T08:30:00,EUR,high,German Flash Manufacturing PMI,2020-02-21T08:27:00,2020-02-21T08:33:00,forexfactory,GE
2020-02-21T14:45:00,USD,high,Flash Manufacturing PMI,2020-02-21T14:42:00,2020-02-21T14:48:00,forexfactory,US
2020-02-24T09:00:00,EUR,high,German ifo Business Climate,2020-02-24T08:57:00,2020-02-24T09:03:00,forexfactory,GE
2020-02-25T15:00:00,USD,high,CB Consumer Confidence,2020-02-25T14:57:00,2020-02-25T15:03:00,forexfactory,US
2020-02-26T13:30:00,EUR,high,ECB President Lagarde Speaks,2020-02-26T13:27:00,2020-02-26T13:33:00,forexfactory,EZ
2020-02-28T19:30:00,USD,high,Fed Announcement,2020-02-28T19:27:00,2020-02-28T19:33:00,forexfactory,US
2020-03-02T15:00:00,USD,high,ISM Manufacturing PMI,2020-03-02T14:57:00,2020-03-02T15:03:00,forexfactory,US
2020-03-03T15:00:00,USD,high,FOMC Statement,2020-03-03T14:57:00,2020-03-03T15:03:00,forexfactory,US
2020-03-03T15:00:00,USD,high,Federal Funds Rate,2020-03-03T14:57:00,2020-03-03T15:03:00,forexfactory,US
2020-03-03T16:00:00,USD,high,FOMC Press Conference,2020-03-03T15:57:00,2020-03-03T16:03:00,forexfactory,US
2020-03-04T13:15:00,USD,high,ADP Non-Farm Employment Change,2020-03-04T13:12:00,2020-03-04T13:18:00,forexfactory,US
2020-03-04T15:00:00,USD,high,ISM Services PMI,2020-03-04T14:57:00,2020-03-04T15:03:00,forexfactory,US
2020-03-06T13:30:00,USD,high,Average Hourly Earnings m/m,2020-03-06T13:27:00,2020-03-06T13:33:00,forexfactory,US
2020-03-06T13:30:00,USD,high,Non-Farm Employment Change,2020-03-06T13:27:00,2020-03-06T13:33:00,forexfactory,US
2020-03-06T13:30:00,USD,high,Unemployment Rate,2020-03-06T13:27:00,2020-03-06T13:33:00,forexfactory,US
2020-03-09T22:34:00,USD,high,President Trump Speaks,2020-03-09T22:31:00,2020-03-09T22:37:00,forexfactory,US
2020-03-11T12:30:00,USD,high,CPI y/y,2020-03-11T12:27:00,2020-03-11T12:33:00,forexfactory,US
2020-03-11T12:30:00,USD,high,Core CPI m/m,2020-03-11T12:27:00,2020-03-11T12:33:00,forexfactory,US
2020-03-11T12:30:00,USD,high,CPI m/m,2020-03-11T12:27:00,2020-03-11T12:33:00,forexfactory,US
2020-03-11T14:00:00,USD,high,Treasury Sec Mnuchin Speaks,2020-03-11T13:57:00,2020-03-11T14:03:00,forexfactory,US
2020-03-12T01:00:00,USD,high,President Trump Speaks,2020-03-12T00:57:00,2020-03-12T01:03:00,forexfactory,US
2020-03-12T12:45:00,EUR,high,Main Refinancing Rate,2020-03-12T12:42:00,2020-03-12T12:48:00,forexfactory,EZ
2020-03-12T12:45:00,EUR,high,Monetary Policy Statement,2020-03-12T12:42:00,2020-03-12T12:48:00,forexfactory,EZ
2020-03-12T13:30:00,EUR,high,ECB Press Conference,2020-03-12T13:27:00,2020-03-12T13:33:00,forexfactory,EZ
2020-03-13T19:30:00,USD,high,President Trump Speaks,2020-03-13T19:27:00,2020-03-13T19:33:00,forexfactory,US
2020-03-15T21:00:00,USD,high,Federal Funds Rate,2020-03-15T20:57:00,2020-03-15T21:03:00,forexfactory,US
2020-03-15T21:00:00,USD,high,Fed Announcement,2020-03-15T20:57:00,2020-03-15T21:03:00,forexfactory,US
2020-03-15T21:00:00,USD,high,FOMC Statement,2020-03-15T20:57:00,2020-03-15T21:03:00,forexfactory,US
2020-03-15T21:17:00,USD,high,President Trump Speaks,2020-03-15T21:14:00,2020-03-15T21:20:00,forexfactory,US
2020-03-15T22:30:00,USD,high,FOMC Press Conference,2020-03-15T22:27:00,2020-03-15T22:33:00,forexfactory,US
2020-03-16T19:25:00,USD,high,President Trump Speaks,2020-03-16T19:22:00,2020-03-16T19:28:00,forexfactory,US
2020-03-17T10:00:00,EUR,high,German ZEW Economic Sentiment,2020-03-17T09:57:00,2020-03-17T10:03:00,forexfactory,GE
2020-03-17T12:30:00,USD,high,Core Retail Sales m/m,2020-03-17T12:27:00,2020-03-17T12:33:00,forexfactory,US
2020-03-17T12:30:00,USD,high,Retail Sales m/m,2020-03-17T12:27:00,2020-03-17T12:33:00,forexfactory,US
2020-03-17T14:45:00,USD,high,Fed Announcement,2020-03-17T14:42:00,2020-03-17T14:48:00,forexfactory,US
2020-03-17T15:40:00,USD,high,President Trump Speaks,2020-03-17T15:37:00,2020-03-17T15:43:00,forexfactory,US
2020-03-17T22:00:00,USD,high,Fed Announcement,2020-03-17T21:57:00,2020-03-17T22:03:00,forexfactory,US
2020-03-18T16:07:00,USD,high,President Trump Speaks,2020-03-18T16:04:00,2020-03-18T16:10:00,forexfactory,US
2020-03-19T09:00:00,EUR,high,German ifo Business Climate,2020-03-19T08:57:00,2020-03-19T09:03:00,forexfactory,GE
2020-03-19T13:00:00,USD,high,Fed Announcement,2020-03-19T12:57:00,2020-03-19T13:03:00,forexfactory,US
2020-03-19T15:38:00,USD,high,President Trump Speaks,2020-03-19T15:35:00,2020-03-19T15:41:00,forexfactory,US
2020-03-20T14:00:00,USD,high,Fed Announcement,2020-03-20T13:57:00,2020-03-20T14:03:00,forexfactory,US
2020-03-20T15:00:00,USD,high,Fed Announcement,2020-03-20T14:57:00,2020-03-20T15:03:00,forexfactory,US
2020-03-20T15:50:00,USD,high,President Trump Speaks,2020-03-20T15:47:00,2020-03-20T15:53:00,forexfactory,US
2020-03-21T16:30:00,USD,high,President Trump Speaks,2020-03-21T16:27:00,2020-03-21T16:33:00,forexfactory,US
2020-03-23T12:00:00,USD,high,Fed Announcement,2020-03-23T11:57:00,2020-03-23T12:03:00,forexfactory,US
2020-03-23T22:12:00,USD,high,President Trump Speaks,2020-03-23T22:09:00,2020-03-23T22:15:00,forexfactory,US
2020-03-24T08:15:00,EUR,high,French Flash Services PMI,2020-03-24T08:12:00,2020-03-24T08:18:00,forexfactory,FR
2020-03-24T08:30:00,EUR,high,German Flash Manufacturing PMI,2020-03-24T08:27:00,2020-03-24T08:33:00,forexfactory,GE
2020-03-24T08:30:00,EUR,high,German Flash Services PMI,2020-03-24T08:27:00,2020-03-24T08:33:00,forexfactory,GE
2020-03-24T13:45:00,USD,high,Flash Manufacturing PMI,2020-03-24T13:42:00,2020-03-24T13:48:00,forexfactory,US
2020-03-24T16:05:00,USD,high,President Trump Speaks,2020-03-24T16:02:00,2020-03-24T16:08:00,forexfactory,US
2020-03-26T11:06:00,USD,high,Fed Chairman Powell Speaks,2020-03-26T11:03:00,2020-03-26T11:09:00,forexfactory,US
2020-03-26T12:30:00,USD,high,Unemployment Claims,2020-03-26T12:27:00,2020-03-26T12:33:00,forexfactory,US
2020-03-27T21:30:00,USD,high,President Trump Speaks,2020-03-27T21:27:00,2020-03-27T21:33:00,forexfactory,US
2020-03-29T21:43:00,USD,high,President Trump Speaks,2020-03-29T21:40:00,2020-03-29T21:46:00,forexfactory,US
2020-03-30T21:15:00,USD,high,President Trump Speaks,2020-03-30T21:12:00,2020-03-30T21:18:00,forexfactory,US
2020-03-31T12:30:00,USD,high,Fed Announcement,2020-03-31T12:27:00,2020-03-31T12:33:00,forexfactory,US
2020-03-31T14:00:00,USD,high,CB Consumer Confidence,2020-03-31T13:57:00,2020-03-31T14:03:00,forexfactory,US
2020-03-31T21:30:00,USD,high,President Trump Speaks,2020-03-31T21:27:00,2020-03-31T21:33:00,forexfactory,US
2020-04-01T12:15:00,USD,high,ADP Non-Farm Employment Change,2020-04-01T12:12:00,2020-04-01T12:18:00,forexfactory,US
2020-04-01T14:00:00,USD,high,ISM Manufacturing PMI,2020-04-01T13:57:00,2020-04-01T14:03:00,forexfactory,US
2020-04-01T21:37:00,USD,high,President Trump Speaks,2020-04-01T21:34:00,2020-04-01T21:40:00,forexfactory,US
2020-04-02T12:30:00,USD,high,Unemployment Claims,2020-04-02T12:27:00,2020-04-02T12:33:00,forexfactory,US
2020-04-02T21:23:00,USD,high,President Trump Speaks,2020-04-02T21:20:00,2020-04-02T21:26:00,forexfactory,US
2020-04-03T12:30:00,USD,high,Average Hourly Earnings m/m,2020-04-03T12:27:00,2020-04-03T12:33:00,forexfactory,US
2020-04-03T12:30:00,USD,high,Non-Farm Employment Change,2020-04-03T12:27:00,2020-04-03T12:33:00,forexfactory,US
2020-04-03T12:30:00,USD,high,Unemployment Rate,2020-04-03T12:27:00,2020-04-03T12:33:00,forexfactory,US
2020-04-04T19:30:00,USD,high,President Trump Speaks,2020-04-04T19:27:00,2020-04-04T19:33:00,forexfactory,US
2020-04-05T22:45:00,USD,high,President Trump Speaks,2020-04-05T22:42:00,2020-04-05T22:48:00,forexfactory,US
2020-04-06T21:42:00,USD,high,President Trump Speaks,2020-04-06T21:39:00,2020-04-06T21:45:00,forexfactory,US
2020-04-07T21:42:00,USD,high,President Trump Speaks,2020-04-07T21:39:00,2020-04-07T21:45:00,forexfactory,US
2020-04-08T21:46:00,USD,high,President Trump Speaks,2020-04-08T21:43:00,2020-04-08T21:49:00,forexfactory,US
2020-04-09T11:30:00,EUR,high,ECB Monetary Policy Meeting Accounts,2020-04-09T11:27:00,2020-04-09T11:33:00,forexfactory,EZ
2020-04-09T12:30:00,USD,high,Fed Announcement,2020-04-09T12:27:00,2020-04-09T12:33:00,forexfactory,US
2020-04-09T12:30:00,USD,high,Unemployment Claims,2020-04-09T12:27:00,2020-04-09T12:33:00,forexfactory,US
2020-04-09T14:00:00,USD,high,Fed Chairman Powell Speaks,2020-04-09T13:57:00,2020-04-09T14:03:00,forexfactory,US
2020-04-09T22:24:00,USD,high,President Trump Speaks,2020-04-09T22:21:00,2020-04-09T22:27:00,forexfactory,US
2020-04-10T12:30:00,USD,high,CPI m/m,2020-04-10T12:27:00,2020-04-10T12:33:00,forexfactory,US
2020-04-10T12:30:00,USD,high,CPI y/y,2020-04-10T12:27:00,2020-04-10T12:33:00,forexfactory,US
2020-04-10T12:30:00,USD,high,Core CPI m/m,2020-04-10T12:27:00,2020-04-10T12:33:00,forexfactory,US
2020-04-10T18:00:00,USD,high,President Trump Speaks,2020-04-10T17:57:00,2020-04-10T18:03:00,forexfactory,US
2020-04-13T21:49:00,USD,high,President Trump Speaks,2020-04-13T21:46:00,2020-04-13T21:52:00,forexfactory,US
2020-04-14T22:15:00,USD,high,President Trump Speaks,2020-04-14T22:12:00,2020-04-14T22:18:00,forexfactory,US
2020-04-15T12:30:00,USD,high,Core Retail Sales m/m,2020-04-15T12:27:00,2020-04-15T12:33:00,forexfactory,US
2020-04-15T12:30:00,USD,high,Retail Sales m/m,2020-04-15T12:27:00,2020-04-15T12:33:00,forexfactory,US
2020-04-15T21:50:00,USD,high,President Trump Speaks,2020-04-15T21:47:00,2020-04-15T21:53:00,forexfactory,US
2020-04-16T12:30:00,USD,high,Unemployment Claims,2020-04-16T12:27:00,2020-04-16T12:33:00,forexfactory,US
2020-04-16T22:08:00,USD,high,President Trump Speaks,2020-04-16T22:05:00,2020-04-16T22:11:00,forexfactory,US
2020-04-17T22:00:00,USD,high,President Trump Speaks,2020-04-17T21:57:00,2020-04-17T22:03:00,forexfactory,US
2020-04-18T22:00:00,USD,high,President Trump Speaks,2020-04-18T21:57:00,2020-04-18T22:03:00,forexfactory,US
2020-04-19T22:25:00,USD,high,President Trump Speaks,2020-04-19T22:22:00,2020-04-19T22:28:00,forexfactory,US
2020-04-20T21:40:00,USD,high,President Trump Speaks,2020-04-20T21:37:00,2020-04-20T21:43:00,forexfactory,US
2020-04-21T21:46:00,USD,high,President Trump Speaks,2020-04-21T21:43:00,2020-04-21T21:49:00,forexfactory,US
2020-04-22T22:11:00,USD,high,President Trump Speaks,2020-04-22T22:08:00,2020-04-22T22:14:00,forexfactory,US
2020-04-23T07:15:00,EUR,high,French Flash Services PMI,2020-04-23T07:12:00,2020-04-23T07:18:00,forexfactory,FR
2020-04-23T07:30:00,EUR,high,German Flash Manufacturing PMI,2020-04-23T07:27:00,2020-04-23T07:33:00,forexfactory,GE
2020-04-23T07:30:00,EUR,high,German Flash Services PMI,2020-04-23T07:27:00,2020-04-23T07:33:00,forexfactory,GE
2020-04-23T12:30:00,USD,high,Unemployment Claims,2020-04-23T12:27:00,2020-04-23T12:33:00,forexfactory,US
2020-04-23T13:45:00,USD,high,Flash Manufacturing PMI,2020-04-23T13:42:00,2020-04-23T13:48:00,forexfactory,US
2020-04-23T21:43:00,USD,high,President Trump Speaks,2020-04-23T21:40:00,2020-04-23T21:46:00,forexfactory,US
2020-04-24T08:00:00,EUR,high,German ifo Business Climate,2020-04-24T07:57:00,2020-04-24T08:03:00,forexfactory,GE
2020-04-24T12:30:00,USD,high,Core Durable Goods Orders m/m,2020-04-24T12:27:00,2020-04-24T12:33:00,forexfactory,US
2020-04-24T21:40:00,USD,high,President Trump Speaks,2020-04-24T21:37:00,2020-04-24T21:43:00,forexfactory,US
2020-04-27T21:38:00,USD,high,President Trump Speaks,2020-04-27T21:35:00,2020-04-27T21:41:00,forexfactory,US
2020-04-28T14:00:00,USD,high,CB Consumer Confidence,2020-04-28T13:57:00,2020-04-28T14:03:00,forexfactory,US
2020-04-29T12:32:00,USD,high,Advance GDP q/q,2020-04-29T12:29:00,2020-04-29T12:35:00,forexfactory,US
2020-04-29T18:00:00,USD,high,FOMC Statement,2020-04-29T17:57:00,2020-04-29T18:03:00,forexfactory,US
2020-04-29T18:30:00,USD,high,FOMC Press Conference,2020-04-29T18:27:00,2020-04-29T18:33:00,forexfactory,US
2020-04-30T11:45:00,EUR,high,Monetary Policy Statement,2020-04-30T11:42:00,2020-04-30T11:48:00,forexfactory,EZ
2020-04-30T11:45:00,EUR,high,Main Refinancing Rate,2020-04-30T11:42:00,2020-04-30T11:48:00,forexfactory,EZ
2020-04-30T12:30:00,EUR,high,ECB Press Conference,2020-04-30T12:27:00,2020-04-30T12:33:00,forexfactory,EZ
2020-04-30T12:30:00,USD,high,Unemployment Claims,2020-04-30T12:27:00,2020-04-30T12:33:00,forexfactory,US
2020-04-30T14:00:00,USD,high,Fed Announcement,2020-04-30T13:57:00,2020-04-30T14:03:00,forexfactory,US
2020-05-01T14:00:00,USD,high,ISM Manufacturing PMI,2020-05-01T13:57:00,2020-05-01T14:03:00,forexfactory,US
2020-05-05T08:11:00,EUR,high,German Constitutional Court Ruling,2020-05-05T08:08:00,2020-05-05T08:14:00,forexfactory,GE
2020-05-05T14:00:00,USD,high,ISM Services PMI,2020-05-05T13:57:00,2020-05-05T14:03:00,forexfactory,US
2020-05-06T09:00:00,EUR,high,EU Economic Forecasts,2020-05-06T08:57:00,2020-05-06T09:03:00,forexfactory,EZ
2020-05-06T12:15:00,USD,high,ADP Non-Farm Employment Change,2020-05-06T12:12:00,2020-05-06T12:18:00,forexfactory,US
2020-05-07T12:30:00,USD,high,Unemployment Claims,2020-05-07T12:27:00,2020-05-07T12:33:00,forexfactory,US
2020-05-07T14:00:00,EUR,high,ECB President Lagarde Speaks,2020-05-07T13:57:00,2020-05-07T14:03:00,forexfactory,EZ
2020-05-08T11:00:00,EUR,high,ECB President Lagarde Speaks,2020-05-08T10:57:00,2020-05-08T11:03:00,forexfactory,EZ
2020-05-08T12:00:00,USD,high,President Trump Speaks,2020-05-08T11:57:00,2020-05-08T12:03:00,forexfactory,US
2020-05-08T12:30:00,USD,high,Average Hourly Earnings m/m,2020-05-08T12:27:00,2020-05-08T12:33:00,forexfactory,US
2020-05-08T12:30:00,USD,high,Non-Farm Employment Change,2020-05-08T12:27:00,2020-05-08T12:33:00,forexfactory,US
2020-05-08T12:30:00,USD,high,Unemployment Rate,2020-05-08T12:27:00,2020-05-08T12:33:00,forexfactory,US
2020-05-12T12:30:00,USD,high,CPI y/y,2020-05-12T12:27:00,2020-05-12T12:33:00,forexfactory,US
2020-05-12T12:30:00,USD,high,Core CPI m/m,2020-05-12T12:27:00,2020-05-12T12:33:00,forexfactory,US
2020-05-12T12:30:00,USD,high,CPI m/m,2020-05-12T12:27:00,2020-05-12T12:33:00,forexfactory,US
2020-05-13T13:00:00,USD,high,Fed Chairman Powell Speaks,2020-05-13T12:57:00,2020-05-13T13:03:00,forexfactory,US
2020-05-15T08:00:00,EUR,high,German Prelim GDP q/q,2020-05-15T07:57:00,2020-05-15T08:03:00,forexfactory,GE
2020-05-15T12:30:00,USD,high,Core Retail Sales m/m,2020-05-15T12:27:00,2020-05-15T12:33:00,forexfactory,US
2020-05-15T12:30:00,USD,high,Retail Sales m/m,2020-05-15T12:27:00,2020-05-15T12:33:00,forexfactory,US
2020-05-17T23:00:00,USD,high,Fed Chairman Powell Speaks,2020-05-17T22:57:00,2020-05-17T23:03:00,forexfactory,US
2020-05-19T14:00:00,USD,high,Fed Chairman Powell Testifies,2020-05-19T13:57:00,2020-05-19T14:03:00,forexfactory,US
2020-05-21T07:15:00,EUR,high,French Flash Services PMI,2020-05-21T07:12:00,2020-05-21T07:18:00,forexfactory,FR
2020-05-21T07:30:00,EUR,high,German Flash Services PMI,2020-05-21T07:27:00,2020-05-21T07:33:00,forexfactory,GE
2020-05-21T07:30:00,EUR,high,German Flash Manufacturing PMI,2020-05-21T07:27:00,2020-05-21T07:33:00,forexfactory,GE
2020-05-21T13:45:00,USD,high,Flash Manufacturing PMI,2020-05-21T13:42:00,2020-05-21T13:48:00,forexfactory,US
2020-05-21T18:30:00,USD,high,Fed Chairman Powell Speaks,2020-05-21T18:27:00,2020-05-21T18:33:00,forexfactory,US
2020-05-22T11:30:00,EUR,high,ECB Monetary Policy Meeting Accounts,2020-05-22T11:27:00,2020-05-22T11:33:00,forexfactory,EZ
2020-05-28T12:30:00,USD,high,Prelim GDP q/q,2020-05-28T12:27:00,2020-05-28T12:33:00,forexfactory,US
2020-05-29T15:00:00,USD,high,Fed Chairman Powell Speaks,2020-05-29T14:57:00,2020-05-29T15:03:00,forexfactory,US
2020-05-29T18:00:00,USD,high,President Trump Speaks,2020-05-29T17:57:00,2020-05-29T18:03:00,forexfactory,US
2020-06-01T14:00:00,USD,high,ISM Manufacturing PMI,2020-06-01T13:57:00,2020-06-01T14:03:00,forexfactory,US
2020-06-03T12:15:00,USD,high,ADP Non-Farm Employment Change,2020-06-03T12:12:00,2020-06-03T12:18:00,forexfactory,US
2020-06-03T14:00:00,USD,high,ISM Services PMI,2020-06-03T13:57:00,2020-06-03T14:03:00,forexfactory,US
2020-06-04T11:45:00,EUR,high,Main Refinancing Rate,2020-06-04T11:42:00,2020-06-04T11:48:00,forexfactory,EZ
2020-06-04T11:45:00,EUR,high,Monetary Policy Statement,2020-06-04T11:42:00,2020-06-04T11:48:00,forexfactory,EZ
2020-06-04T12:30:00,EUR,high,ECB Press Conference,2020-06-04T12:27:00,2020-06-04T12:33:00,forexfactory,EZ
2020-06-05T12:30:00,USD,high,Average Hourly Earnings m/m,2020-06-05T12:27:00,2020-06-05T12:33:00,forexfactory,US
2020-06-05T12:30:00,USD,high,Non-Farm Employment Change,2020-06-05T12:27:00,2020-06-05T12:33:00,forexfactory,US
2020-06-05T12:30:00,USD,high,Unemployment Rate,2020-06-05T12:27:00,2020-06-05T12:33:00,forexfactory,US
2020-06-08T13:45:00,EUR,high,ECB President Lagarde Speaks,2020-06-08T13:42:00,2020-06-08T13:48:00,forexfactory,EZ
2020-06-10T12:30:00,USD,high,CPI m/m,2020-06-10T12:27:00,2020-06-10T12:33:00,forexfactory,US
2020-06-10T12:30:00,USD,high,CPI y/y,2020-06-10T12:27:00,2020-06-10T12:33:00,forexfactory,US
2020-06-10T12:30:00,USD,high,Core CPI m/m,2020-06-10T12:27:00,2020-06-10T12:33:00,forexfactory,US
2020-06-10T18:00:00,USD,high,FOMC Economic Projections,2020-06-10T17:57:00,2020-06-10T18:03:00,forexfactory,US
2020-06-10T18:00:00,USD,high,FOMC Statement,2020-06-10T17:57:00,2020-06-10T18:03:00,forexfactory,US
2020-06-10T18:00:00,USD,high,Federal Funds Rate,2020-06-10T17:57:00,2020-06-10T18:03:00,forexfactory,US
2020-06-10T18:30:00,USD,high,FOMC Press Conference,2020-06-10T18:27:00,2020-06-10T18:33:00,forexfactory,US
2020-06-12T14:00:00,USD,high,Prelim UoM Consumer Sentiment,2020-06-12T13:57:00,2020-06-12T14:03:00,forexfactory,US
2020-06-15T18:00:00,USD,high,Fed Announcement,2020-06-15T17:57:00,2020-06-15T18:03:00,forexfactory,US
2020-06-16T12:30:00,USD,high,Core Retail Sales m/m,2020-06-16T12:27:00,2020-06-16T12:33:00,forexfactory,US
2020-06-16T12:30:00,USD,high,Retail Sales m/m,2020-06-16T12:27:00,2020-06-16T12:33:00,forexfactory,US
2020-06-16T14:00:00,USD,high,Fed Chairman Powell Testifies,2020-06-16T13:57:00,2020-06-16T14:03:00,forexfactory,US
2020-06-17T16:00:00,USD,high,Fed Chairman Powell Testifies,2020-06-17T15:57:00,2020-06-17T16:03:00,forexfactory,US
2020-06-23T07:15:00,EUR,high,French Flash Services PMI,2020-06-23T07:12:00,2020-06-23T07:18:00,forexfactory,FR
2020-06-23T07:30:00,EUR,high,German Flash Manufacturing PMI,2020-06-23T07:27:00,2020-06-23T07:33:00,forexfactory,GE
2020-06-23T07:30:00,EUR,high,German Flash Services PMI,2020-06-23T07:27:00,2020-06-23T07:33:00,forexfactory,GE
2020-06-26T07:00:00,EUR,high,ECB President Lagarde Speaks,2020-06-26T06:57:00,2020-06-26T07:03:00,forexfactory,EZ
2020-06-30T16:30:00,USD,high,Fed Chairman Powell Testifies,2020-06-30T16:27:00,2020-06-30T16:33:00,forexfactory,US
2020-07-01T12:15:00,USD,high,ADP Non-Farm Employment Change,2020-07-01T12:12:00,2020-07-01T12:18:00,forexfactory,US
2020-07-02T12:30:00,USD,high,Unemployment Rate,2020-07-02T12:27:00,2020-07-02T12:33:00,forexfactory,US
2020-07-02T12:30:00,USD,high,Non-Farm Employment Change,2020-07-02T12:27:00,2020-07-02T12:33:00,forexfactory,US
2020-07-02T12:30:00,USD,high,Average Hourly Earnings m/m,2020-07-02T12:27:00,2020-07-02T12:33:00,forexfactory,US
2020-07-02T13:30:00,USD,high,President Trump Speaks,2020-07-02T13:27:00,2020-07-02T13:33:00,forexfactory,US
2020-07-06T14:00:00,USD,high,ISM Services PMI,2020-07-06T13:57:00,2020-07-06T14:03:00,forexfactory,US
2020-07-14T12:30:00,USD,high,CPI y/y,2020-07-14T12:27:00,2020-07-14T12:33:00,forexfactory,US
2020-07-14T21:00:00,USD,high,President Trump Speaks,2020-07-14T20:57:00,2020-07-14T21:03:00,forexfactory,US
2020-07-16T11:45:00,EUR,high,Main Refinancing Rate,2020-07-16T11:42:00,2020-07-16T11:48:00,forexfactory,EZ
2020-07-16T11:45:00,EUR,high,Monetary Policy Statement,2020-07-16T11:42:00,2020-07-16T11:48:00,forexfactory,EZ
2020-07-16T12:30:00,USD,high,Core Retail Sales m/m,2020-07-16T12:27:00,2020-07-16T12:33:00,forexfactory,US
2020-07-16T12:30:00,USD,high,Retail Sales m/m,2020-07-16T12:27:00,2020-07-16T12:33:00,forexfactory,US
2020-07-16T12:30:00,EUR,high,ECB Press Conference,2020-07-16T12:27:00,2020-07-16T12:33:00,forexfactory,EZ
2020-07-18T10:15:00,EUR,high,EU Economic Summit,2020-07-18T10:12:00,2020-07-18T10:18:00,forexfactory,EZ
2020-07-21T21:00:00,USD,high,President Trump Speaks,2020-07-21T20:57:00,2020-07-21T21:03:00,forexfactory,US
2020-07-22T13:15:00,EUR,high,ECB President Lagarde Speaks,2020-07-22T13:12:00,2020-07-22T13:18:00,forexfactory,EZ
2020-07-24T07:15:00,EUR,high,French Flash Services PMI,2020-07-24T07:12:00,2020-07-24T07:18:00,forexfactory,FR
2020-07-24T07:30:00,EUR,high,German Flash Manufacturing PMI,2020-07-24T07:27:00,2020-07-24T07:33:00,forexfactory,GE
2020-07-24T07:30:00,EUR,high,German Flash Services PMI,2020-07-24T07:27:00,2020-07-24T07:33:00,forexfactory,GE
2020-07-28T13:30:00,USD,high,Fed Announcement,2020-07-28T13:27:00,2020-07-28T13:33:00,forexfactory,US
2020-07-29T14:00:00,USD,high,Pending Home Sales m/m,2020-07-29T13:57:00,2020-07-29T14:03:00,forexfactory,US
2020-07-29T18:00:00,USD,high,FOMC Statement,2020-07-29T17:57:00,2020-07-29T18:03:00,forexfactory,US
2020-07-29T18:30:00,USD,high,FOMC Press Conference,2020-07-29T18:27:00,2020-07-29T18:33:00,forexfactory,US
2020-07-30T08:00:00,EUR,high,German Prelim GDP q/q,2020-07-30T07:57:00,2020-07-30T08:03:00,forexfactory,GE
2020-07-30T12:30:00,USD,high,Advance GDP q/q,2020-07-30T12:27:00,2020-07-30T12:33:00,forexfactory,US
2020-08-03T14:00:00,USD,high,ISM Manufacturing PMI,2020-08-03T13:57:00,2020-08-03T14:03:00,forexfactory,US
2020-08-05T14:00:00,USD,high,ISM Services PMI,2020-08-05T13:57:00,2020-08-05T14:03:00,forexfactory,US
2020-08-07T12:30:00,USD,high,Non-Farm Employment Change,2020-08-07T12:27:00,2020-08-07T12:33:00,forexfactory,US
2020-08-07T12:30:00,USD,high,Unemployment Rate,2020-08-07T12:27:00,2020-08-07T12:33:00,forexfactory,US
2020-08-07T12:30:00,USD,high,Average Hourly Earnings m/m,2020-08-07T12:27:00,2020-08-07T12:33:00,forexfactory,US
2020-08-12T12:30:00,USD,high,Core CPI m/m,2020-08-12T12:27:00,2020-08-12T12:33:00,forexfactory,US
2020-08-12T12:30:00,USD,high,CPI m/m,2020-08-12T12:27:00,2020-08-12T12:33:00,forexfactory,US
2020-08-12T12:30:00,USD,high,CPI y/y,2020-08-12T12:27:00,2020-08-12T12:33:00,forexfactory,US
2020-08-14T12:30:00,USD,high,Core Retail Sales m/m,2020-08-14T12:27:00,2020-08-14T12:33:00,forexfactory,US
2020-08-14T12:30:00,USD,high,Retail Sales m/m,2020-08-14T12:27:00,2020-08-14T12:33:00,forexfactory,US
2020-08-21T07:15:00,EUR,high,French Flash Services PMI,2020-08-21T07:12:00,2020-08-21T07:18:00,forexfactory,FR
2020-08-21T07:30:00,EUR,high,German Flash Manufacturing PMI,2020-08-21T07:27:00,2020-08-21T07:33:00,forexfactory,GE
2020-08-21T07:30:00,EUR,high,German Flash Services PMI,2020-08-21T07:27:00,2020-08-21T07:33:00,forexfactory,GE
2020-08-27T13:10:00,USD,high,Fed Chairman Powell Speaks,2020-08-27T13:07:00,2020-08-27T13:13:00,forexfactory,US
2020-09-01T14:00:00,USD,high,ISM Manufacturing PMI,2020-09-01T13:57:00,2020-09-01T14:03:00,forexfactory,US
2020-09-02T12:15:00,USD,high,ADP Non-Farm Employment Change,2020-09-02T12:12:00,2020-09-02T12:18:00,forexfactory,US
2020-09-03T14:00:00,USD,high,ISM Services PMI,2020-09-03T13:57:00,2020-09-03T14:03:00,forexfactory,US
2020-09-04T12:30:00,USD,high,Average Hourly Earnings m/m,2020-09-04T12:27:00,2020-09-04T12:33:00,forexfactory,US
2020-09-04T12:30:00,USD,high,Non-Farm Employment Change,2020-09-04T12:27:00,2020-09-04T12:33:00,forexfactory,US
2020-09-04T12:30:00,USD,high,Unemployment Rate,2020-09-04T12:27:00,2020-09-04T12:33:00,forexfactory,US
2020-09-10T11:45:00,EUR,high,Main Refinancing Rate,2020-09-10T11:42:00,2020-09-10T11:48:00,forexfactory,EZ
2020-09-10T11:45:00,EUR,high,Monetary Policy Statement,2020-09-10T11:42:00,2020-09-10T11:48:00,forexfactory,EZ
2020-09-10T12:30:00,EUR,high,ECB Press Conference,2020-09-10T12:27:00,2020-09-10T12:33:00,forexfactory,EZ
2020-09-11T12:30:00,USD,high,CPI y/y,2020-09-11T12:27:00,2020-09-11T12:33:00,forexfactory,US
2020-09-16T12:30:00,USD,high,Core Retail Sales m/m,2020-09-16T12:27:00,2020-09-16T12:33:00,forexfactory,US
2020-09-16T18:00:00,USD,high,FOMC Economic Projections,2020-09-16T17:57:00,2020-09-16T18:03:00,forexfactory,US
2020-09-16T18:00:00,USD,high,FOMC Statement,2020-09-16T17:57:00,2020-09-16T18:03:00,forexfactory,US
2020-09-16T18:30:00,USD,high,FOMC Press Conference,2020-09-16T18:27:00,2020-09-16T18:33:00,forexfactory,US
2020-09-21T12:20:00,EUR,high,ECB President Lagarde Speaks,2020-09-21T12:17:00,2020-09-21T12:23:00,forexfactory,EZ
2020-09-21T14:00:00,USD,high,Fed Chairman Powell Speaks,2020-09-21T13:57:00,2020-09-21T14:03:00,forexfactory,US
2020-09-22T14:30:00,USD,high,Fed Chairman Powell Testifies,2020-09-22T14:27:00,2020-09-22T14:33:00,forexfactory,US
2020-09-23T07:15:00,EUR,high,French Flash Services PMI,2020-09-23T07:12:00,2020-09-23T07:18:00,forexfactory,FR
2020-09-23T07:30:00,EUR,high,German Flash Manufacturing PMI,2020-09-23T07:27:00,2020-09-23T07:33:00,forexfactory,GE
2020-09-23T07:30:00,EUR,high,German Flash Services PMI,2020-09-23T07:27:00,2020-09-23T07:33:00,forexfactory,GE
2020-09-23T13:45:00,USD,high,Flash Manufacturing PMI,2020-09-23T13:42:00,2020-09-23T13:48:00,forexfactory,US
2020-09-23T14:00:00,USD,high,Fed Chairman Powell Testifies,2020-09-23T13:57:00,2020-09-23T14:03:00,forexfactory,US
2020-09-24T14:00:00,USD,high,Fed Chairman Powell Testifies,2020-09-24T13:57:00,2020-09-24T14:03:00,forexfactory,US
2020-09-24T14:00:00,USD,high,Treasury Sec Mnuchin Speaks,2020-09-24T13:57:00,2020-09-24T14:03:00,forexfactory,US
2020-09-28T13:45:00,EUR,high,ECB President Lagarde Speaks,2020-09-28T13:42:00,2020-09-28T13:48:00,forexfactory,EZ
2020-09-30T07:20:00,EUR,high,ECB President Lagarde Speaks,2020-09-30T07:17:00,2020-09-30T07:23:00,forexfactory,EZ
2020-10-01T14:00:00,USD,high,ISM Manufacturing PMI,2020-10-01T13:57:00,2020-10-01T14:03:00,forexfactory,US
2020-10-02T12:30:00,USD,high,Non-Farm Employment Change,2020-10-02T12:27:00,2020-10-02T12:33:00,forexfactory,US
2020-10-02T12:30:00,USD,high,Unemployment Rate,2020-10-02T12:27:00,2020-10-02T12:33:00,forexfactory,US
2020-10-02T12:30:00,USD,high,Average Hourly Earnings m/m,2020-10-02T12:27:00,2020-10-02T12:33:00,forexfactory,US
2020-10-05T14:00:00,USD,high,ISM Services PMI,2020-10-05T13:57:00,2020-10-05T14:03:00,forexfactory,US
2020-10-06T14:40:00,USD,high,Fed Chairman Powell Speaks,2020-10-06T14:37:00,2020-10-06T14:43:00,forexfactory,US
2020-10-07T18:00:00,USD,high,FOMC Meeting Minutes,2020-10-07T17:57:00,2020-10-07T18:03:00,forexfactory,US
2020-10-13T12:30:00,USD,high,CPI y/y,2020-10-13T12:27:00,2020-10-13T12:33:00,forexfactory,US
2020-10-16T12:30:00,USD,high,Core Retail Sales m/m,2020-10-16T12:27:00,2020-10-16T12:33:00,forexfactory,US
2020-10-16T12:30:00,USD,high,Retail Sales m/m,2020-10-16T12:27:00,2020-10-16T12:33:00,forexfactory,US
2020-10-19T12:00:00,USD,high,Fed Chairman Powell Speaks,2020-10-19T11:57:00,2020-10-19T12:03:00,forexfactory,US
2020-10-23T07:15:00,EUR,high,French Flash Services PMI,2020-10-23T07:12:00,2020-10-23T07:18:00,forexfactory,FR
2020-10-23T07:30:00,EUR,high,German Flash Manufacturing PMI,2020-10-23T07:27:00,2020-10-23T07:33:00,forexfactory,GE
2020-10-23T07:30:00,EUR,high,German Flash Services PMI,2020-10-23T07:27:00,2020-10-23T07:33:00,forexfactory,GE
2020-10-29T12:30:00,USD,high,Advance GDP q/q,2020-10-29T12:27:00,2020-10-29T12:33:00,forexfactory,US
2020-10-29T12:45:00,EUR,high,Main Refinancing Rate,2020-10-29T12:42:00,2020-10-29T12:48:00,forexfactory,EZ
2020-10-29T12:45:00,EUR,high,Monetary Policy Statement,2020-10-29T12:42:00,2020-10-29T12:48:00,forexfactory,EZ
2020-10-29T13:30:00,EUR,high,ECB Press Conference,2020-10-29T13:27:00,2020-10-29T13:33:00,forexfactory,EZ
2020-10-30T15:00:00,USD,high,Fed Announcement,2020-10-30T14:57:00,2020-10-30T15:03:00,forexfactory,US
2020-11-02T15:00:00,USD,high,ISM Manufacturing PMI,2020-11-02T14:57:00,2020-11-02T15:03:00,forexfactory,US
2020-11-04T15:00:00,USD,high,ISM Services PMI,2020-11-04T14:57:00,2020-11-04T15:03:00,forexfactory,US
2020-11-05T19:00:00,USD,high,FOMC Statement,2020-11-05T18:57:00,2020-11-05T19:03:00,forexfactory,US
2020-11-05T19:30:00,USD,high,FOMC Press Conference,2020-11-05T19:27:00,2020-11-05T19:33:00,forexfactory,US
2020-11-06T13:30:00,USD,high,Average Hourly Earnings m/m,2020-11-06T13:27:00,2020-11-06T13:33:00,forexfactory,US
2020-11-06T13:30:00,USD,high,Non-Farm Employment Change,2020-11-06T13:27:00,2020-11-06T13:33:00,forexfactory,US
2020-11-06T13:30:00,USD,high,Unemployment Rate,2020-11-06T13:27:00,2020-11-06T13:33:00,forexfactory,US
2020-11-12T13:30:00,USD,high,CPI y/y,2020-11-12T13:27:00,2020-11-12T13:33:00,forexfactory,US
2020-11-12T16:45:00,EUR,high,ECB President Lagarde Speaks,2020-11-12T16:42:00,2020-11-12T16:48:00,forexfactory,EZ
2020-11-12T16:45:00,USD,high,Fed Chairman Powell Speaks,2020-11-12T16:42:00,2020-11-12T16:48:00,forexfactory,US
2020-11-17T13:30:00,USD,high,Retail Sales m/m,2020-11-17T13:27:00,2020-11-17T13:33:00,forexfactory,US
2020-11-17T13:30:00,USD,high,Core Retail Sales m/m,2020-11-17T13:27:00,2020-11-17T13:33:00,forexfactory,US
2020-11-17T18:00:00,USD,high,Fed Chairman Powell Speaks,2020-11-17T17:57:00,2020-11-17T18:03:00,forexfactory,US
2020-11-23T08:15:00,EUR,high,French Flash Services PMI,2020-11-23T08:12:00,2020-11-23T08:18:00,forexfactory,FR
2020-11-23T08:30:00,EUR,high,German Flash Manufacturing PMI,2020-11-23T08:27:00,2020-11-23T08:33:00,forexfactory,GE
2020-11-23T08:30:00,EUR,high,German Flash Services PMI,2020-11-23T08:27:00,2020-11-23T08:33:00,forexfactory,GE
2020-11-25T19:00:00,USD,high,FOMC Meeting Minutes,2020-11-25T18:57:00,2020-11-25T19:03:00,forexfactory,US
2020-12-01T15:00:00,USD,high,Fed Chairman Powell Testifies,2020-12-01T14:57:00,2020-12-01T15:03:00,forexfactory,US
2020-12-01T15:00:00,USD,high,ISM Manufacturing PMI,2020-12-01T14:57:00,2020-12-01T15:03:00,forexfactory,US
2020-12-02T15:00:00,USD,high,Fed Chairman Powell Testifies,2020-12-02T14:57:00,2020-12-02T15:03:00,forexfactory,US
2020-12-04T13:30:00,USD,high,Unemployment Rate,2020-12-04T13:27:00,2020-12-04T13:33:00,forexfactory,US
2020-12-04T13:30:00,USD,high,Average Hourly Earnings m/m,2020-12-04T13:27:00,2020-12-04T13:33:00,forexfactory,US
2020-12-04T13:30:00,USD,high,Non-Farm Employment Change,2020-12-04T13:27:00,2020-12-04T13:33:00,forexfactory,US
2020-12-10T10:15:00,EUR,high,EU Economic Summit,2020-12-10T10:12:00,2020-12-10T10:18:00,forexfactory,EZ
2020-12-10T12:45:00,EUR,high,Main Refinancing Rate,2020-12-10T12:42:00,2020-12-10T12:48:00,forexfactory,EZ
2020-12-10T12:45:00,EUR,high,Monetary Policy Statement,2020-12-10T12:42:00,2020-12-10T12:48:00,forexfactory,EZ
2020-12-10T13:30:00,EUR,high,ECB Press Conference,2020-12-10T13:27:00,2020-12-10T13:33:00,forexfactory,EZ
2020-12-10T13:30:00,USD,high,CPI y/y,2020-12-10T13:27:00,2020-12-10T13:33:00,forexfactory,US
2020-12-16T08:15:00,EUR,high,French Flash Services PMI,2020-12-16T08:12:00,2020-12-16T08:18:00,forexfactory,FR
2020-12-16T08:30:00,EUR,high,German Flash Services PMI,2020-12-16T08:27:00,2020-12-16T08:33:00,forexfactory,GE
2020-12-16T08:30:00,EUR,high,German Flash Manufacturing PMI,2020-12-16T08:27:00,2020-12-16T08:33:00,forexfactory,GE
2020-12-16T13:30:00,USD,high,Core Retail Sales m/m,2020-12-16T13:27:00,2020-12-16T13:33:00,forexfactory,US
2020-12-16T13:30:00,USD,high,Retail Sales m/m,2020-12-16T13:27:00,2020-12-16T13:33:00,forexfactory,US
2020-12-16T14:45:00,USD,high,Flash Manufacturing PMI,2020-12-16T14:42:00,2020-12-16T14:48:00,forexfactory,US
2020-12-16T19:00:00,USD,high,FOMC Economic Projections,2020-12-16T18:57:00,2020-12-16T19:03:00,forexfactory,US
2020-12-16T19:00:00,USD,high,FOMC Statement,2020-12-16T18:57:00,2020-12-16T19:03:00,forexfactory,US
2020-12-16T19:30:00,USD,high,FOMC Press Conference,2020-12-16T19:27:00,2020-12-16T19:33:00,forexfactory,US
2021-01-06T19:00:00,USD,high,FOMC Meeting Minutes,2021-01-06T18:57:00,2021-01-06T19:03:00,forexfactory,US
2021-01-08T13:30:00,USD,high,Unemployment Rate,2021-01-08T13:27:00,2021-01-08T13:33:00,forexfactory,US
2021-01-08T13:30:00,USD,high,Non-Farm Employment Change,2021-01-08T13:27:00,2021-01-08T13:33:00,forexfactory,US
2021-01-08T13:30:00,USD,high,Average Hourly Earnings m/m,2021-01-08T13:27:00,2021-01-08T13:33:00,forexfactory,US
2021-01-13T13:30:00,USD,high,CPI y/y,2021-01-13T13:27:00,2021-01-13T13:33:00,forexfactory,US
2021-01-14T17:30:00,USD,high,Fed Chairman Powell Speaks,2021-01-14T17:27:00,2021-01-14T17:33:00,forexfactory,US
2021-01-15T00:15:00,USD,high,President Biden Speaks,2021-01-15T00:12:00,2021-01-15T00:18:00,forexfactory,US
2021-01-15T13:30:00,USD,high,Core Retail Sales m/m,2021-01-15T13:27:00,2021-01-15T13:33:00,forexfactory,US
2021-01-15T13:30:00,USD,high,Retail Sales m/m,2021-01-15T13:27:00,2021-01-15T13:33:00,forexfactory,US
2021-01-20T16:52:00,USD,high,President Biden Speaks,2021-01-20T16:49:00,2021-01-20T16:55:00,forexfactory,US
2021-01-21T12:45:00,EUR,high,Monetary Policy Statement,2021-01-21T12:42:00,2021-01-21T12:48:00,forexfactory,EZ
2021-01-21T13:30:00,EUR,high,ECB Press Conference,2021-01-21T13:27:00,2021-01-21T13:33:00,forexfactory,EZ
2021-01-22T08:15:00,EUR,high,French Flash Services PMI,2021-01-22T08:12:00,2021-01-22T08:18:00,forexfactory,FR
2021-01-22T08:30:00,EUR,high,German Flash Manufacturing PMI,2021-01-22T08:27:00,2021-01-22T08:33:00,forexfactory,GE
2021-01-22T08:30:00,EUR,high,German Flash Services PMI,2021-01-22T08:27:00,2021-01-22T08:33:00,forexfactory,GE
2021-01-27T19:00:00,USD,high,FOMC Statement,2021-01-27T18:57:00,2021-01-27T19:03:00,forexfactory,US
2021-01-27T19:30:00,USD,high,FOMC Press Conference,2021-01-27T19:27:00,2021-01-27T19:33:00,forexfactory,US
2021-01-28T13:30:00,USD,high,Advance GDP q/q,2021-01-28T13:27:00,2021-01-28T13:33:00,forexfactory,US
2021-02-01T15:00:00,USD,high,ISM Manufacturing PMI,2021-02-01T14:57:00,2021-02-01T15:03:00,forexfactory,US
2021-02-05T13:30:00,USD,high,Unemployment Rate,2021-02-05T13:27:00,2021-02-05T13:33:00,forexfactory,US
2021-02-05T13:30:00,USD,high,Non-Farm Employment Change,2021-02-05T13:27:00,2021-02-05T13:33:00,forexfactory,US
2021-02-05T13:30:00,USD,high,Average Hourly Earnings m/m,2021-02-05T13:27:00,2021-02-05T13:33:00,forexfactory,US
2021-02-10T13:30:00,USD,high,CPI m/m,2021-02-10T13:27:00,2021-02-10T13:33:00,forexfactory,US
2021-02-10T13:30:00,USD,high,CPI y/y,2021-02-10T13:27:00,2021-02-10T13:33:00,forexfactory,US
2021-02-10T19:00:00,USD,high,Fed Chairman Powell Speaks,2021-02-10T18:57:00,2021-02-10T19:03:00,forexfactory,US
2021-02-17T13:30:00,USD,high,Core Retail Sales m/m,2021-02-17T13:27:00,2021-02-17T13:33:00,forexfactory,US
2021-02-17T13:30:00,USD,high,Retail Sales m/m,2021-02-17T13:27:00,2021-02-17T13:33:00,forexfactory,US
2021-02-19T08:15:00,EUR,high,French Flash Services PMI,2021-02-19T08:12:00,2021-02-19T08:18:00,forexfactory,FR
2021-02-19T08:30:00,EUR,high,German Flash Manufacturing PMI,2021-02-19T08:27:00,2021-02-19T08:33:00,forexfactory,GE
2021-02-19T08:30:00,EUR,high,German Flash Services PMI,2021-02-19T08:27:00,2021-02-19T08:33:00,forexfactory,GE
2021-02-23T15:00:00,USD,high,Fed Chairman Powell Testifies,2021-02-23T14:57:00,2021-02-23T15:03:00,forexfactory,US
2021-02-24T15:00:00,USD,high,Fed Chairman Powell Testifies,2021-02-24T14:57:00,2021-02-24T15:03:00,forexfactory,US
2021-03-01T15:00:00,USD,high,ISM Manufacturing PMI,2021-03-01T14:57:00,2021-03-01T15:03:00,forexfactory,US
2021-03-04T17:05:00,USD,high,Fed Chairman Powell Speaks,2021-03-04T17:02:00,2021-03-04T17:08:00,forexfactory,US
2021-03-05T13:30:00,USD,high,Average Hourly Earnings m/m,2021-03-05T13:27:00,2021-03-05T13:33:00,forexfactory,US
2021-03-05T13:30:00,USD,high,Non-Farm Employment Change,2021-03-05T13:27:00,2021-03-05T13:33:00,forexfactory,US
2021-03-05T13:30:00,USD,high,Unemployment Rate,2021-03-05T13:27:00,2021-03-05T13:33:00,forexfactory,US
2021-03-10T12:30:00,USD,high,CPI y/y,2021-03-10T12:27:00,2021-03-10T12:33:00,forexfactory,US
2021-03-10T13:30:00,USD,high,Core CPI m/m,2021-03-10T13:27:00,2021-03-10T13:33:00,forexfactory,US
2021-03-10T13:30:00,USD,high,CPI m/m,2021-03-10T13:27:00,2021-03-10T13:33:00,forexfactory,US
2021-03-11T12:45:00,EUR,high,Monetary Policy Statement,2021-03-11T12:42:00,2021-03-11T12:48:00,forexfactory,EZ
2021-03-11T13:30:00,EUR,high,ECB Press Conference,2021-03-11T13:27:00,2021-03-11T13:33:00,forexfactory,EZ
2021-03-16T12:30:00,USD,high,Core Retail Sales m/m,2021-03-16T12:27:00,2021-03-16T12:33:00,forexfactory,US
2021-03-16T12:30:00,USD,high,Retail Sales m/m,2021-03-16T12:27:00,2021-03-16T12:33:00,forexfactory,US
2021-03-17T18:00:00,USD,high,FOMC Economic Projections,2021-03-17T17:57:00,2021-03-17T18:03:00,forexfactory,US
2021-03-17T18:00:00,USD,high,FOMC Statement,2021-03-17T17:57:00,2021-03-17T18:03:00,forexfactory,US
2021-03-17T18:30:00,USD,high,FOMC Press Conference,2021-03-17T18:27:00,2021-03-17T18:33:00,forexfactory,US
2021-03-18T15:55:00,USD,high,Fed Chairman Powell Speaks,2021-03-18T15:52:00,2021-03-18T15:58:00,forexfactory,US
2021-03-19T13:00:00,USD,high,Fed Announcement,2021-03-19T12:57:00,2021-03-19T13:03:00,forexfactory,US
2021-03-22T13:00:00,USD,high,Fed Chairman Powell Speaks,2021-03-22T12:57:00,2021-03-22T13:03:00,forexfactory,US
2021-03-23T16:00:00,USD,high,Fed Chairman Powell Testifies,2021-03-23T15:57:00,2021-03-23T16:03:00,forexfactory,US
2021-03-24T08:15:00,EUR,high,French Flash Services PMI,2021-03-24T08:12:00,2021-03-24T08:18:00,forexfactory,FR
2021-03-24T08:30:00,EUR,high,German Flash Manufacturing PMI,2021-03-24T08:27:00,2021-03-24T08:33:00,forexfactory,GE
2021-03-24T08:30:00,EUR,high,German Flash Services PMI,2021-03-24T08:27:00,2021-03-24T08:33:00,forexfactory,GE
2021-03-24T14:00:00,USD,high,Fed Chairman Powell Testifies,2021-03-24T13:57:00,2021-03-24T14:03:00,forexfactory,US
2021-03-31T12:15:00,USD,high,ADP Non-Farm Employment Change,2021-03-31T12:12:00,2021-03-31T12:18:00,forexfactory,US
2021-03-31T20:20:00,USD,high,President Biden Speaks,2021-03-31T20:17:00,2021-03-31T20:23:00,forexfactory,US
2021-04-02T12:30:00,USD,high,Average Hourly Earnings m/m,2021-04-02T12:27:00,2021-04-02T12:33:00,forexfactory,US
2021-04-02T12:30:00,USD,high,Non-Farm Employment Change,2021-04-02T12:27:00,2021-04-02T12:33:00,forexfactory,US
2021-04-02T12:30:00,USD,high,Unemployment Rate,2021-04-02T12:27:00,2021-04-02T12:33:00,forexfactory,US
2021-04-05T15:00:00,USD,high,Treasury Sec Yellen Speaks,2021-04-05T14:57:00,2021-04-05T15:03:00,forexfactory,US
2021-04-07T17:45:00,USD,high,President Biden Speaks,2021-04-07T17:42:00,2021-04-07T17:48:00,forexfactory,US
2021-04-07T18:00:00,USD,high,FOMC Meeting Minutes,2021-04-07T17:57:00,2021-04-07T18:03:00,forexfactory,US
2021-04-08T16:00:00,USD,high,Fed Chairman Powell Speaks,2021-04-08T15:57:00,2021-04-08T16:03:00,forexfactory,US
2021-04-11T23:00:00,USD,high,Fed Chairman Powell Speaks,2021-04-11T22:57:00,2021-04-11T23:03:00,forexfactory,US
2021-04-13T12:30:00,USD,high,Core CPI m/m,2021-04-13T12:27:00,2021-04-13T12:33:00,forexfactory,US
2021-04-13T12:30:00,USD,high,CPI m/m,2021-04-13T12:27:00,2021-04-13T12:33:00,forexfactory,US
2021-04-13T12:30:00,USD,high,CPI y/y,2021-04-13T12:27:00,2021-04-13T12:33:00,forexfactory,US
2021-04-14T16:00:00,USD,high,Fed Chairman Powell Speaks,2021-04-14T15:57:00,2021-04-14T16:03:00,forexfactory,US
2021-04-15T12:30:00,USD,high,Core Retail Sales m/m,2021-04-15T12:27:00,2021-04-15T12:33:00,forexfactory,US
2021-04-15T12:30:00,USD,high,Retail Sales m/m,2021-04-15T12:27:00,2021-04-15T12:33:00,forexfactory,US
2021-04-22T11:45:00,EUR,high,Monetary Policy Statement,2021-04-22T11:42:00,2021-04-22T11:48:00,forexfactory,EZ
2021-04-22T12:30:00,EUR,high,ECB Press Conference,2021-04-22T12:27:00,2021-04-22T12:33:00,forexfactory,EZ
2021-04-23T07:15:00,EUR,high,French Flash Services PMI,2021-04-23T07:12:00,2021-04-23T07:18:00,forexfactory,FR
2021-04-23T07:30:00,EUR,high,German Flash Services PMI,2021-04-23T07:27:00,2021-04-23T07:33:00,forexfactory,GE
2021-04-23T07:30:00,EUR,high,German Flash Manufacturing PMI,2021-04-23T07:27:00,2021-04-23T07:33:00,forexfactory,GE
2021-04-28T18:00:00,USD,high,FOMC Statement,2021-04-28T17:57:00,2021-04-28T18:03:00,forexfactory,US
2021-04-28T18:30:00,USD,high,FOMC Press Conference,2021-04-28T18:27:00,2021-04-28T18:33:00,forexfactory,US
2021-04-29T01:00:00,USD,high,President Biden Speaks,2021-04-29T00:57:00,2021-04-29T01:03:00,forexfactory,US
2021-04-29T12:30:00,USD,high,Advance GDP q/q,2021-04-29T12:27:00,2021-04-29T12:33:00,forexfactory,US
2021-05-03T18:20:00,USD,high,Fed Chairman Powell Speaks,2021-05-03T18:17:00,2021-05-03T18:23:00,forexfactory,US
2021-05-07T12:30:00,USD,high,Average Hourly Earnings m/m,2021-05-07T12:27:00,2021-05-07T12:33:00,forexfactory,US
2021-05-07T12:30:00,USD,high,Non-Farm Employment Change,2021-05-07T12:27:00,2021-05-07T12:33:00,forexfactory,US
2021-05-07T12:30:00,USD,high,Unemployment Rate,2021-05-07T12:27:00,2021-05-07T12:33:00,forexfactory,US
2021-05-07T16:30:00,USD,high,Treasury Sec Yellen Speaks,2021-05-07T16:27:00,2021-05-07T16:33:00,forexfactory,US
2021-05-12T12:30:00,USD,high,CPI m/m,2021-05-12T12:27:00,2021-05-12T12:33:00,forexfactory,US
2021-05-12T12:30:00,USD,high,CPI y/y,2021-05-12T12:27:00,2021-05-12T12:33:00,forexfactory,US
2021-05-12T12:30:00,USD,high,Core CPI m/m,2021-05-12T12:27:00,2021-05-12T12:33:00,forexfactory,US
2021-05-14T12:30:00,USD,high,Retail Sales m/m,2021-05-14T12:27:00,2021-05-14T12:33:00,forexfactory,US
2021-05-14T12:32:00,USD,high,Core Retail Sales m/m,2021-05-14T12:29:00,2021-05-14T12:35:00,forexfactory,US
2021-05-21T07:30:00,EUR,high,German Flash Manufacturing PMI,2021-05-21T07:27:00,2021-05-21T07:33:00,forexfactory,GE
2021-05-21T07:30:00,EUR,high,German Flash Services PMI,2021-05-21T07:27:00,2021-05-21T07:33:00,forexfactory,GE
2021-05-27T12:30:00,USD,high,Prelim GDP q/q,2021-05-27T12:27:00,2021-05-27T12:33:00,forexfactory,US
2021-06-01T14:00:00,USD,high,ISM Manufacturing PMI,2021-06-01T13:57:00,2021-06-01T14:03:00,forexfactory,US
2021-06-03T14:00:00,USD,high,ISM Services PMI,2021-06-03T13:57:00,2021-06-03T14:03:00,forexfactory,US
2021-06-04T11:00:00,USD,high,Fed Chairman Powell Speaks,2021-06-04T10:57:00,2021-06-04T11:03:00,forexfactory,US
2021-06-04T12:30:00,USD,high,Average Hourly Earnings m/m,2021-06-04T12:27:00,2021-06-04T12:33:00,forexfactory,US
2021-06-04T12:30:00,USD,high,Non-Farm Employment Change,2021-06-04T12:27:00,2021-06-04T12:33:00,forexfactory,US
2021-06-04T12:30:00,USD,high,Unemployment Rate,2021-06-04T12:27:00,2021-06-04T12:33:00,forexfactory,US
2021-06-10T11:45:00,EUR,high,Monetary Policy Statement,2021-06-10T11:42:00,2021-06-10T11:48:00,forexfactory,EZ
2021-06-10T12:30:00,EUR,high,ECB Press Conference,2021-06-10T12:27:00,2021-06-10T12:33:00,forexfactory,EZ
2021-06-10T12:30:00,USD,high,CPI m/m,2021-06-10T12:27:00,2021-06-10T12:33:00,forexfactory,US
2021-06-10T12:30:00,USD,high,CPI y/y,2021-06-10T12:27:00,2021-06-10T12:33:00,forexfactory,US
2021-06-10T12:30:00,USD,high,Core CPI m/m,2021-06-10T12:27:00,2021-06-10T12:33:00,forexfactory,US
2021-06-15T12:30:00,USD,high,Core Retail Sales m/m,2021-06-15T12:27:00,2021-06-15T12:33:00,forexfactory,US
2021-06-15T12:30:00,USD,high,PPI m/m,2021-06-15T12:27:00,2021-06-15T12:33:00,forexfactory,US
2021-06-15T12:30:00,USD,high,Retail Sales m/m,2021-06-15T12:27:00,2021-06-15T12:33:00,forexfactory,US
2021-06-16T14:00:00,USD,high,Treasury Sec Yellen Speaks,2021-06-16T13:57:00,2021-06-16T14:03:00,forexfactory,US
2021-06-16T18:00:00,USD,high,FOMC Economic Projections,2021-06-16T17:57:00,2021-06-16T18:03:00,forexfactory,US
2021-06-16T18:00:00,USD,high,FOMC Statement,2021-06-16T17:57:00,2021-06-16T18:03:00,forexfactory,US
2021-06-16T18:30:00,USD,high,FOMC Press Conference,2021-06-16T18:27:00,2021-06-16T18:33:00,forexfactory,US
2021-06-21T14:15:00,EUR,high,ECB President Lagarde Speaks,2021-06-21T14:12:00,2021-06-21T14:18:00,forexfactory,EZ
2021-06-22T18:00:00,USD,high,Fed Chairman Powell Testifies,2021-06-22T17:57:00,2021-06-22T18:03:00,forexfactory,US
2021-06-23T07:30:00,EUR,high,German Flash Manufacturing PMI,2021-06-23T07:27:00,2021-06-23T07:33:00,forexfactory,GE
2021-06-23T07:30:00,EUR,high,German Flash Services PMI,2021-06-23T07:27:00,2021-06-23T07:33:00,forexfactory,GE
2021-06-23T13:45:00,USD,high,Flash Manufacturing PMI,2021-06-23T13:42:00,2021-06-23T13:48:00,forexfactory,US
2021-06-23T13:45:00,USD,high,Flash Services PMI,2021-06-23T13:42:00,2021-06-23T13:48:00,forexfactory,US
2021-07-01T14:00:00,USD,high,ISM Manufacturing PMI,2021-07-01T13:57:00,2021-07-01T14:03:00,forexfactory,US
2021-07-02T12:30:00,USD,high,Non-Farm Employment Change,2021-07-02T12:27:00,2021-07-02T12:33:00,forexfactory,US
2021-07-02T12:30:00,USD,high,Unemployment Rate,2021-07-02T12:27:00,2021-07-02T12:33:00,forexfactory,US
2021-07-02T12:30:00,USD,high,Average Hourly Earnings m/m,2021-07-02T12:27:00,2021-07-02T12:33:00,forexfactory,US
2021-07-06T14:00:00,USD,high,ISM Services PMI,2021-07-06T13:57:00,2021-07-06T14:03:00,forexfactory,US
2021-07-07T18:00:00,USD,high,FOMC Meeting Minutes,2021-07-07T17:57:00,2021-07-07T18:03:00,forexfactory,US
2021-07-13T12:30:00,USD,high,CPI m/m,2021-07-13T12:27:00,2021-07-13T12:33:00,forexfactory,US
2021-07-13T12:30:00,USD,high,CPI y/y,2021-07-13T12:27:00,2021-07-13T12:33:00,forexfactory,US
2021-07-13T12:30:00,USD,high,Core CPI m/m,2021-07-13T12:27:00,2021-07-13T12:33:00,forexfactory,US
2021-07-14T12:30:00,USD,high,PPI m/m,2021-07-14T12:27:00,2021-07-14T12:33:00,forexfactory,US
2021-07-14T16:00:00,USD,high,Fed Chairman Powell Testifies,2021-07-14T15:57:00,2021-07-14T16:03:00,forexfactory,US
2021-07-15T13:30:00,USD,high,Fed Chairman Powell Testifies,2021-07-15T13:27:00,2021-07-15T13:33:00,forexfactory,US
2021-07-16T12:30:00,USD,high,Retail Sales m/m,2021-07-16T12:27:00,2021-07-16T12:33:00,forexfactory,US
2021-07-16T12:30:00,USD,high,Core Retail Sales m/m,2021-07-16T12:27:00,2021-07-16T12:33:00,forexfactory,US
2021-07-22T11:45:00,EUR,high,Monetary Policy Statement,2021-07-22T11:42:00,2021-07-22T11:48:00,forexfactory,EZ
2021-07-22T12:30:00,EUR,high,ECB Press Conference,2021-07-22T12:27:00,2021-07-22T12:33:00,forexfactory,EZ
2021-07-23T07:30:00,EUR,high,German Flash Manufacturing PMI,2021-07-23T07:27:00,2021-07-23T07:33:00,forexfactory,GE
2021-07-23T07:30:00,EUR,high,German Flash Services PMI,2021-07-23T07:27:00,2021-07-23T07:33:00,forexfactory,GE
2021-07-27T14:00:00,USD,high,CB Consumer Confidence,2021-07-27T13:57:00,2021-07-27T14:03:00,forexfactory,US
2021-07-28T18:00:00,USD,high,FOMC Statement,2021-07-28T17:57:00,2021-07-28T18:03:00,forexfactory,US
2021-07-28T18:30:00,USD,high,FOMC Press Conference,2021-07-28T18:27:00,2021-07-28T18:33:00,forexfactory,US
2021-07-29T12:30:00,USD,high,Advance GDP q/q,2021-07-29T12:27:00,2021-07-29T12:33:00,forexfactory,US
2021-07-30T12:30:00,USD,high,Core PCE Price Index m/m,2021-07-30T12:27:00,2021-07-30T12:33:00,forexfactory,US
2021-08-02T14:00:00,USD,high,ISM Manufacturing PMI,2021-08-02T13:57:00,2021-08-02T14:03:00,forexfactory,US
2021-08-04T12:15:00,USD,high,ADP Non-Farm Employment Change,2021-08-04T12:12:00,2021-08-04T12:18:00,forexfactory,US
2021-08-04T14:00:00,USD,high,ISM Services PMI,2021-08-04T13:57:00,2021-08-04T14:03:00,forexfactory,US
2021-08-06T12:30:00,USD,high,Average Hourly Earnings m/m,2021-08-06T12:27:00,2021-08-06T12:33:00,forexfactory,US
2021-08-06T12:30:00,USD,high,Non-Farm Employment Change,2021-08-06T12:27:00,2021-08-06T12:33:00,forexfactory,US
2021-08-06T12:30:00,USD,high,Unemployment Rate,2021-08-06T12:27:00,2021-08-06T12:33:00,forexfactory,US
2021-08-11T12:30:00,USD,high,Core CPI m/m,2021-08-11T12:27:00,2021-08-11T12:33:00,forexfactory,US
2021-08-11T12:30:00,USD,high,CPI y/y,2021-08-11T12:27:00,2021-08-11T12:33:00,forexfactory,US
2021-08-11T12:30:00,USD,high,CPI m/m,2021-08-11T12:27:00,2021-08-11T12:33:00,forexfactory,US
2021-08-12T12:30:00,USD,high,PPI m/m,2021-08-12T12:27:00,2021-08-12T12:33:00,forexfactory,US
2021-08-17T12:30:00,USD,high,Core Retail Sales m/m,2021-08-17T12:27:00,2021-08-17T12:33:00,forexfactory,US
2021-08-17T12:30:00,USD,high,Retail Sales m/m,2021-08-17T12:27:00,2021-08-17T12:33:00,forexfactory,US
2021-08-17T17:30:00,USD,high,Fed Chairman Powell Speaks,2021-08-17T17:27:00,2021-08-17T17:33:00,forexfactory,US
2021-08-18T18:00:00,USD,high,FOMC Meeting Minutes,2021-08-18T17:57:00,2021-08-18T18:03:00,forexfactory,US
2021-08-23T07:30:00,EUR,high,German Flash Manufacturing PMI,2021-08-23T07:27:00,2021-08-23T07:33:00,forexfactory,GE
2021-08-23T07:30:00,EUR,high,German Flash Services PMI,2021-08-23T07:27:00,2021-08-23T07:33:00,forexfactory,GE
2021-08-26T12:30:00,USD,high,Prelim GDP q/q,2021-08-26T12:27:00,2021-08-26T12:33:00,forexfactory,US
2021-08-27T12:30:00,USD,high,Core PCE Price Index m/m,2021-08-27T12:27:00,2021-08-27T12:33:00,forexfactory,US
2021-08-27T14:00:00,USD,high,Fed Chairman Powell Speaks,2021-08-27T13:57:00,2021-08-27T14:03:00,forexfactory,US
2021-09-01T12:15:00,USD,high,ADP Non-Farm Employment Change,2021-09-01T12:12:00,2021-09-01T12:18:00,forexfactory,US
2021-09-01T14:00:00,USD,high,ISM Manufacturing PMI,2021-09-01T13:57:00,2021-09-01T14:03:00,forexfactory,US
2021-09-03T12:30:00,USD,high,Average Hourly Earnings m/m,2021-09-03T12:27:00,2021-09-03T12:33:00,forexfactory,US
2021-09-03T12:30:00,USD,high,Non-Farm Employment Change,2021-09-03T12:27:00,2021-09-03T12:33:00,forexfactory,US
2021-09-03T12:30:00,USD,high,Unemployment Rate,2021-09-03T12:27:00,2021-09-03T12:33:00,forexfactory,US
2021-09-03T14:00:00,USD,high,ISM Services PMI,2021-09-03T13:57:00,2021-09-03T14:03:00,forexfactory,US
2021-09-09T11:45:00,EUR,high,Monetary Policy Statement,2021-09-09T11:42:00,2021-09-09T11:48:00,forexfactory,EZ
2021-09-09T12:30:00,EUR,high,ECB Press Conference,2021-09-09T12:27:00,2021-09-09T12:33:00,forexfactory,EZ
2021-09-10T12:30:00,USD,high,PPI m/m,2021-09-10T12:27:00,2021-09-10T12:33:00,forexfactory,US
2021-09-14T12:30:00,USD,high,CPI m/m,2021-09-14T12:27:00,2021-09-14T12:33:00,forexfactory,US
2021-09-14T12:30:00,USD,high,CPI y/y,2021-09-14T12:27:00,2021-09-14T12:33:00,forexfactory,US
2021-09-14T12:30:00,USD,high,Core CPI m/m,2021-09-14T12:27:00,2021-09-14T12:33:00,forexfactory,US
2021-09-16T12:30:00,USD,high,Core Retail Sales m/m,2021-09-16T12:27:00,2021-09-16T12:33:00,forexfactory,US
2021-09-16T12:30:00,USD,high,Retail Sales m/m,2021-09-16T12:27:00,2021-09-16T12:33:00,forexfactory,US
2021-09-22T18:00:00,USD,high,FOMC Economic Projections,2021-09-22T17:57:00,2021-09-22T18:03:00,forexfactory,US
2021-09-22T18:00:00,USD,high,FOMC Statement,2021-09-22T17:57:00,2021-09-22T18:03:00,forexfactory,US
2021-09-22T18:30:00,USD,high,FOMC Press Conference,2021-09-22T18:27:00,2021-09-22T18:33:00,forexfactory,US
2021-09-23T07:30:00,EUR,high,German Flash Manufacturing PMI,2021-09-23T07:27:00,2021-09-23T07:33:00,forexfactory,GE
2021-09-23T07:30:00,EUR,high,German Flash Services PMI,2021-09-23T07:27:00,2021-09-23T07:33:00,forexfactory,GE
2021-09-24T14:00:00,USD,high,Fed Chairman Powell Speaks,2021-09-24T13:57:00,2021-09-24T14:03:00,forexfactory,US
2021-09-28T14:00:00,USD,high,Fed Chairman Powell Testifies,2021-09-28T13:57:00,2021-09-28T14:03:00,forexfactory,US
2021-09-29T15:45:00,USD,high,Fed Chairman Powell Speaks,2021-09-29T15:42:00,2021-09-29T15:48:00,forexfactory,US
2021-09-30T14:00:00,USD,high,Fed Chairman Powell Testifies,2021-09-30T13:57:00,2021-09-30T14:03:00,forexfactory,US
2021-10-01T12:30:00,USD,high,Core PCE Price Index m/m,2021-10-01T12:27:00,2021-10-01T12:33:00,forexfactory,US
2021-10-01T14:00:00,USD,high,ISM Manufacturing PMI,2021-10-01T13:57:00,2021-10-01T14:03:00,forexfactory,US
2021-10-05T14:00:00,USD,high,ISM Services PMI,2021-10-05T13:57:00,2021-10-05T14:03:00,forexfactory,US
2021-10-06T12:15:00,USD,high,ADP Non-Farm Employment Change,2021-10-06T12:12:00,2021-10-06T12:18:00,forexfactory,US
2021-10-08T12:30:00,USD,high,Average Hourly Earnings m/m,2021-10-08T12:27:00,2021-10-08T12:33:00,forexfactory,US
2021-10-08T12:30:00,USD,high,Non-Farm Employment Change,2021-10-08T12:27:00,2021-10-08T12:33:00,forexfactory,US
2021-10-08T12:30:00,USD,high,Unemployment Rate,2021-10-08T12:27:00,2021-10-08T12:33:00,forexfactory,US
2021-10-13T12:30:00,USD,high,CPI m/m,2021-10-13T12:27:00,2021-10-13T12:33:00,forexfactory,US
2021-10-13T12:30:00,USD,high,CPI y/y,2021-10-13T12:27:00,2021-10-13T12:33:00,forexfactory,US
2021-10-13T12:30:00,USD,high,Core CPI m/m,2021-10-13T12:27:00,2021-10-13T12:33:00,forexfactory,US
2021-10-13T18:00:00,USD,high,FOMC Meeting Minutes,2021-10-13T17:57:00,2021-10-13T18:03:00,forexfactory,US
2021-10-14T12:30:00,USD,high,PPI m/m,2021-10-14T12:27:00,2021-10-14T12:33:00,forexfactory,US
2021-10-15T12:30:00,USD,high,Core Retail Sales m/m,2021-10-15T12:27:00,2021-10-15T12:33:00,forexfactory,US
2021-10-15T12:30:00,USD,high,Retail Sales m/m,2021-10-15T12:27:00,2021-10-15T12:33:00,forexfactory,US
2021-10-22T07:30:00,EUR,high,German Flash Manufacturing PMI,2021-10-22T07:27:00,2021-10-22T07:33:00,forexfactory,GE
2021-10-22T07:30:00,EUR,high,German Flash Services PMI,2021-10-22T07:27:00,2021-10-22T07:33:00,forexfactory,GE
2021-10-22T15:00:00,USD,high,Fed Chairman Powell Speaks,2021-10-22T14:57:00,2021-10-22T15:03:00,forexfactory,US
2021-10-28T11:45:00,EUR,high,Monetary Policy Statement,2021-10-28T11:42:00,2021-10-28T11:48:00,forexfactory,EZ
2021-10-28T12:30:00,EUR,high,ECB Press Conference,2021-10-28T12:27:00,2021-10-28T12:33:00,forexfactory,EZ
2021-10-28T12:30:00,USD,high,Advance GDP q/q,2021-10-28T12:27:00,2021-10-28T12:33:00,forexfactory,US
2021-10-29T12:30:00,USD,high,Core PCE Price Index m/m,2021-10-29T12:27:00,2021-10-29T12:33:00,forexfactory,US
2021-11-01T14:00:00,USD,high,ISM Manufacturing PMI,2021-11-01T13:57:00,2021-11-01T14:03:00,forexfactory,US
2021-11-03T12:15:00,USD,high,ADP Non-Farm Employment Change,2021-11-03T12:12:00,2021-11-03T12:18:00,forexfactory,US
2021-11-03T14:00:00,USD,high,ISM Services PMI,2021-11-03T13:57:00,2021-11-03T14:03:00,forexfactory,US
2021-11-03T18:00:00,USD,high,FOMC Statement,2021-11-03T17:57:00,2021-11-03T18:03:00,forexfactory,US
2021-11-03T18:00:00,USD,high,Federal Funds Rate,2021-11-03T17:57:00,2021-11-03T18:03:00,forexfactory,US
2021-11-03T18:30:00,USD,high,FOMC Press Conference,2021-11-03T18:27:00,2021-11-03T18:33:00,forexfactory,US
2021-11-05T12:30:00,USD,high,Non-Farm Employment Change,2021-11-05T12:27:00,2021-11-05T12:33:00,forexfactory,US
2021-11-05T12:30:00,USD,high,Unemployment Rate,2021-11-05T12:27:00,2021-11-05T12:33:00,forexfactory,US
2021-11-05T12:30:00,USD,high,Average Hourly Earnings m/m,2021-11-05T12:27:00,2021-11-05T12:33:00,forexfactory,US
2021-11-08T15:30:00,USD,high,Fed Chairman Powell Speaks,2021-11-08T15:27:00,2021-11-08T15:33:00,forexfactory,US
2021-11-09T13:30:00,USD,high,PPI m/m,2021-11-09T13:27:00,2021-11-09T13:33:00,forexfactory,US
2021-11-09T14:00:00,USD,high,Fed Chairman Powell Speaks,2021-11-09T13:57:00,2021-11-09T14:03:00,forexfactory,US
2021-11-10T13:30:00,USD,high,CPI m/m,2021-11-10T13:27:00,2021-11-10T13:33:00,forexfactory,US
2021-11-10T13:30:00,USD,high,CPI y/y,2021-11-10T13:27:00,2021-11-10T13:33:00,forexfactory,US
2021-11-10T13:30:00,USD,high,Core CPI m/m,2021-11-10T13:27:00,2021-11-10T13:33:00,forexfactory,US
2021-11-16T13:30:00,USD,high,Retail Sales m/m,2021-11-16T13:27:00,2021-11-16T13:33:00,forexfactory,US
2021-11-16T13:30:00,USD,high,Core Retail Sales m/m,2021-11-16T13:27:00,2021-11-16T13:33:00,forexfactory,US
2021-11-23T08:30:00,EUR,high,German Flash Services PMI,2021-11-23T08:27:00,2021-11-23T08:33:00,forexfactory,GE
2021-11-23T08:30:00,EUR,high,German Flash Manufacturing PMI,2021-11-23T08:27:00,2021-11-23T08:33:00,forexfactory,GE
2021-11-24T13:30:00,USD,high,Prelim GDP q/q,2021-11-24T13:27:00,2021-11-24T13:33:00,forexfactory,US
2021-11-24T15:00:00,USD,high,Core PCE Price Index m/m,2021-11-24T14:57:00,2021-11-24T15:03:00,forexfactory,US
2021-11-24T19:00:00,USD,high,FOMC Meeting Minutes,2021-11-24T18:57:00,2021-11-24T19:03:00,forexfactory,US
2021-11-30T15:00:00,USD,high,Fed Chairman Powell Testifies,2021-11-30T14:57:00,2021-11-30T15:03:00,forexfactory,US
2021-12-01T13:15:00,USD,high,ADP Non-Farm Employment Change,2021-12-01T13:12:00,2021-12-01T13:18:00,forexfactory,US
2021-12-01T15:00:00,USD,high,Fed Chairman Powell Testifies,2021-12-01T14:57:00,2021-12-01T15:03:00,forexfactory,US
2021-12-01T15:00:00,USD,high,ISM Manufacturing PMI,2021-12-01T14:57:00,2021-12-01T15:03:00,forexfactory,US
2021-12-03T13:30:00,USD,high,Unemployment Rate,2021-12-03T13:27:00,2021-12-03T13:33:00,forexfactory,US
2021-12-03T13:30:00,USD,high,Non-Farm Employment Change,2021-12-03T13:27:00,2021-12-03T13:33:00,forexfactory,US
2021-12-03T13:30:00,USD,high,Average Hourly Earnings m/m,2021-12-03T13:27:00,2021-12-03T13:33:00,forexfactory,US
2021-12-03T14:00:00,USD,high,Treasury Currency Report,2021-12-03T13:57:00,2021-12-03T14:03:00,forexfactory,US
2021-12-03T15:00:00,USD,high,ISM Services PMI,2021-12-03T14:57:00,2021-12-03T15:03:00,forexfactory,US
2021-12-08T15:00:00,USD,high,JOLTS Job Openings,2021-12-08T14:57:00,2021-12-08T15:03:00,forexfactory,US
2021-12-10T13:30:00,USD,high,CPI m/m,2021-12-10T13:27:00,2021-12-10T13:33:00,forexfactory,US
2021-12-10T13:30:00,USD,high,CPI y/y,2021-12-10T13:27:00,2021-12-10T13:33:00,forexfactory,US
2021-12-10T13:30:00,USD,high,Core CPI m/m,2021-12-10T13:27:00,2021-12-10T13:33:00,forexfactory,US
2021-12-14T13:30:00,USD,high,PPI m/m,2021-12-14T13:27:00,2021-12-14T13:33:00,forexfactory,US
2021-12-15T13:30:00,USD,high,Retail Sales m/m,2021-12-15T13:27:00,2021-12-15T13:33:00,forexfactory,US
2021-12-15T13:30:00,USD,high,Core Retail Sales m/m,2021-12-15T13:27:00,2021-12-15T13:33:00,forexfactory,US
2021-12-15T19:00:00,USD,high,Federal Funds Rate,2021-12-15T18:57:00,2021-12-15T19:03:00,forexfactory,US
2021-12-15T19:00:00,USD,high,FOMC Economic Projections,2021-12-15T18:57:00,2021-12-15T19:03:00,forexfactory,US
2021-12-15T19:00:00,USD,high,FOMC Statement,2021-12-15T18:57:00,2021-12-15T19:03:00,forexfactory,US
2021-12-15T19:30:00,USD,high,FOMC Press Conference,2021-12-15T19:27:00,2021-12-15T19:33:00,forexfactory,US
2021-12-16T08:30:00,EUR,high,German Flash Manufacturing PMI,2021-12-16T08:27:00,2021-12-16T08:33:00,forexfactory,GE
2021-12-16T08:30:00,EUR,high,German Flash Services PMI,2021-12-16T08:27:00,2021-12-16T08:33:00,forexfactory,GE
2021-12-16T12:45:00,EUR,high,Main Refinancing Rate,2021-12-16T12:42:00,2021-12-16T12:48:00,forexfactory,EZ
2021-12-16T12:45:00,EUR,high,Monetary Policy Statement,2021-12-16T12:42:00,2021-12-16T12:48:00,forexfactory,EZ
2021-12-16T13:30:00,EUR,high,ECB Press Conference,2021-12-16T13:27:00,2021-12-16T13:33:00,forexfactory,EZ
2021-12-23T13:30:00,USD,high,Core PCE Price Index m/m,2021-12-23T13:27:00,2021-12-23T13:33:00,forexfactory,US
2022-01-04T15:00:00,USD,high,JOLTS Job Openings,2022-01-04T14:57:00,2022-01-04T15:03:00,forexfactory,US
2022-01-04T15:00:00,USD,high,ISM Manufacturing PMI,2022-01-04T14:57:00,2022-01-04T15:03:00,forexfactory,US
2022-01-05T13:15:00,USD,high,ADP Non-Farm Employment Change,2022-01-05T13:12:00,2022-01-05T13:18:00,forexfactory,US
2022-01-05T19:00:00,USD,high,FOMC Meeting Minutes,2022-01-05T18:57:00,2022-01-05T19:03:00,forexfactory,US
2022-01-06T15:00:00,USD,high,ISM Services PMI,2022-01-06T14:57:00,2022-01-06T15:03:00,forexfactory,US
2022-01-07T13:30:00,USD,high,Average Hourly Earnings m/m,2022-01-07T13:27:00,2022-01-07T13:33:00,forexfactory,US
2022-01-07T13:30:00,USD,high,Non-Farm Employment Change,2022-01-07T13:27:00,2022-01-07T13:33:00,forexfactory,US
2022-01-07T13:30:00,USD,high,Unemployment Rate,2022-01-07T13:27:00,2022-01-07T13:33:00,forexfactory,US
2022-01-11T15:00:00,USD,high,Fed Chairman Powell Testifies,2022-01-11T14:57:00,2022-01-11T15:03:00,forexfactory,US
2022-01-12T13:30:00,USD,high,Core CPI m/m,2022-01-12T13:27:00,2022-01-12T13:33:00,forexfactory,US
2022-01-12T13:30:00,USD,high,CPI m/m,2022-01-12T13:27:00,2022-01-12T13:33:00,forexfactory,US
2022-01-12T13:30:00,USD,high,CPI y/y,2022-01-12T13:27:00,2022-01-12T13:33:00,forexfactory,US
2022-01-13T13:30:00,USD,high,PPI m/m,2022-01-13T13:27:00,2022-01-13T13:33:00,forexfactory,US
2022-01-14T13:30:00,USD,high,Core Retail Sales m/m,2022-01-14T13:27:00,2022-01-14T13:33:00,forexfactory,US
2022-01-14T13:30:00,USD,high,Retail Sales m/m,2022-01-14T13:27:00,2022-01-14T13:33:00,forexfactory,US
2022-01-24T08:30:00,EUR,high,German Flash Manufacturing PMI,2022-01-24T08:27:00,2022-01-24T08:33:00,forexfactory,GE
2022-01-24T08:30:00,EUR,high,German Flash Services PMI,2022-01-24T08:27:00,2022-01-24T08:33:00,forexfactory,GE
2022-01-26T19:00:00,USD,high,FOMC Statement,2022-01-26T18:57:00,2022-01-26T19:03:00,forexfactory,US
2022-01-26T19:00:00,USD,high,Federal Funds Rate,2022-01-26T18:57:00,2022-01-26T19:03:00,forexfactory,US
2022-01-26T19:30:00,USD,high,FOMC Press Conference,2022-01-26T19:27:00,2022-01-26T19:33:00,forexfactory,US
2022-01-27T13:30:00,USD,high,Advance GDP q/q,2022-01-27T13:27:00,2022-01-27T13:33:00,forexfactory,US
2022-01-28T13:30:00,USD,high,Core PCE Price Index m/m,2022-01-28T13:27:00,2022-01-28T13:33:00,forexfactory,US
2022-02-01T15:00:00,USD,high,ISM Manufacturing PMI,2022-02-01T14:57:00,2022-02-01T15:03:00,forexfactory,US
2022-02-01T15:00:00,USD,high,JOLTS Job Openings,2022-02-01T14:57:00,2022-02-01T15:03:00,forexfactory,US
2022-02-02T13:15:00,USD,high,ADP Non-Farm Employment Change,2022-02-02T13:12:00,2022-02-02T13:18:00,forexfactory,US
2022-02-03T12:45:00,EUR,high,Monetary Policy Statement,2022-02-03T12:42:00,2022-02-03T12:48:00,forexfactory,EZ
2022-02-03T12:45:00,EUR,high,Main Refinancing Rate,2022-02-03T12:42:00,2022-02-03T12:48:00,forexfactory,EZ
2022-02-03T13:30:00,EUR,high,ECB Press Conference,2022-02-03T13:27:00,2022-02-03T13:33:00,forexfactory,EZ
2022-02-03T14:00:00,USD,high,Fed Gov Nomination Hearings,2022-02-03T13:57:00,2022-02-03T14:03:00,forexfactory,US
2022-02-03T15:00:00,USD,high,ISM Services PMI,2022-02-03T14:57:00,2022-02-03T15:03:00,forexfactory,US
2022-02-04T13:30:00,USD,high,Average Hourly Earnings m/m,2022-02-04T13:27:00,2022-02-04T13:33:00,forexfactory,US
2022-02-04T13:30:00,USD,high,Non-Farm Employment Change,2022-02-04T13:27:00,2022-02-04T13:33:00,forexfactory,US
2022-02-04T13:30:00,USD,high,Unemployment Rate,2022-02-04T13:27:00,2022-02-04T13:33:00,forexfactory,US
2022-02-10T13:30:00,USD,high,CPI m/m,2022-02-10T13:27:00,2022-02-10T13:33:00,forexfactory,US
2022-02-10T13:30:00,USD,high,CPI y/y,2022-02-10T13:27:00,2022-02-10T13:33:00,forexfactory,US
2022-02-10T13:30:00,USD,high,Core CPI m/m,2022-02-10T13:27:00,2022-02-10T13:33:00,forexfactory,US
2022-02-14T13:30:00,USD,high,FOMC Member Bullard Speaks,2022-02-14T13:27:00,2022-02-14T13:33:00,forexfactory,US
2022-02-15T13:30:00,USD,high,PPI m/m,2022-02-15T13:27:00,2022-02-15T13:33:00,forexfactory,US
2022-02-16T13:30:00,USD,high,Core Retail Sales m/m,2022-02-16T13:27:00,2022-02-16T13:33:00,forexfactory,US
2022-02-16T13:30:00,USD,high,Retail Sales m/m,2022-02-16T13:27:00,2022-02-16T13:33:00,forexfactory,US
2022-02-16T19:00:00,USD,high,FOMC Meeting Minutes,2022-02-16T18:57:00,2022-02-16T19:03:00,forexfactory,US
2022-02-21T08:30:00,EUR,high,German Flash Manufacturing PMI,2022-02-21T08:27:00,2022-02-21T08:33:00,forexfactory,GE
2022-02-21T08:30:00,EUR,high,German Flash Services PMI,2022-02-21T08:27:00,2022-02-21T08:33:00,forexfactory,GE
2022-02-24T13:30:00,USD,high,Prelim GDP q/q,2022-02-24T13:27:00,2022-02-24T13:33:00,forexfactory,US
2022-02-25T13:30:00,USD,high,Core PCE Price Index m/m,2022-02-25T13:27:00,2022-02-25T13:33:00,forexfactory,US
2022-03-01T15:00:00,USD,high,ISM Manufacturing PMI,2022-03-01T14:57:00,2022-03-01T15:03:00,forexfactory,US
2022-03-02T13:17:00,USD,high,ADP Non-Farm Employment Change,2022-03-02T13:14:00,2022-03-02T13:20:00,forexfactory,US
2022-03-02T15:00:00,USD,high,Fed Chairman Powell Testifies,2022-03-02T14:57:00,2022-03-02T15:03:00,forexfactory,US
2022-03-03T15:00:00,USD,high,Fed Chairman Powell Testifies,2022-03-03T14:57:00,2022-03-03T15:03:00,forexfactory,US
2022-03-03T15:00:00,USD,high,ISM Services PMI,2022-03-03T14:57:00,2022-03-03T15:03:00,forexfactory,US
2022-03-04T13:30:00,USD,high,Average Hourly Earnings m/m,2022-03-04T13:27:00,2022-03-04T13:33:00,forexfactory,US
2022-03-04T13:30:00,USD,high,Non-Farm Employment Change,2022-03-04T13:27:00,2022-03-04T13:33:00,forexfactory,US
2022-03-04T13:30:00,USD,high,Unemployment Rate,2022-03-04T13:27:00,2022-03-04T13:33:00,forexfactory,US
2022-03-09T15:00:00,USD,high,JOLTS Job Openings,2022-03-09T14:57:00,2022-03-09T15:03:00,forexfactory,US
2022-03-10T12:30:00,USD,high,CPI y/y,2022-03-10T12:27:00,2022-03-10T12:33:00,forexfactory,US
2022-03-10T12:45:00,EUR,high,Monetary Policy Statement,2022-03-10T12:42:00,2022-03-10T12:48:00,forexfactory,EZ
2022-03-10T12:45:00,EUR,high,Main Refinancing Rate,2022-03-10T12:42:00,2022-03-10T12:48:00,forexfactory,EZ
2022-03-10T13:30:00,EUR,high,ECB Press Conference,2022-03-10T13:27:00,2022-03-10T13:33:00,forexfactory,EZ
2022-03-10T13:30:00,USD,high,CPI m/m,2022-03-10T13:27:00,2022-03-10T13:33:00,forexfactory,US
2022-03-10T13:30:00,USD,high,Core CPI m/m,2022-03-10T13:27:00,2022-03-10T13:33:00,forexfactory,US
2022-03-11T15:00:00,USD,high,Prelim UoM Consumer Sentiment,2022-03-11T14:57:00,2022-03-11T15:03:00,forexfactory,US
2022-03-15T12:30:00,USD,high,PPI m/m,2022-03-15T12:27:00,2022-03-15T12:33:00,forexfactory,US
2022-03-16T12:30:00,USD,high,Core Retail Sales m/m,2022-03-16T12:27:00,2022-03-16T12:33:00,forexfactory,US
2022-03-16T12:30:00,USD,high,Retail Sales m/m,2022-03-16T12:27:00,2022-03-16T12:33:00,forexfactory,US
2022-03-16T18:00:00,USD,high,Federal Funds Rate,2022-03-16T17:57:00,2022-03-16T18:03:00,forexfactory,US
2022-03-16T18:00:00,USD,high,FOMC Economic Projections,2022-03-16T17:57:00,2022-03-16T18:03:00,forexfactory,US
2022-03-16T18:00:00,USD,high,FOMC Statement,2022-03-16T17:57:00,2022-03-16T18:03:00,forexfactory,US
2022-03-16T18:30:00,USD,high,FOMC Press Conference,2022-03-16T18:27:00,2022-03-16T18:33:00,forexfactory,US
2022-03-21T16:30:00,USD,high,Fed Chairman Powell Speaks,2022-03-21T16:27:00,2022-03-21T16:33:00,forexfactory,US
2022-03-23T12:00:00,USD,high,Fed Chairman Powell Speaks,2022-03-23T11:57:00,2022-03-23T12:03:00,forexfactory,US
2022-03-24T08:30:00,EUR,high,German Flash Manufacturing PMI,2022-03-24T08:27:00,2022-03-24T08:33:00,forexfactory,GE
2022-03-24T08:30:00,EUR,high,German Flash Services PMI,2022-03-24T08:27:00,2022-03-24T08:33:00,forexfactory,GE
2022-03-29T14:00:00,USD,high,JOLTS Job Openings,2022-03-29T13:57:00,2022-03-29T14:03:00,forexfactory,US
2022-03-30T12:15:00,USD,high,ADP Non-Farm Employment Change,2022-03-30T12:12:00,2022-03-30T12:18:00,forexfactory,US
2022-03-31T12:30:00,USD,high,Core PCE Price Index m/m,2022-03-31T12:27:00,2022-03-31T12:33:00,forexfactory,US
2022-04-01T12:30:00,USD,high,Average Hourly Earnings m/m,2022-04-01T12:27:00,2022-04-01T12:33:00,forexfactory,US
2022-04-01T12:30:00,USD,high,Non-Farm Employment Change,2022-04-01T12:27:00,2022-04-01T12:33:00,forexfactory,US
2022-04-01T12:30:00,USD,high,Unemployment Rate,2022-04-01T12:27:00,2022-04-01T12:33:00,forexfactory,US
2022-04-01T14:00:00,USD,high,ISM Manufacturing PMI,2022-04-01T13:57:00,2022-04-01T14:03:00,forexfactory,US
2022-04-05T14:00:00,USD,high,ISM Services PMI,2022-04-05T13:57:00,2022-04-05T14:03:00,forexfactory,US
2022-04-06T18:00:00,USD,high,FOMC Meeting Minutes,2022-04-06T17:57:00,2022-04-06T18:03:00,forexfactory,US
2022-04-12T12:30:00,USD,high,CPI y/y,2022-04-12T12:27:00,2022-04-12T12:33:00,forexfactory,US
2022-04-12T12:30:00,USD,high,Core CPI m/m,2022-04-12T12:27:00,2022-04-12T12:33:00,forexfactory,US
2022-04-12T12:30:00,USD,high,CPI m/m,2022-04-12T12:27:00,2022-04-12T12:33:00,forexfactory,US
2022-04-13T12:30:00,USD,high,PPI m/m,2022-04-13T12:27:00,2022-04-13T12:33:00,forexfactory,US
2022-04-14T11:45:00,EUR,high,Main Refinancing Rate,2022-04-14T11:42:00,2022-04-14T11:48:00,forexfactory,EZ
2022-04-14T11:45:00,EUR,high,Monetary Policy Statement,2022-04-14T11:42:00,2022-04-14T11:48:00,forexfactory,EZ
2022-04-14T12:30:00,EUR,high,ECB Press Conference,2022-04-14T12:27:00,2022-04-14T12:33:00,forexfactory,EZ
2022-04-14T12:30:00,USD,high,Core Retail Sales m/m,2022-04-14T12:27:00,2022-04-14T12:33:00,forexfactory,US
2022-04-14T12:30:00,USD,high,Retail Sales m/m,2022-04-14T12:27:00,2022-04-14T12:33:00,forexfactory,US
2022-04-21T17:00:00,USD,high,Fed Chairman Powell Speaks,2022-04-21T16:57:00,2022-04-21T17:03:00,forexfactory,US
2022-04-22T07:30:00,EUR,high,German Flash Services PMI,2022-04-22T07:27:00,2022-04-22T07:33:00,forexfactory,GE
2022-04-22T07:30:00,EUR,high,German Flash Manufacturing PMI,2022-04-22T07:27:00,2022-04-22T07:33:00,forexfactory,GE
2022-04-28T12:30:00,USD,high,Advance GDP q/q,2022-04-28T12:27:00,2022-04-28T12:33:00,forexfactory,US
2022-04-29T12:30:00,USD,high,Core PCE Price Index m/m,2022-04-29T12:27:00,2022-04-29T12:33:00,forexfactory,US
2022-05-02T14:00:00,USD,high,ISM Manufacturing PMI,2022-05-02T13:57:00,2022-05-02T14:03:00,forexfactory,US
2022-05-03T14:00:00,USD,high,JOLTS Job Openings,2022-05-03T13:57:00,2022-05-03T14:03:00,forexfactory,US
2022-05-04T12:15:00,USD,high,ADP Non-Farm Employment Change,2022-05-04T12:12:00,2022-05-04T12:18:00,forexfactory,US
2022-05-04T18:00:00,USD,high,FOMC Statement,2022-05-04T17:57:00,2022-05-04T18:03:00,forexfactory,US
2022-05-04T18:00:00,USD,high,Federal Funds Rate,2022-05-04T17:57:00,2022-05-04T18:03:00,forexfactory,US
2022-05-04T18:30:00,USD,high,FOMC Press Conference,2022-05-04T18:27:00,2022-05-04T18:33:00,forexfactory,US
2022-05-06T12:30:00,USD,high,Unemployment Rate,2022-05-06T12:27:00,2022-05-06T12:33:00,forexfactory,US
2022-05-06T12:30:00,USD,high,Average Hourly Earnings m/m,2022-05-06T12:27:00,2022-05-06T12:33:00,forexfactory,US
2022-05-06T12:30:00,USD,high,Non-Farm Employment Change,2022-05-06T12:27:00,2022-05-06T12:33:00,forexfactory,US
2022-05-11T12:30:00,USD,high,CPI m/m,2022-05-11T12:27:00,2022-05-11T12:33:00,forexfactory,US
2022-05-11T12:30:00,USD,high,CPI y/y,2022-05-11T12:27:00,2022-05-11T12:33:00,forexfactory,US
2022-05-11T12:30:00,USD,high,Core CPI m/m,2022-05-11T12:27:00,2022-05-11T12:33:00,forexfactory,US
2022-05-12T12:30:00,USD,high,PPI m/m,2022-05-12T12:27:00,2022-05-12T12:33:00,forexfactory,US
2022-05-17T12:30:00,USD,high,Core Retail Sales m/m,2022-05-17T12:27:00,2022-05-17T12:33:00,forexfactory,US
2022-05-17T12:30:00,USD,high,Retail Sales m/m,2022-05-17T12:27:00,2022-05-17T12:33:00,forexfactory,US
2022-05-17T18:00:00,USD,high,Fed Chairman Powell Speaks,2022-05-17T17:57:00,2022-05-17T18:03:00,forexfactory,US
2022-05-19T13:00:00,USD,high,Fed Gov Nomination Hearings,2022-05-19T12:57:00,2022-05-19T13:03:00,forexfactory,US
2022-05-24T07:30:00,EUR,high,German Flash Manufacturing PMI,2022-05-24T07:27:00,2022-05-24T07:33:00,forexfactory,GE
2022-05-24T07:30:00,EUR,high,German Flash Services PMI,2022-05-24T07:27:00,2022-05-24T07:33:00,forexfactory,GE
2022-05-25T18:00:00,USD,high,FOMC Meeting Minutes,2022-05-25T17:57:00,2022-05-25T18:03:00,forexfactory,US
2022-05-26T12:30:00,USD,high,Prelim GDP q/q,2022-05-26T12:27:00,2022-05-26T12:33:00,forexfactory,US
2022-05-27T12:30:00,USD,high,Core PCE Price Index m/m,2022-05-27T12:27:00,2022-05-27T12:33:00,forexfactory,US
2022-06-01T14:00:00,USD,high,ISM Manufacturing PMI,2022-06-01T13:57:00,2022-06-01T14:03:00,forexfactory,US
2022-06-01T14:00:00,USD,high,JOLTS Job Openings,2022-06-01T13:57:00,2022-06-01T14:03:00,forexfactory,US
2022-06-02T12:15:00,USD,high,ADP Non-Farm Employment Change,2022-06-02T12:12:00,2022-06-02T12:18:00,forexfactory,US
2022-06-03T12:30:00,USD,high,Average Hourly Earnings m/m,2022-06-03T12:27:00,2022-06-03T12:33:00,forexfactory,US
2022-06-03T12:30:00,USD,high,Non-Farm Employment Change,2022-06-03T12:27:00,2022-06-03T12:33:00,forexfactory,US
2022-06-03T12:30:00,USD,high,Unemployment Rate,2022-06-03T12:27:00,2022-06-03T12:33:00,forexfactory,US
2022-06-09T11:45:00,EUR,high,Main Refinancing Rate,2022-06-09T11:42:00,2022-06-09T11:48:00,forexfactory,EZ
2022-06-09T11:45:00,EUR,high,Monetary Policy Statement,2022-06-09T11:42:00,2022-06-09T11:48:00,forexfactory,EZ
2022-06-09T12:30:00,EUR,high,ECB Press Conference,2022-06-09T12:27:00,2022-06-09T12:33:00,forexfactory,EZ
2022-06-10T12:30:00,USD,high,CPI m/m,2022-06-10T12:27:00,2022-06-10T12:33:00,forexfactory,US
2022-06-10T12:30:00,USD,high,CPI y/y,2022-06-10T12:27:00,2022-06-10T12:33:00,forexfactory,US
2022-06-10T12:30:00,USD,high,Core CPI m/m,2022-06-10T12:27:00,2022-06-10T12:33:00,forexfactory,US
2022-06-10T13:00:00,USD,high,Treasury Currency Report,2022-06-10T12:57:00,2022-06-10T13:03:00,forexfactory,US
2022-06-14T12:30:00,USD,high,PPI m/m,2022-06-14T12:27:00,2022-06-14T12:33:00,forexfactory,US
2022-06-15T12:30:00,USD,high,Core Retail Sales m/m,2022-06-15T12:27:00,2022-06-15T12:33:00,forexfactory,US
2022-06-15T12:30:00,USD,high,Retail Sales m/m,2022-06-15T12:27:00,2022-06-15T12:33:00,forexfactory,US
2022-06-15T18:00:00,USD,high,FOMC Statement,2022-06-15T17:57:00,2022-06-15T18:03:00,forexfactory,US
2022-06-15T18:00:00,USD,high,FOMC Economic Projections,2022-06-15T17:57:00,2022-06-15T18:03:00,forexfactory,US
2022-06-15T18:00:00,USD,high,Federal Funds Rate,2022-06-15T17:57:00,2022-06-15T18:03:00,forexfactory,US
2022-06-15T18:30:00,USD,high,FOMC Press Conference,2022-06-15T18:27:00,2022-06-15T18:33:00,forexfactory,US
2022-06-17T12:45:00,USD,high,Fed Chairman Powell Speaks,2022-06-17T12:42:00,2022-06-17T12:48:00,forexfactory,US
2022-06-22T13:30:00,USD,high,Fed Chairman Powell Testifies,2022-06-22T13:27:00,2022-06-22T13:33:00,forexfactory,US
2022-06-23T07:30:00,EUR,high,German Flash Manufacturing PMI,2022-06-23T07:27:00,2022-06-23T07:33:00,forexfactory,GE
2022-06-23T07:30:00,EUR,high,German Flash Services PMI,2022-06-23T07:27:00,2022-06-23T07:33:00,forexfactory,GE
2022-06-23T14:00:00,USD,high,Fed Chairman Powell Testifies,2022-06-23T13:57:00,2022-06-23T14:03:00,forexfactory,US
2022-06-28T14:00:00,USD,high,CB Consumer Confidence,2022-06-28T13:57:00,2022-06-28T14:03:00,forexfactory,US
2022-06-29T13:00:00,EUR,high,ECB President Lagarde Speaks,2022-06-29T12:57:00,2022-06-29T13:03:00,forexfactory,EZ
2022-06-29T13:00:00,USD,high,Fed Chairman Powell Speaks,2022-06-29T12:57:00,2022-06-29T13:03:00,forexfactory,US
2022-06-30T12:30:00,USD,high,Core PCE Price Index m/m,2022-06-30T12:27:00,2022-06-30T12:33:00,forexfactory,US
2022-07-01T09:00:00,EUR,high,CPI Flash Estimate y/y,2022-07-01T08:57:00,2022-07-01T09:03:00,forexfactory,EZ
2022-07-01T14:00:00,USD,high,ISM Manufacturing PMI,2022-07-01T13:57:00,2022-07-01T14:03:00,forexfactory,US
2022-07-06T14:00:00,USD,high,JOLTS Job Openings,2022-07-06T13:57:00,2022-07-06T14:03:00,forexfactory,US
2022-07-06T18:00:00,USD,high,FOMC Meeting Minutes,2022-07-06T17:57:00,2022-07-06T18:03:00,forexfactory,US
2022-07-08T12:30:00,USD,high,Average Hourly Earnings m/m,2022-07-08T12:27:00,2022-07-08T12:33:00,forexfactory,US
2022-07-08T12:30:00,USD,high,Non-Farm Employment Change,2022-07-08T12:27:00,2022-07-08T12:33:00,forexfactory,US
2022-07-08T12:30:00,USD,high,Unemployment Rate,2022-07-08T12:27:00,2022-07-08T12:33:00,forexfactory,US
2022-07-13T12:30:00,USD,high,CPI y/y,2022-07-13T12:27:00,2022-07-13T12:33:00,forexfactory,US
2022-07-13T12:30:00,USD,high,Core CPI m/m,2022-07-13T12:27:00,2022-07-13T12:33:00,forexfactory,US
2022-07-13T12:30:00,USD,high,CPI m/m,2022-07-13T12:27:00,2022-07-13T12:33:00,forexfactory,US
2022-07-14T12:30:00,USD,high,PPI m/m,2022-07-14T12:27:00,2022-07-14T12:33:00,forexfactory,US
2022-07-15T12:30:00,USD,high,Core Retail Sales m/m,2022-07-15T12:27:00,2022-07-15T12:33:00,forexfactory,US
2022-07-15T12:30:00,USD,high,Retail Sales m/m,2022-07-15T12:27:00,2022-07-15T12:33:00,forexfactory,US
2022-07-15T14:00:00,USD,high,Prelim UoM Consumer Sentiment,2022-07-15T13:57:00,2022-07-15T14:03:00,forexfactory,US
2022-07-21T12:15:00,EUR,high,Main Refinancing Rate,2022-07-21T12:12:00,2022-07-21T12:18:00,forexfactory,EZ
2022-07-21T12:15:00,EUR,high,Monetary Policy Statement,2022-07-21T12:12:00,2022-07-21T12:18:00,forexfactory,EZ
2022-07-21T12:45:00,EUR,high,ECB Press Conference,2022-07-21T12:42:00,2022-07-21T12:48:00,forexfactory,EZ
2022-07-22T07:15:00,EUR,high,French Flash Services PMI,2022-07-22T07:12:00,2022-07-22T07:18:00,forexfactory,FR
2022-07-22T07:30:00,EUR,high,German Flash Manufacturing PMI,2022-07-22T07:27:00,2022-07-22T07:33:00,forexfactory,GE
2022-07-22T07:30:00,EUR,high,German Flash Services PMI,2022-07-22T07:27:00,2022-07-22T07:33:00,forexfactory,GE
2022-07-22T13:45:00,USD,high,Flash Services PMI,2022-07-22T13:42:00,2022-07-22T13:48:00,forexfactory,US
2022-07-26T14:00:00,USD,high,CB Consumer Confidence,2022-07-26T13:57:00,2022-07-26T14:03:00,forexfactory,US
2022-07-27T18:00:00,USD,high,FOMC Statement,2022-07-27T17:57:00,2022-07-27T18:03:00,forexfactory,US
2022-07-27T18:00:00,USD,high,Federal Funds Rate,2022-07-27T17:57:00,2022-07-27T18:03:00,forexfactory,US
2022-07-27T18:30:00,USD,high,FOMC Press Conference,2022-07-27T18:27:00,2022-07-27T18:33:00,forexfactory,US
2022-07-28T12:30:00,USD,high,Advance GDP q/q,2022-07-28T12:27:00,2022-07-28T12:33:00,forexfactory,US
2022-07-29T12:30:00,USD,high,Core PCE Price Index m/m,2022-07-29T12:27:00,2022-07-29T12:33:00,forexfactory,US
2022-08-01T14:00:00,USD,high,ISM Manufacturing PMI,2022-08-01T13:57:00,2022-08-01T14:03:00,forexfactory,US
2022-08-02T14:00:00,USD,high,JOLTS Job Openings,2022-08-02T13:57:00,2022-08-02T14:03:00,forexfactory,US
2022-08-03T14:00:00,USD,high,ISM Services PMI,2022-08-03T13:57:00,2022-08-03T14:03:00,forexfactory,US
2022-08-05T12:30:00,USD,high,Average Hourly Earnings m/m,2022-08-05T12:27:00,2022-08-05T12:33:00,forexfactory,US
2022-08-05T12:30:00,USD,high,Non-Farm Employment Change,2022-08-05T12:27:00,2022-08-05T12:33:00,forexfactory,US
2022-08-05T12:30:00,USD,high,Unemployment Rate,2022-08-05T12:27:00,2022-08-05T12:33:00,forexfactory,US
2022-08-10T12:30:00,USD,high,CPI m/m,2022-08-10T12:27:00,2022-08-10T12:33:00,forexfactory,US
2022-08-10T12:30:00,USD,high,CPI y/y,2022-08-10T12:27:00,2022-08-10T12:33:00,forexfactory,US
2022-08-10T12:30:00,USD,high,Core CPI m/m,2022-08-10T12:27:00,2022-08-10T12:33:00,forexfactory,US
2022-08-11T12:30:00,USD,high,PPI m/m,2022-08-11T12:27:00,2022-08-11T12:33:00,forexfactory,US
2022-08-12T14:00:00,USD,high,Prelim UoM Consumer Sentiment,2022-08-12T13:57:00,2022-08-12T14:03:00,forexfactory,US
2022-08-17T12:30:00,USD,high,Core Retail Sales m/m,2022-08-17T12:27:00,2022-08-17T12:33:00,forexfactory,US
2022-08-17T12:30:00,USD,high,Retail Sales m/m,2022-08-17T12:27:00,2022-08-17T12:33:00,forexfactory,US
2022-08-17T18:00:00,USD,high,FOMC Meeting Minutes,2022-08-17T17:57:00,2022-08-17T18:03:00,forexfactory,US
2022-08-18T12:30:00,USD,high,Philly Fed Manufacturing Index,2022-08-18T12:27:00,2022-08-18T12:33:00,forexfactory,US
2022-08-23T07:15:00,EUR,high,French Flash Services PMI,2022-08-23T07:12:00,2022-08-23T07:18:00,forexfactory,FR
2022-08-23T07:30:00,EUR,high,German Flash Manufacturing PMI,2022-08-23T07:27:00,2022-08-23T07:33:00,forexfactory,GE
2022-08-23T07:30:00,EUR,high,German Flash Services PMI,2022-08-23T07:27:00,2022-08-23T07:33:00,forexfactory,GE
2022-08-23T13:45:00,USD,high,Flash Services PMI,2022-08-23T13:42:00,2022-08-23T13:48:00,forexfactory,US
2022-08-24T14:00:00,USD,high,Prelim Benchmark Payrolls Revision,2022-08-24T13:57:00,2022-08-24T14:03:00,forexfactory,US
2022-08-25T12:30:00,USD,high,Prelim GDP q/q,2022-08-25T12:27:00,2022-08-25T12:33:00,forexfactory,US
2022-08-26T12:30:00,USD,high,Core PCE Price Index m/m,2022-08-26T12:27:00,2022-08-26T12:33:00,forexfactory,US
2022-08-26T14:00:00,USD,high,Fed Chairman Powell Speaks,2022-08-26T13:57:00,2022-08-26T14:03:00,forexfactory,US
2022-08-30T14:00:00,USD,high,CB Consumer Confidence,2022-08-30T13:57:00,2022-08-30T14:03:00,forexfactory,US
2022-08-30T14:00:00,USD,high,JOLTS Job Openings,2022-08-30T13:57:00,2022-08-30T14:03:00,forexfactory,US
2022-08-31T12:15:00,USD,high,ADP Non-Farm Employment Change,2022-08-31T12:12:00,2022-08-31T12:18:00,forexfactory,US
2022-09-01T14:00:00,USD,high,ISM Manufacturing PMI,2022-09-01T13:57:00,2022-09-01T14:03:00,forexfactory,US
2022-09-02T12:30:00,USD,high,Unemployment Rate,2022-09-02T12:27:00,2022-09-02T12:33:00,forexfactory,US
2022-09-02T12:30:00,USD,high,Average Hourly Earnings m/m,2022-09-02T12:27:00,2022-09-02T12:33:00,forexfactory,US
2022-09-02T12:30:00,USD,high,Non-Farm Employment Change,2022-09-02T12:27:00,2022-09-02T12:33:00,forexfactory,US
2022-09-06T14:00:00,USD,high,ISM Services PMI,2022-09-06T13:57:00,2022-09-06T14:03:00,forexfactory,US
2022-09-08T12:15:00,EUR,high,Main Refinancing Rate,2022-09-08T12:12:00,2022-09-08T12:18:00,forexfactory,EZ
2022-09-08T12:15:00,EUR,high,Monetary Policy Statement,2022-09-08T12:12:00,2022-09-08T12:18:00,forexfactory,EZ
2022-09-08T12:45:00,EUR,high,ECB Press Conference,2022-09-08T12:42:00,2022-09-08T12:48:00,forexfactory,EZ
2022-09-08T13:10:00,USD,high,Fed Chairman Powell Speaks,2022-09-08T13:07:00,2022-09-08T13:13:00,forexfactory,US
2022-09-13T12:30:00,USD,high,CPI y/y,2022-09-13T12:27:00,2022-09-13T12:33:00,forexfactory,US
2022-09-13T12:30:00,USD,high,Core CPI m/m,2022-09-13T12:27:00,2022-09-13T12:33:00,forexfactory,US
2022-09-13T12:30:00,USD,high,CPI m/m,2022-09-13T12:27:00,2022-09-13T12:33:00,forexfactory,US
2022-09-14T12:30:00,USD,high,PPI m/m,2022-09-14T12:27:00,2022-09-14T12:33:00,forexfactory,US
2022-09-15T12:30:00,USD,high,Core Retail Sales m/m,2022-09-15T12:27:00,2022-09-15T12:33:00,forexfactory,US
2022-09-15T12:30:00,USD,high,Empire State Manufacturing Index,2022-09-15T12:27:00,2022-09-15T12:33:00,forexfactory,US
2022-09-15T12:30:00,USD,high,Retail Sales m/m,2022-09-15T12:27:00,2022-09-15T12:33:00,forexfactory,US
2022-09-16T14:00:00,USD,high,Prelim UoM Consumer Sentiment,2022-09-16T13:57:00,2022-09-16T14:03:00,forexfactory,US
2022-09-21T18:00:00,USD,high,FOMC Statement,2022-09-21T17:57:00,2022-09-21T18:03:00,forexfactory,US
2022-09-21T18:00:00,USD,high,Federal Funds Rate,2022-09-21T17:57:00,2022-09-21T18:03:00,forexfactory,US
2022-09-21T18:00:00,USD,high,FOMC Economic Projections,2022-09-21T17:57:00,2022-09-21T18:03:00,forexfactory,US
2022-09-21T18:30:00,USD,high,FOMC Press Conference,2022-09-21T18:27:00,2022-09-21T18:33:00,forexfactory,US
2022-09-23T07:15:00,EUR,high,French Flash Services PMI,2022-09-23T07:12:00,2022-09-23T07:18:00,forexfactory,FR
2022-09-23T07:30:00,EUR,high,German Flash Manufacturing PMI,2022-09-23T07:27:00,2022-09-23T07:33:00,forexfactory,GE
2022-09-23T07:30:00,EUR,high,German Flash Services PMI,2022-09-23T07:27:00,2022-09-23T07:33:00,forexfactory,GE
2022-09-23T13:45:00,USD,high,Flash Services PMI,2022-09-23T13:42:00,2022-09-23T13:48:00,forexfactory,US
2022-09-23T18:00:00,USD,high,Fed Chairman Powell Speaks,2022-09-23T17:57:00,2022-09-23T18:03:00,forexfactory,US
2022-09-26T13:00:00,EUR,high,ECB President Lagarde Speaks,2022-09-26T12:57:00,2022-09-26T13:03:00,forexfactory,EZ
2022-09-27T11:30:00,USD,high,Fed Chairman Powell Speaks,2022-09-27T11:27:00,2022-09-27T11:33:00,forexfactory,US
2022-09-27T14:00:00,USD,high,CB Consumer Confidence,2022-09-27T13:57:00,2022-09-27T14:03:00,forexfactory,US
2022-09-30T12:30:00,USD,high,Core PCE Price Index m/m,2022-09-30T12:27:00,2022-09-30T12:33:00,forexfactory,US
2022-10-03T14:00:00,USD,high,ISM Manufacturing PMI,2022-10-03T13:57:00,2022-10-03T14:03:00,forexfactory,US
2022-10-03T19:00:00,USD,high,Fed Chairman Powell Speaks,2022-10-03T18:57:00,2022-10-03T19:03:00,forexfactory,US
2022-10-04T14:00:00,USD,high,JOLTS Job Openings,2022-10-04T13:57:00,2022-10-04T14:03:00,forexfactory,US
2022-10-05T12:15:00,USD,high,ADP Non-Farm Employment Change,2022-10-05T12:12:00,2022-10-05T12:18:00,forexfactory,US
2022-10-05T14:00:00,USD,high,ISM Services PMI,2022-10-05T13:57:00,2022-10-05T14:03:00,forexfactory,US
2022-10-07T12:30:00,USD,high,Non-Farm Employment Change,2022-10-07T12:27:00,2022-10-07T12:33:00,forexfactory,US
2022-10-07T12:30:00,USD,high,Unemployment Rate,2022-10-07T12:27:00,2022-10-07T12:33:00,forexfactory,US
2022-10-07T12:30:00,USD,high,Average Hourly Earnings m/m,2022-10-07T12:27:00,2022-10-07T12:33:00,forexfactory,US
2022-10-12T12:30:00,USD,high,PPI m/m,2022-10-12T12:27:00,2022-10-12T12:33:00,forexfactory,US
2022-10-12T18:00:00,USD,high,FOMC Meeting Minutes,2022-10-12T17:57:00,2022-10-12T18:03:00,forexfactory,US
2022-10-13T12:30:00,USD,high,CPI m/m,2022-10-13T12:27:00,2022-10-13T12:33:00,forexfactory,US
2022-10-13T12:30:00,USD,high,CPI y/y,2022-10-13T12:27:00,2022-10-13T12:33:00,forexfactory,US
2022-10-13T12:30:00,USD,high,Core CPI m/m,2022-10-13T12:27:00,2022-10-13T12:33:00,forexfactory,US
2022-10-14T12:30:00,USD,high,Core Retail Sales m/m,2022-10-14T12:27:00,2022-10-14T12:33:00,forexfactory,US
2022-10-14T12:30:00,USD,high,Retail Sales m/m,2022-10-14T12:27:00,2022-10-14T12:33:00,forexfactory,US
2022-10-14T14:00:00,USD,high,Prelim UoM Consumer Sentiment,2022-10-14T13:57:00,2022-10-14T14:03:00,forexfactory,US
2022-10-17T12:30:00,USD,high,Empire State Manufacturing Index,2022-10-17T12:27:00,2022-10-17T12:33:00,forexfactory,US
2022-10-20T12:30:00,USD,high,Philly Fed Manufacturing Index,2022-10-20T12:27:00,2022-10-20T12:33:00,forexfactory,US
2022-10-24T07:15:00,EUR,high,French Flash Services PMI,2022-10-24T07:12:00,2022-10-24T07:18:00,forexfactory,FR
2022-10-24T07:30:00,EUR,high,German Flash Manufacturing PMI,2022-10-24T07:27:00,2022-10-24T07:33:00,forexfactory,GE
2022-10-24T07:30:00,EUR,high,German Flash Services PMI,2022-10-24T07:27:00,2022-10-24T07:33:00,forexfactory,GE
2022-10-24T13:45:00,USD,high,Flash Services PMI,2022-10-24T13:42:00,2022-10-24T13:48:00,forexfactory,US
2022-10-25T14:00:00,USD,high,CB Consumer Confidence,2022-10-25T13:57:00,2022-10-25T14:03:00,forexfactory,US
2022-10-27T12:15:00,EUR,high,Main Refinancing Rate,2022-10-27T12:12:00,2022-10-27T12:18:00,forexfactory,EZ
2022-10-27T12:15:00,EUR,high,Monetary Policy Statement,2022-10-27T12:12:00,2022-10-27T12:18:00,forexfactory,EZ
2022-10-27T12:30:00,USD,high,Advance GDP q/q,2022-10-27T12:27:00,2022-10-27T12:33:00,forexfactory,US
2022-10-27T12:45:00,EUR,high,ECB Press Conference,2022-10-27T12:42:00,2022-10-27T12:48:00,forexfactory,EZ
2022-10-28T12:30:00,USD,high,Core PCE Price Index m/m,2022-10-28T12:27:00,2022-10-28T12:33:00,forexfactory,US
2022-11-01T14:00:00,USD,high,ISM Manufacturing PMI,2022-11-01T13:57:00,2022-11-01T14:03:00,forexfactory,US
2022-11-01T14:00:00,USD,high,JOLTS Job Openings,2022-11-01T13:57:00,2022-11-01T14:03:00,forexfactory,US
2022-11-02T12:15:00,USD,high,ADP Non-Farm Employment Change,2022-11-02T12:12:00,2022-11-02T12:18:00,forexfactory,US
2022-11-02T18:00:00,USD,high,FOMC Statement,2022-11-02T17:57:00,2022-11-02T18:03:00,forexfactory,US
2022-11-02T18:00:00,USD,high,Federal Funds Rate,2022-11-02T17:57:00,2022-11-02T18:03:00,forexfactory,US
2022-11-02T18:30:00,USD,high,FOMC Press Conference,2022-11-02T18:27:00,2022-11-02T18:33:00,forexfactory,US
2022-11-03T14:00:00,USD,high,ISM Services PMI,2022-11-03T13:57:00,2022-11-03T14:03:00,forexfactory,US
2022-11-04T12:30:00,USD,high,Average Hourly Earnings m/m,2022-11-04T12:27:00,2022-11-04T12:33:00,forexfactory,US
2022-11-04T12:30:00,USD,high,Non-Farm Employment Change,2022-11-04T12:27:00,2022-11-04T12:33:00,forexfactory,US
2022-11-04T12:30:00,USD,high,Unemployment Rate,2022-11-04T12:27:00,2022-11-04T12:33:00,forexfactory,US
2022-11-10T13:30:00,USD,high,CPI m/m,2022-11-10T13:27:00,2022-11-10T13:33:00,forexfactory,US
2022-11-10T13:30:00,USD,high,CPI y/y,2022-11-10T13:27:00,2022-11-10T13:33:00,forexfactory,US
2022-11-10T13:30:00,USD,high,Core CPI m/m,2022-11-10T13:27:00,2022-11-10T13:33:00,forexfactory,US
2022-11-10T14:00:00,USD,high,Treasury Currency Report,2022-11-10T13:57:00,2022-11-10T14:03:00,forexfactory,US
2022-11-11T15:00:00,USD,high,Prelim UoM Consumer Sentiment,2022-11-11T14:57:00,2022-11-11T15:03:00,forexfactory,US
2022-11-15T13:30:00,USD,high,PPI m/m,2022-11-15T13:27:00,2022-11-15T13:33:00,forexfactory,US
2022-11-15T13:30:00,USD,high,Empire State Manufacturing Index,2022-11-15T13:27:00,2022-11-15T13:33:00,forexfactory,US
2022-11-16T13:30:00,USD,high,Core Retail Sales m/m,2022-11-16T13:27:00,2022-11-16T13:33:00,forexfactory,US
2022-11-16T13:30:00,USD,high,Retail Sales m/m,2022-11-16T13:27:00,2022-11-16T13:33:00,forexfactory,US
2022-11-17T13:30:00,USD,high,Philly Fed Manufacturing Index,2022-11-17T13:27:00,2022-11-17T13:33:00,forexfactory,US
2022-11-23T08:15:00,EUR,high,French Flash Services PMI,2022-11-23T08:12:00,2022-11-23T08:18:00,forexfactory,FR
2022-11-23T08:30:00,EUR,high,German Flash Manufacturing PMI,2022-11-23T08:27:00,2022-11-23T08:33:00,forexfactory,GE
2022-11-23T08:30:00,EUR,high,German Flash Services PMI,2022-11-23T08:27:00,2022-11-23T08:33:00,forexfactory,GE
2022-11-23T14:45:00,USD,high,Flash Services PMI,2022-11-23T14:42:00,2022-11-23T14:48:00,forexfactory,US
2022-11-23T19:00:00,USD,high,FOMC Meeting Minutes,2022-11-23T18:57:00,2022-11-23T19:03:00,forexfactory,US
2022-11-29T15:00:00,USD,high,CB Consumer Confidence,2022-11-29T14:57:00,2022-11-29T15:03:00,forexfactory,US
2022-11-30T13:15:00,USD,high,ADP Non-Farm Employment Change,2022-11-30T13:12:00,2022-11-30T13:18:00,forexfactory,US
2022-11-30T13:30:00,USD,high,Prelim GDP q/q,2022-11-30T13:27:00,2022-11-30T13:33:00,forexfactory,US
2022-11-30T15:00:00,USD,high,JOLTS Job Openings,2022-11-30T14:57:00,2022-11-30T15:03:00,forexfactory,US
2022-11-30T18:30:00,USD,high,Fed Chairman Powell Speaks,2022-11-30T18:27:00,2022-11-30T18:33:00,forexfactory,US
2022-12-01T13:30:00,USD,high,Core PCE Price Index m/m,2022-12-01T13:27:00,2022-12-01T13:33:00,forexfactory,US
2022-12-01T15:00:00,USD,high,ISM Manufacturing PMI,2022-12-01T14:57:00,2022-12-01T15:03:00,forexfactory,US
2022-12-02T13:30:00,USD,high,Average Hourly Earnings m/m,2022-12-02T13:27:00,2022-12-02T13:33:00,forexfactory,US
2022-12-02T13:30:00,USD,high,Non-Farm Employment Change,2022-12-02T13:27:00,2022-12-02T13:33:00,forexfactory,US
2022-12-02T13:30:00,USD,high,Unemployment Rate,2022-12-02T13:27:00,2022-12-02T13:33:00,forexfactory,US
2022-12-05T15:00:00,USD,high,ISM Services PMI,2022-12-05T14:57:00,2022-12-05T15:03:00,forexfactory,US
2022-12-09T13:30:00,USD,high,Core PPI m/m,2022-12-09T13:27:00,2022-12-09T13:33:00,forexfactory,US
2022-12-09T13:30:00,USD,high,PPI m/m,2022-12-09T13:27:00,2022-12-09T13:33:00,forexfactory,US
2022-12-09T15:00:00,USD,high,Prelim UoM Consumer Sentiment,2022-12-09T14:57:00,2022-12-09T15:03:00,forexfactory,US
2022-12-13T13:30:00,USD,high,CPI m/m,2022-12-13T13:27:00,2022-12-13T13:33:00,forexfactory,US
2022-12-13T13:30:00,USD,high,CPI y/y,2022-12-13T13:27:00,2022-12-13T13:33:00,forexfactory,US
2022-12-13T13:30:00,USD,high,Core CPI m/m,2022-12-13T13:27:00,2022-12-13T13:33:00,forexfactory,US
2022-12-14T19:00:00,USD,high,FOMC Economic Projections,2022-12-14T18:57:00,2022-12-14T19:03:00,forexfactory,US
2022-12-14T19:00:00,USD,high,FOMC Statement,2022-12-14T18:57:00,2022-12-14T19:03:00,forexfactory,US
2022-12-14T19:00:00,USD,high,Federal Funds Rate,2022-12-14T18:57:00,2022-12-14T19:03:00,forexfactory,US
2022-12-14T19:30:00,USD,high,FOMC Press Conference,2022-12-14T19:27:00,2022-12-14T19:33:00,forexfactory,US
2022-12-15T13:15:00,EUR,high,Main Refinancing Rate,2022-12-15T13:12:00,2022-12-15T13:18:00,forexfactory,EZ
2022-12-15T13:15:00,EUR,high,Monetary Policy Statement,2022-12-15T13:12:00,2022-12-15T13:18:00,forexfactory,EZ
2022-12-15T13:30:00,USD,high,Core Retail Sales m/m,2022-12-15T13:27:00,2022-12-15T13:33:00,forexfactory,US
2022-12-15T13:30:00,USD,high,Empire State Manufacturing Index,2022-12-15T13:27:00,2022-12-15T13:33:00,forexfactory,US
2022-12-15T13:30:00,USD,high,Retail Sales m/m,2022-12-15T13:27:00,2022-12-15T13:33:00,forexfactory,US
2022-12-15T13:45:00,EUR,high,ECB Press Conference,2022-12-15T13:42:00,2022-12-15T13:48:00,forexfactory,EZ
2022-12-16T08:15:00,EUR,high,French Flash Services PMI,2022-12-16T08:12:00,2022-12-16T08:18:00,forexfactory,FR
2022-12-16T08:30:00,EUR,high,German Flash Services PMI,2022-12-16T08:27:00,2022-12-16T08:33:00,forexfactory,GE
2022-12-16T08:30:00,EUR,high,German Flash Manufacturing PMI,2022-12-16T08:27:00,2022-12-16T08:33:00,forexfactory,GE
2022-12-16T14:45:00,USD,high,Flash Services PMI,2022-12-16T14:42:00,2022-12-16T14:48:00,forexfactory,US
2022-12-21T15:00:00,USD,high,CB Consumer Confidence,2022-12-21T14:57:00,2022-12-21T15:03:00,forexfactory,US
2022-12-23T13:30:00,USD,high,Core PCE Price Index m/m,2022-12-23T13:27:00,2022-12-23T13:33:00,forexfactory,US
2023-01-04T15:00:00,USD,high,ISM Manufacturing PMI,2023-01-04T14:57:00,2023-01-04T15:03:00,forexfactory,US
2023-01-04T15:00:00,USD,high,JOLTS Job Openings,2023-01-04T14:57:00,2023-01-04T15:03:00,forexfactory,US
2023-01-04T19:00:00,USD,high,FOMC Meeting Minutes,2023-01-04T18:57:00,2023-01-04T19:03:00,forexfactory,US
2023-01-05T13:15:00,USD,high,ADP Non-Farm Employment Change,2023-01-05T13:12:00,2023-01-05T13:18:00,forexfactory,US
2023-01-06T13:30:00,USD,high,Non-Farm Employment Change,2023-01-06T13:27:00,2023-01-06T13:33:00,forexfactory,US
2023-01-06T13:30:00,USD,high,Unemployment Rate,2023-01-06T13:27:00,2023-01-06T13:33:00,forexfactory,US
2023-01-06T13:30:00,USD,high,Average Hourly Earnings m/m,2023-01-06T13:27:00,2023-01-06T13:33:00,forexfactory,US
2023-01-06T15:00:00,USD,high,ISM Services PMI,2023-01-06T14:57:00,2023-01-06T15:03:00,forexfactory,US
2023-01-10T14:00:00,USD,high,Fed Chairman Powell Speaks,2023-01-10T13:57:00,2023-01-10T14:03:00,forexfactory,US
2023-01-12T13:30:00,USD,high,CPI m/m,2023-01-12T13:27:00,2023-01-12T13:33:00,forexfactory,US
2023-01-12T13:30:00,USD,high,CPI y/y,2023-01-12T13:27:00,2023-01-12T13:33:00,forexfactory,US
2023-01-12T13:30:00,USD,high,Core CPI m/m,2023-01-12T13:27:00,2023-01-12T13:33:00,forexfactory,US
2023-01-13T15:00:00,USD,high,Prelim UoM Consumer Sentiment,2023-01-13T14:57:00,2023-01-13T15:03:00,forexfactory,US
2023-01-17T13:30:00,USD,high,Empire State Manufacturing Index,2023-01-17T13:27:00,2023-01-17T13:33:00,forexfactory,US
2023-01-18T13:30:00,USD,high,Retail Sales m/m,2023-01-18T13:27:00,2023-01-18T13:33:00,forexfactory,US
2023-01-18T13:30:00,USD,high,PPI m/m,2023-01-18T13:27:00,2023-01-18T13:33:00,forexfactory,US
2023-01-18T13:30:00,USD,high,Core PPI m/m,2023-01-18T13:27:00,2023-01-18T13:33:00,forexfactory,US
2023-01-18T13:30:00,USD,high,Core Retail Sales m/m,2023-01-18T13:27:00,2023-01-18T13:33:00,forexfactory,US
2023-01-24T14:45:00,USD,high,Flash Services PMI,2023-01-24T14:42:00,2023-01-24T14:48:00,forexfactory,US
2023-01-26T13:30:00,USD,high,Advance GDP q/q,2023-01-26T13:27:00,2023-01-26T13:33:00,forexfactory,US
2023-01-27T13:30:00,USD,high,Core PCE Price Index m/m,2023-01-27T13:27:00,2023-01-27T13:33:00,forexfactory,US
2023-01-31T15:00:00,USD,high,CB Consumer Confidence,2023-01-31T14:57:00,2023-01-31T15:03:00,forexfactory,US
2023-02-01T13:15:00,USD,high,ADP Non-Farm Employment Change,2023-02-01T13:12:00,2023-02-01T13:18:00,forexfactory,US
2023-02-01T15:00:00,USD,high,JOLTS Job Openings,2023-02-01T14:57:00,2023-02-01T15:03:00,forexfactory,US
2023-02-01T15:00:00,USD,high,ISM Manufacturing PMI,2023-02-01T14:57:00,2023-02-01T15:03:00,forexfactory,US
2023-02-01T19:00:00,USD,high,FOMC Statement,2023-02-01T18:57:00,2023-02-01T19:03:00,forexfactory,US
2023-02-01T19:00:00,USD,high,Federal Funds Rate,2023-02-01T18:57:00,2023-02-01T19:03:00,forexfactory,US
2023-02-01T19:30:00,USD,high,FOMC Press Conference,2023-02-01T19:27:00,2023-02-01T19:33:00,forexfactory,US
2023-02-02T13:15:00,EUR,high,Main Refinancing Rate,2023-02-02T13:12:00,2023-02-02T13:18:00,forexfactory,EZ
2023-02-02T13:15:00,EUR,high,Monetary Policy Statement,2023-02-02T13:12:00,2023-02-02T13:18:00,forexfactory,EZ
2023-02-02T13:45:00,EUR,high,ECB Press Conference,2023-02-02T13:42:00,2023-02-02T13:48:00,forexfactory,EZ
2023-02-03T13:30:00,USD,high,Average Hourly Earnings m/m,2023-02-03T13:27:00,2023-02-03T13:33:00,forexfactory,US
2023-02-03T13:30:00,USD,high,Non-Farm Employment Change,2023-02-03T13:27:00,2023-02-03T13:33:00,forexfactory,US
2023-02-03T13:30:00,USD,high,Unemployment Rate,2023-02-03T13:27:00,2023-02-03T13:33:00,forexfactory,US
2023-02-03T15:00:00,USD,high,ISM Services PMI,2023-02-03T14:57:00,2023-02-03T15:03:00,forexfactory,US
2023-02-07T17:40:00,USD,high,Fed Chairman Powell Speaks,2023-02-07T17:37:00,2023-02-07T17:43:00,forexfactory,US
2023-02-08T14:15:00,USD,high,FOMC Member Williams Speaks,2023-02-08T14:12:00,2023-02-08T14:18:00,forexfactory,US
2023-02-10T15:00:00,USD,high,Prelim UoM Consumer Sentiment,2023-02-10T14:57:00,2023-02-10T15:03:00,forexfactory,US
2023-02-14T13:30:00,USD,high,CPI y/y,2023-02-14T13:27:00,2023-02-14T13:33:00,forexfactory,US
2023-02-14T13:30:00,USD,high,Core CPI m/m,2023-02-14T13:27:00,2023-02-14T13:33:00,forexfactory,US
2023-02-14T13:30:00,USD,high,CPI m/m,2023-02-14T13:27:00,2023-02-14T13:33:00,forexfactory,US
2023-02-15T13:30:00,USD,high,Retail Sales m/m,2023-02-15T13:27:00,2023-02-15T13:33:00,forexfactory,US
2023-02-15T13:30:00,USD,high,Empire State Manufacturing Index,2023-02-15T13:27:00,2023-02-15T13:33:00,forexfactory,US
2023-02-15T13:30:00,USD,high,Core Retail Sales m/m,2023-02-15T13:27:00,2023-02-15T13:33:00,forexfactory,US
2023-02-16T13:30:00,USD,high,Core PPI m/m,2023-02-16T13:27:00,2023-02-16T13:33:00,forexfactory,US
2023-02-16T13:30:00,USD,high,PPI m/m,2023-02-16T13:27:00,2023-02-16T13:33:00,forexfactory,US
2023-02-21T14:45:00,USD,high,Flash Services PMI,2023-02-21T14:42:00,2023-02-21T14:48:00,forexfactory,US
2023-02-22T19:00:00,USD,high,FOMC Meeting Minutes,2023-02-22T18:57:00,2023-02-22T19:03:00,forexfactory,US
2023-02-23T13:30:00,USD,high,Prelim GDP q/q,2023-02-23T13:27:00,2023-02-23T13:33:00,forexfactory,US
2023-02-24T13:30:00,USD,high,Core PCE Price Index m/m,2023-02-24T13:27:00,2023-02-24T13:33:00,forexfactory,US
2023-02-28T15:00:00,USD,high,CB Consumer Confidence,2023-02-28T14:57:00,2023-02-28T15:03:00,forexfactory,US
2023-03-01T15:00:00,USD,high,ISM Manufacturing PMI,2023-03-01T14:57:00,2023-03-01T15:03:00,forexfactory,US
2023-03-03T15:00:00,USD,high,ISM Services PMI,2023-03-03T14:57:00,2023-03-03T15:03:00,forexfactory,US
2023-03-07T15:00:00,USD,high,Fed Chairman Powell Testifies,2023-03-07T14:57:00,2023-03-07T15:03:00,forexfactory,US
2023-03-08T13:15:00,USD,high,ADP Non-Farm Employment Change,2023-03-08T13:12:00,2023-03-08T13:18:00,forexfactory,US
2023-03-08T15:00:00,USD,high,Fed Chairman Powell Testifies,2023-03-08T14:57:00,2023-03-08T15:03:00,forexfactory,US
2023-03-08T15:00:00,USD,high,JOLTS Job Openings,2023-03-08T14:57:00,2023-03-08T15:03:00,forexfactory,US
2023-03-10T13:30:00,USD,high,Average Hourly Earnings m/m,2023-03-10T13:27:00,2023-03-10T13:33:00,forexfactory,US
2023-03-10T13:30:00,USD,high,Non-Farm Employment Change,2023-03-10T13:27:00,2023-03-10T13:33:00,forexfactory,US
2023-03-10T13:30:00,USD,high,Unemployment Rate,2023-03-10T13:27:00,2023-03-10T13:33:00,forexfactory,US
2023-03-12T22:20:00,USD,high,Fed Announcement,2023-03-12T22:17:00,2023-03-12T22:23:00,forexfactory,US
2023-03-14T12:30:00,USD,high,CPI m/m,2023-03-14T12:27:00,2023-03-14T12:33:00,forexfactory,US
2023-03-14T12:30:00,USD,high,CPI y/y,2023-03-14T12:27:00,2023-03-14T12:33:00,forexfactory,US
2023-03-14T12:30:00,USD,high,Core CPI m/m,2023-03-14T12:27:00,2023-03-14T12:33:00,forexfactory,US
2023-03-15T12:30:00,USD,high,Core PPI m/m,2023-03-15T12:27:00,2023-03-15T12:33:00,forexfactory,US
2023-03-15T12:30:00,USD,high,Core Retail Sales m/m,2023-03-15T12:27:00,2023-03-15T12:33:00,forexfactory,US
2023-03-15T12:30:00,USD,high,Empire State Manufacturing Index,2023-03-15T12:27:00,2023-03-15T12:33:00,forexfactory,US
2023-03-15T12:30:00,USD,high,PPI m/m,2023-03-15T12:27:00,2023-03-15T12:33:00,forexfactory,US
2023-03-15T12:30:00,USD,high,Retail Sales m/m,2023-03-15T12:27:00,2023-03-15T12:33:00,forexfactory,US
2023-03-16T12:30:00,USD,high,Unemployment Claims,2023-03-16T12:27:00,2023-03-16T12:33:00,forexfactory,US
2023-03-16T13:15:00,EUR,high,Main Refinancing Rate,2023-03-16T13:12:00,2023-03-16T13:18:00,forexfactory,EZ
2023-03-16T13:15:00,EUR,high,Monetary Policy Statement,2023-03-16T13:12:00,2023-03-16T13:18:00,forexfactory,EZ
2023-03-16T13:45:00,EUR,high,ECB Press Conference,2023-03-16T13:42:00,2023-03-16T13:48:00,forexfactory,EZ
2023-03-17T14:00:00,USD,high,Prelim UoM Consumer Sentiment,2023-03-17T13:57:00,2023-03-17T14:03:00,forexfactory,US
2023-03-19T21:00:00,USD,high,Fed Announcement,2023-03-19T20:57:00,2023-03-19T21:03:00,forexfactory,US
2023-03-22T18:00:00,USD,high,FOMC Economic Projections,2023-03-22T17:57:00,2023-03-22T18:03:00,forexfactory,US
2023-03-22T18:00:00,USD,high,FOMC Statement,2023-03-22T17:57:00,2023-03-22T18:03:00,forexfactory,US
2023-03-22T18:00:00,USD,high,Federal Funds Rate,2023-03-22T17:57:00,2023-03-22T18:03:00,forexfactory,US
2023-03-22T18:30:00,USD,high,FOMC Press Conference,2023-03-22T18:27:00,2023-03-22T18:33:00,forexfactory,US
2023-03-23T12:30:00,USD,high,Unemployment Claims,2023-03-23T12:27:00,2023-03-23T12:33:00,forexfactory,US
2023-03-24T08:15:00,EUR,high,French Flash Manufacturing PMI,2023-03-24T08:12:00,2023-03-24T08:18:00,forexfactory,FR
2023-03-24T08:15:00,EUR,high,French Flash Services PMI,2023-03-24T08:12:00,2023-03-24T08:18:00,forexfactory,FR
2023-03-24T08:30:00,EUR,high,German Flash Manufacturing PMI,2023-03-24T08:27:00,2023-03-24T08:33:00,forexfactory,GE
2023-03-24T08:30:00,EUR,high,German Flash Services PMI,2023-03-24T08:27:00,2023-03-24T08:33:00,forexfactory,GE
2023-03-24T13:45:00,USD,high,Flash Manufacturing PMI,2023-03-24T13:42:00,2023-03-24T13:48:00,forexfactory,US
2023-03-24T13:45:00,USD,high,Flash Services PMI,2023-03-24T13:42:00,2023-03-24T13:48:00,forexfactory,US
2023-03-28T14:00:00,USD,high,CB Consumer Confidence,2023-03-28T13:57:00,2023-03-28T14:03:00,forexfactory,US
2023-03-30T12:30:00,USD,high,Unemployment Claims,2023-03-30T12:27:00,2023-03-30T12:33:00,forexfactory,US
2023-03-30T12:30:00,USD,high,Final GDP q/q,2023-03-30T12:27:00,2023-03-30T12:33:00,forexfactory,US
2023-03-31T12:30:00,USD,high,Core PCE Price Index m/m,2023-03-31T12:27:00,2023-03-31T12:33:00,forexfactory,US
2023-04-03T14:00:00,USD,high,ISM Manufacturing PMI,2023-04-03T13:57:00,2023-04-03T14:03:00,forexfactory,US
2023-04-04T14:00:00,USD,high,JOLTS Job Openings,2023-04-04T13:57:00,2023-04-04T14:03:00,forexfactory,US
2023-04-05T12:15:00,USD,high,ADP Non-Farm Employment Change,2023-04-05T12:12:00,2023-04-05T12:18:00,forexfactory,US
2023-04-05T14:00:00,USD,high,ISM Services PMI,2023-04-05T13:57:00,2023-04-05T14:03:00,forexfactory,US
2023-04-06T12:30:00,USD,high,Unemployment Claims,2023-04-06T12:27:00,2023-04-06T12:33:00,forexfactory,US
2023-04-07T12:30:00,USD,high,Unemployment Rate,2023-04-07T12:27:00,2023-04-07T12:33:00,forexfactory,US
2023-04-07T12:30:00,USD,high,Non-Farm Employment Change,2023-04-07T12:27:00,2023-04-07T12:33:00,forexfactory,US
2023-04-07T12:30:00,USD,high,Average Hourly Earnings m/m,2023-04-07T12:27:00,2023-04-07T12:33:00,forexfactory,US
2023-04-12T12:30:00,USD,high,CPI m/m,2023-04-12T12:27:00,2023-04-12T12:33:00,forexfactory,US
2023-04-12T12:30:00,USD,high,CPI y/y,2023-04-12T12:27:00,2023-04-12T12:33:00,forexfactory,US
2023-04-12T12:30:00,USD,high,Core CPI m/m,2023-04-12T12:27:00,2023-04-12T12:33:00,forexfactory,US
2023-04-12T18:00:00,USD,high,FOMC Meeting Minutes,2023-04-12T17:57:00,2023-04-12T18:03:00,forexfactory,US
2023-04-13T12:30:00,USD,high,Core PPI m/m,2023-04-13T12:27:00,2023-04-13T12:33:00,forexfactory,US
2023-04-13T12:30:00,USD,high,PPI m/m,2023-04-13T12:27:00,2023-04-13T12:33:00,forexfactory,US
2023-04-13T12:30:00,USD,high,Unemployment Claims,2023-04-13T12:27:00,2023-04-13T12:33:00,forexfactory,US
2023-04-14T12:30:00,USD,high,Retail Sales m/m,2023-04-14T12:27:00,2023-04-14T12:33:00,forexfactory,US
2023-04-14T12:30:00,USD,high,Core Retail Sales m/m,2023-04-14T12:27:00,2023-04-14T12:33:00,forexfactory,US
2023-04-14T14:00:00,USD,high,Prelim UoM Consumer Sentiment,2023-04-14T13:57:00,2023-04-14T14:03:00,forexfactory,US
2023-04-17T12:30:00,USD,high,Empire State Manufacturing Index,2023-04-17T12:27:00,2023-04-17T12:33:00,forexfactory,US
2023-04-20T12:30:00,USD,high,Unemployment Claims,2023-04-20T12:27:00,2023-04-20T12:33:00,forexfactory,US
2023-04-21T07:15:00,EUR,high,French Flash Manufacturing PMI,2023-04-21T07:12:00,2023-04-21T07:18:00,forexfactory,FR
2023-04-21T07:15:00,EUR,high,French Flash Services PMI,2023-04-21T07:12:00,2023-04-21T07:18:00,forexfactory,FR
2023-04-21T07:30:00,EUR,high,German Flash Manufacturing PMI,2023-04-21T07:27:00,2023-04-21T07:33:00,forexfactory,GE
2023-04-21T07:30:00,EUR,high,German Flash Services PMI,2023-04-21T07:27:00,2023-04-21T07:33:00,forexfactory,GE
2023-04-21T13:45:00,USD,high,Flash Services PMI,2023-04-21T13:42:00,2023-04-21T13:48:00,forexfactory,US
2023-04-21T13:45:00,USD,high,Flash Manufacturing PMI,2023-04-21T13:42:00,2023-04-21T13:48:00,forexfactory,US
2023-04-25T14:00:00,USD,high,CB Consumer Confidence,2023-04-25T13:57:00,2023-04-25T14:03:00,forexfactory,US
2023-04-27T12:30:00,USD,high,Advance GDP q/q,2023-04-27T12:27:00,2023-04-27T12:33:00,forexfactory,US
2023-04-27T12:30:00,USD,high,Unemployment Claims,2023-04-27T12:27:00,2023-04-27T12:33:00,forexfactory,US
2023-04-28T12:30:00,USD,high,Core PCE Price Index m/m,2023-04-28T12:27:00,2023-04-28T12:33:00,forexfactory,US
2023-04-28T12:30:00,USD,high,Employment Cost Index q/q,2023-04-28T12:27:00,2023-04-28T12:33:00,forexfactory,US
2023-05-01T14:00:00,USD,high,ISM Manufacturing PMI,2023-05-01T13:57:00,2023-05-01T14:03:00,forexfactory,US
2023-05-02T14:00:00,USD,high,JOLTS Job Openings,2023-05-02T13:57:00,2023-05-02T14:03:00,forexfactory,US
2023-05-03T12:15:00,USD,high,ADP Non-Farm Employment Change,2023-05-03T12:12:00,2023-05-03T12:18:00,forexfactory,US
2023-05-03T14:00:00,USD,high,ISM Services PMI,2023-05-03T13:57:00,2023-05-03T14:03:00,forexfactory,US
2023-05-03T18:00:00,USD,high,FOMC Statement,2023-05-03T17:57:00,2023-05-03T18:03:00,forexfactory,US
2023-05-03T18:00:00,USD,high,Federal Funds Rate,2023-05-03T17:57:00,2023-05-03T18:03:00,forexfactory,US
2023-05-03T18:30:00,USD,high,FOMC Press Conference,2023-05-03T18:27:00,2023-05-03T18:33:00,forexfactory,US
2023-05-04T12:15:00,EUR,high,Main Refinancing Rate,2023-05-04T12:12:00,2023-05-04T12:18:00,forexfactory,EZ
2023-05-04T12:15:00,EUR,high,Monetary Policy Statement,2023-05-04T12:12:00,2023-05-04T12:18:00,forexfactory,EZ
2023-05-04T12:30:00,USD,high,Unemployment Claims,2023-05-04T12:27:00,2023-05-04T12:33:00,forexfactory,US
2023-05-04T12:45:00,EUR,high,ECB Press Conference,2023-05-04T12:42:00,2023-05-04T12:48:00,forexfactory,EZ
2023-05-05T12:30:00,USD,high,Average Hourly Earnings m/m,2023-05-05T12:27:00,2023-05-05T12:33:00,forexfactory,US
2023-05-05T12:30:00,USD,high,Non-Farm Employment Change,2023-05-05T12:27:00,2023-05-05T12:33:00,forexfactory,US
2023-05-05T12:30:00,USD,high,Unemployment Rate,2023-05-05T12:27:00,2023-05-05T12:33:00,forexfactory,US
2023-05-10T12:30:00,USD,high,CPI m/m,2023-05-10T12:27:00,2023-05-10T12:33:00,forexfactory,US
2023-05-10T12:30:00,USD,high,CPI y/y,2023-05-10T12:27:00,2023-05-10T12:33:00,forexfactory,US
2023-05-10T12:30:00,USD,high,Core CPI m/m,2023-05-10T12:27:00,2023-05-10T12:33:00,forexfactory,US
2023-05-11T12:30:00,USD,high,PPI m/m,2023-05-11T12:27:00,2023-05-11T12:33:00,forexfactory,US
2023-05-11T12:30:00,USD,high,Unemployment Claims,2023-05-11T12:27:00,2023-05-11T12:33:00,forexfactory,US
2023-05-11T12:30:00,USD,high,Core PPI m/m,2023-05-11T12:27:00,2023-05-11T12:33:00,forexfactory,US
2023-05-12T14:00:00,USD,high,Prelim UoM Consumer Sentiment,2023-05-12T13:57:00,2023-05-12T14:03:00,forexfactory,US
2023-05-15T12:30:00,USD,high,Empire State Manufacturing Index,2023-05-15T12:27:00,2023-05-15T12:33:00,forexfactory,US
2023-05-16T12:30:00,USD,high,Core Retail Sales m/m,2023-05-16T12:27:00,2023-05-16T12:33:00,forexfactory,US
2023-05-16T12:30:00,USD,high,Retail Sales m/m,2023-05-16T12:27:00,2023-05-16T12:33:00,forexfactory,US
2023-05-18T12:30:00,USD,high,Unemployment Claims,2023-05-18T12:27:00,2023-05-18T12:33:00,forexfactory,US
2023-05-19T15:00:00,USD,high,Fed Chairman Powell Speaks,2023-05-19T14:57:00,2023-05-19T15:03:00,forexfactory,US
2023-05-23T07:15:00,EUR,high,French Flash Manufacturing PMI,2023-05-23T07:12:00,2023-05-23T07:18:00,forexfactory,FR
2023-05-23T07:15:00,EUR,high,French Flash Services PMI,2023-05-23T07:12:00,2023-05-23T07:18:00,forexfactory,FR
2023-05-23T07:30:00,EUR,high,German Flash Services PMI,2023-05-23T07:27:00,2023-05-23T07:33:00,forexfactory,GE
2023-05-23T07:30:00,EUR,high,German Flash Manufacturing PMI,2023-05-23T07:27:00,2023-05-23T07:33:00,forexfactory,GE
2023-05-23T13:45:00,USD,high,Flash Manufacturing PMI,2023-05-23T13:42:00,2023-05-23T13:48:00,forexfactory,US
2023-05-23T13:45:00,USD,high,Flash Services PMI,2023-05-23T13:42:00,2023-05-23T13:48:00,forexfactory,US
2023-05-24T18:00:00,USD,high,FOMC Meeting Minutes,2023-05-24T17:57:00,2023-05-24T18:03:00,forexfactory,US
2023-05-25T12:30:00,USD,high,Prelim GDP q/q,2023-05-25T12:27:00,2023-05-25T12:33:00,forexfactory,US
2023-05-25T12:30:00,USD,high,Unemployment Claims,2023-05-25T12:27:00,2023-05-25T12:33:00,forexfactory,US
2023-05-26T12:30:00,USD,high,Core PCE Price Index m/m,2023-05-26T12:27:00,2023-05-26T12:33:00,forexfactory,US
2023-05-30T14:00:00,USD,high,CB Consumer Confidence,2023-05-30T13:57:00,2023-05-30T14:03:00,forexfactory,US
2023-05-31T14:00:00,USD,high,JOLTS Job Openings,2023-05-31T13:57:00,2023-05-31T14:03:00,forexfactory,US
2023-06-01T09:00:00,EUR,high,CPI Flash Estimate y/y,2023-06-01T08:57:00,2023-06-01T09:03:00,forexfactory,EZ
2023-06-01T12:15:00,USD,high,ADP Non-Farm Employment Change,2023-06-01T12:12:00,2023-06-01T12:18:00,forexfactory,US
2023-06-01T12:30:00,USD,high,Unemployment Claims,2023-06-01T12:27:00,2023-06-01T12:33:00,forexfactory,US
2023-06-01T14:00:00,USD,high,ISM Manufacturing PMI,2023-06-01T13:57:00,2023-06-01T14:03:00,forexfactory,US
2023-06-02T12:30:00,USD,high,Average Hourly Earnings m/m,2023-06-02T12:27:00,2023-06-02T12:33:00,forexfactory,US
2023-06-02T12:30:00,USD,high,Non-Farm Employment Change,2023-06-02T12:27:00,2023-06-02T12:33:00,forexfactory,US
2023-06-02T12:30:00,USD,high,Unemployment Rate,2023-06-02T12:27:00,2023-06-02T12:33:00,forexfactory,US
2023-06-05T14:00:00,USD,high,ISM Services PMI,2023-06-05T13:57:00,2023-06-05T14:03:00,forexfactory,US
2023-06-08T12:30:00,USD,high,Unemployment Claims,2023-06-08T12:27:00,2023-06-08T12:33:00,forexfactory,US
2023-06-13T12:30:00,USD,high,Core CPI m/m,2023-06-13T12:27:00,2023-06-13T12:33:00,forexfactory,US
2023-06-13T12:30:00,USD,high,CPI m/m,2023-06-13T12:27:00,2023-06-13T12:33:00,forexfactory,US
2023-06-13T12:30:00,USD,high,CPI y/y,2023-06-13T12:27:00,2023-06-13T12:33:00,forexfactory,US
2023-06-14T12:30:00,USD,high,Core PPI m/m,2023-06-14T12:27:00,2023-06-14T12:33:00,forexfactory,US
2023-06-14T12:30:00,USD,high,PPI m/m,2023-06-14T12:27:00,2023-06-14T12:33:00,forexfactory,US
2023-06-14T18:00:00,USD,high,FOMC Economic Projections,2023-06-14T17:57:00,2023-06-14T18:03:00,forexfactory,US
2023-06-14T18:00:00,USD,high,FOMC Statement,2023-06-14T17:57:00,2023-06-14T18:03:00,forexfactory,US
2023-06-14T18:00:00,USD,high,Federal Funds Rate,2023-06-14T17:57:00,2023-06-14T18:03:00,forexfactory,US
2023-06-14T18:30:00,USD,high,FOMC Press Conference,2023-06-14T18:27:00,2023-06-14T18:33:00,forexfactory,US
2023-06-15T12:15:00,EUR,high,Main Refinancing Rate,2023-06-15T12:12:00,2023-06-15T12:18:00,forexfactory,EZ
2023-06-15T12:15:00,EUR,high,Monetary Policy Statement,2023-06-15T12:12:00,2023-06-15T12:18:00,forexfactory,EZ
2023-06-15T12:30:00,USD,high,Core Retail Sales m/m,2023-06-15T12:27:00,2023-06-15T12:33:00,forexfactory,US
2023-06-15T12:30:00,USD,high,Empire State Manufacturing Index,2023-06-15T12:27:00,2023-06-15T12:33:00,forexfactory,US
2023-06-15T12:30:00,USD,high,Retail Sales m/m,2023-06-15T12:27:00,2023-06-15T12:33:00,forexfactory,US
2023-06-15T12:30:00,USD,high,Unemployment Claims,2023-06-15T12:27:00,2023-06-15T12:33:00,forexfactory,US
2023-06-15T12:45:00,EUR,high,ECB Press Conference,2023-06-15T12:42:00,2023-06-15T12:48:00,forexfactory,EZ
2023-06-16T14:00:00,USD,high,Prelim UoM Consumer Sentiment,2023-06-16T13:57:00,2023-06-16T14:03:00,forexfactory,US
2023-06-16T18:00:00,USD,high,Treasury Currency Report,2023-06-16T17:57:00,2023-06-16T18:03:00,forexfactory,US
2023-06-21T14:00:00,USD,high,Fed Gov Nomination Hearings,2023-06-21T13:57:00,2023-06-21T14:03:00,forexfactory,US
2023-06-21T14:00:00,USD,high,Fed Chairman Powell Testifies,2023-06-21T13:57:00,2023-06-21T14:03:00,forexfactory,US
2023-06-22T12:30:00,USD,high,Unemployment Claims,2023-06-22T12:27:00,2023-06-22T12:33:00,forexfactory,US
2023-06-22T14:00:00,USD,high,Fed Chairman Powell Testifies,2023-06-22T13:57:00,2023-06-22T14:03:00,forexfactory,US
2023-06-23T07:15:00,EUR,high,French Flash Manufacturing PMI,2023-06-23T07:12:00,2023-06-23T07:18:00,forexfactory,FR
2023-06-23T07:15:00,EUR,high,French Flash Services PMI,2023-06-23T07:12:00,2023-06-23T07:18:00,forexfactory,FR
2023-06-23T07:30:00,EUR,high,German Flash Manufacturing PMI,2023-06-23T07:27:00,2023-06-23T07:33:00,forexfactory,GE
2023-06-23T07:30:00,EUR,high,German Flash Services PMI,2023-06-23T07:27:00,2023-06-23T07:33:00,forexfactory,GE
2023-06-23T13:45:00,USD,high,Flash Manufacturing PMI,2023-06-23T13:42:00,2023-06-23T13:48:00,forexfactory,US
2023-06-23T13:45:00,USD,high,Flash Services PMI,2023-06-23T13:42:00,2023-06-23T13:48:00,forexfactory,US
2023-06-27T14:00:00,USD,high,CB Consumer Confidence,2023-06-27T13:57:00,2023-06-27T14:03:00,forexfactory,US
2023-06-28T13:30:00,USD,high,Fed Chairman Powell Speaks,2023-06-28T13:27:00,2023-06-28T13:33:00,forexfactory,US
2023-06-29T06:30:00,USD,high,Fed Chairman Powell Speaks,2023-06-29T06:27:00,2023-06-29T06:33:00,forexfactory,US
2023-06-29T12:30:00,USD,high,Final GDP q/q,2023-06-29T12:27:00,2023-06-29T12:33:00,forexfactory,US
2023-06-29T12:32:00,USD,high,Unemployment Claims,2023-06-29T12:29:00,2023-06-29T12:35:00,forexfactory,US
2023-06-30T12:30:00,USD,high,Core PCE Price Index m/m,2023-06-30T12:27:00,2023-06-30T12:33:00,forexfactory,US
2023-07-03T14:00:00,USD,high,ISM Manufacturing PMI,2023-07-03T13:57:00,2023-07-03T14:03:00,forexfactory,US
2023-07-05T18:00:00,USD,high,FOMC Meeting Minutes,2023-07-05T17:57:00,2023-07-05T18:03:00,forexfactory,US
2023-07-06T12:15:00,USD,high,ADP Non-Farm Employment Change,2023-07-06T12:12:00,2023-07-06T12:18:00,forexfactory,US
2023-07-06T12:30:00,USD,high,Unemployment Claims,2023-07-06T12:27:00,2023-07-06T12:33:00,forexfactory,US
2023-07-06T14:00:00,USD,high,ISM Services PMI,2023-07-06T13:57:00,2023-07-06T14:03:00,forexfactory,US
2023-07-06T14:00:00,USD,high,JOLTS Job Openings,2023-07-06T13:57:00,2023-07-06T14:03:00,forexfactory,US
2023-07-07T12:30:00,USD,high,Average Hourly Earnings m/m,2023-07-07T12:27:00,2023-07-07T12:33:00,forexfactory,US
2023-07-07T12:30:00,USD,high,Non-Farm Employment Change,2023-07-07T12:27:00,2023-07-07T12:33:00,forexfactory,US
2023-07-07T12:30:00,USD,high,Unemployment Rate,2023-07-07T12:27:00,2023-07-07T12:33:00,forexfactory,US
2023-07-12T12:30:00,USD,high,CPI m/m,2023-07-12T12:27:00,2023-07-12T12:33:00,forexfactory,US
2023-07-12T12:30:00,USD,high,CPI y/y,2023-07-12T12:27:00,2023-07-12T12:33:00,forexfactory,US
2023-07-12T12:30:00,USD,high,Core CPI m/m,2023-07-12T12:27:00,2023-07-12T12:33:00,forexfactory,US
2023-07-13T12:30:00,USD,high,Unemployment Claims,2023-07-13T12:27:00,2023-07-13T12:33:00,forexfactory,US
2023-07-13T12:30:00,USD,high,Core PPI m/m,2023-07-13T12:27:00,2023-07-13T12:33:00,forexfactory,US
2023-07-13T12:30:00,USD,high,PPI m/m,2023-07-13T12:27:00,2023-07-13T12:33:00,forexfactory,US
2023-07-14T14:00:00,USD,high,Prelim UoM Consumer Sentiment,2023-07-14T13:57:00,2023-07-14T14:03:00,forexfactory,US
2023-07-17T12:30:00,USD,high,Empire State Manufacturing Index,2023-07-17T12:27:00,2023-07-17T12:33:00,forexfactory,US
2023-07-18T12:30:00,USD,high,Core Retail Sales m/m,2023-07-18T12:27:00,2023-07-18T12:33:00,forexfactory,US
2023-07-18T12:30:00,USD,high,Retail Sales m/m,2023-07-18T12:27:00,2023-07-18T12:33:00,forexfactory,US
2023-07-19T12:30:00,USD,high,Housing Starts,2023-07-19T12:27:00,2023-07-19T12:33:00,forexfactory,US
2023-07-20T12:30:00,USD,high,Unemployment Claims,2023-07-20T12:27:00,2023-07-20T12:33:00,forexfactory,US
2023-07-24T07:15:00,EUR,high,French Flash Services PMI,2023-07-24T07:12:00,2023-07-24T07:18:00,forexfactory,FR
2023-07-24T07:15:00,EUR,high,French Flash Manufacturing PMI,2023-07-24T07:12:00,2023-07-24T07:18:00,forexfactory,FR
2023-07-24T07:30:00,EUR,high,German Flash Manufacturing PMI,2023-07-24T07:27:00,2023-07-24T07:33:00,forexfactory,GE
2023-07-24T07:30:00,EUR,high,German Flash Services PMI,2023-07-24T07:27:00,2023-07-24T07:33:00,forexfactory,GE
2023-07-24T13:45:00,USD,high,Flash Manufacturing PMI,2023-07-24T13:42:00,2023-07-24T13:48:00,forexfactory,US
2023-07-24T13:45:00,USD,high,Flash Services PMI,2023-07-24T13:42:00,2023-07-24T13:48:00,forexfactory,US
2023-07-25T14:00:00,USD,high,CB Consumer Confidence,2023-07-25T13:57:00,2023-07-25T14:03:00,forexfactory,US
2023-07-26T18:00:00,USD,high,FOMC Statement,2023-07-26T17:57:00,2023-07-26T18:03:00,forexfactory,US
2023-07-26T18:00:00,USD,high,Federal Funds Rate,2023-07-26T17:57:00,2023-07-26T18:03:00,forexfactory,US
2023-07-26T18:30:00,USD,high,FOMC Press Conference,2023-07-26T18:27:00,2023-07-26T18:33:00,forexfactory,US
2023-07-27T12:15:00,EUR,high,Monetary Policy Statement,2023-07-27T12:12:00,2023-07-27T12:18:00,forexfactory,EZ
2023-07-27T12:15:00,EUR,high,Main Refinancing Rate,2023-07-27T12:12:00,2023-07-27T12:18:00,forexfactory,EZ
2023-07-27T12:30:00,USD,high,Advance GDP q/q,2023-07-27T12:27:00,2023-07-27T12:33:00,forexfactory,US
2023-07-27T12:30:00,USD,high,Unemployment Claims,2023-07-27T12:27:00,2023-07-27T12:33:00,forexfactory,US
2023-07-27T12:45:00,EUR,high,ECB Press Conference,2023-07-27T12:42:00,2023-07-27T12:48:00,forexfactory,EZ
2023-07-28T12:30:00,USD,high,Core PCE Price Index m/m,2023-07-28T12:27:00,2023-07-28T12:33:00,forexfactory,US
2023-07-28T12:30:00,USD,high,Employment Cost Index q/q,2023-07-28T12:27:00,2023-07-28T12:33:00,forexfactory,US
2023-07-28T14:00:00,USD,high,Revised UoM Consumer Sentiment,2023-07-28T13:57:00,2023-07-28T14:03:00,forexfactory,US
2023-08-01T14:00:00,USD,high,JOLTS Job Openings,2023-08-01T13:57:00,2023-08-01T14:03:00,forexfactory,US
2023-08-01T14:00:00,USD,high,ISM Manufacturing PMI,2023-08-01T13:57:00,2023-08-01T14:03:00,forexfactory,US
2023-08-02T12:15:00,USD,high,ADP Non-Farm Employment Change,2023-08-02T12:12:00,2023-08-02T12:18:00,forexfactory,US
2023-08-03T12:30:00,USD,high,Unemployment Claims,2023-08-03T12:27:00,2023-08-03T12:33:00,forexfactory,US
2023-08-03T14:00:00,USD,high,ISM Services PMI,2023-08-03T13:57:00,2023-08-03T14:03:00,forexfactory,US
2023-08-04T12:30:00,USD,high,Average Hourly Earnings m/m,2023-08-04T12:27:00,2023-08-04T12:33:00,forexfactory,US
2023-08-04T12:30:00,USD,high,Non-Farm Employment Change,2023-08-04T12:27:00,2023-08-04T12:33:00,forexfactory,US
2023-08-04T12:30:00,USD,high,Unemployment Rate,2023-08-04T12:27:00,2023-08-04T12:33:00,forexfactory,US
2023-08-10T12:30:00,USD,high,CPI m/m,2023-08-10T12:27:00,2023-08-10T12:33:00,forexfactory,US
2023-08-10T12:30:00,USD,high,CPI y/y,2023-08-10T12:27:00,2023-08-10T12:33:00,forexfactory,US
2023-08-10T12:30:00,USD,high,Core CPI m/m,2023-08-10T12:27:00,2023-08-10T12:33:00,forexfactory,US
2023-08-10T12:30:00,USD,high,Unemployment Claims,2023-08-10T12:27:00,2023-08-10T12:33:00,forexfactory,US
2023-08-11T12:30:00,USD,high,Core PPI m/m,2023-08-11T12:27:00,2023-08-11T12:33:00,forexfactory,US
2023-08-11T12:30:00,USD,high,PPI m/m,2023-08-11T12:27:00,2023-08-11T12:33:00,forexfactory,US
2023-08-11T14:00:00,USD,high,Prelim UoM Consumer Sentiment,2023-08-11T13:57:00,2023-08-11T14:03:00,forexfactory,US
2023-08-15T12:30:00,USD,high,Core Retail Sales m/m,2023-08-15T12:27:00,2023-08-15T12:33:00,forexfactory,US
2023-08-15T12:30:00,USD,high,Empire State Manufacturing Index,2023-08-15T12:27:00,2023-08-15T12:33:00,forexfactory,US
2023-08-15T12:30:00,USD,high,Retail Sales m/m,2023-08-15T12:27:00,2023-08-15T12:33:00,forexfactory,US
2023-08-16T18:00:00,USD,high,FOMC Meeting Minutes,2023-08-16T17:57:00,2023-08-16T18:03:00,forexfactory,US
2023-08-17T12:30:00,USD,high,Unemployment Claims,2023-08-17T12:27:00,2023-08-17T12:33:00,forexfactory,US
2023-08-23T07:15:00,EUR,high,French Flash Services PMI,2023-08-23T07:12:00,2023-08-23T07:18:00,forexfactory,FR
2023-08-23T07:15:00,EUR,high,French Flash Manufacturing PMI,2023-08-23T07:12:00,2023-08-23T07:18:00,forexfactory,FR
2023-08-23T07:30:00,EUR,high,German Flash Services PMI,2023-08-23T07:27:00,2023-08-23T07:33:00,forexfactory,GE
2023-08-23T07:30:00,EUR,high,German Flash Manufacturing PMI,2023-08-23T07:27:00,2023-08-23T07:33:00,forexfactory,GE
2023-08-23T13:45:00,USD,high,Flash Manufacturing PMI,2023-08-23T13:42:00,2023-08-23T13:48:00,forexfactory,US
2023-08-23T13:45:00,USD,high,Flash Services PMI,2023-08-23T13:42:00,2023-08-23T13:48:00,forexfactory,US
2023-08-23T14:00:00,USD,high,Prelim Benchmark Payrolls Revision,2023-08-23T13:57:00,2023-08-23T14:03:00,forexfactory,US
2023-08-24T12:30:00,USD,high,Unemployment Claims,2023-08-24T12:27:00,2023-08-24T12:33:00,forexfactory,US
2023-08-25T08:00:00,EUR,high,German ifo Business Climate,2023-08-25T07:57:00,2023-08-25T08:03:00,forexfactory,GE
2023-08-25T14:00:00,USD,high,Revised UoM Consumer Sentiment,2023-08-25T13:57:00,2023-08-25T14:03:00,forexfactory,US
2023-08-25T14:05:00,USD,high,Fed Chairman Powell Speaks,2023-08-25T14:02:00,2023-08-25T14:08:00,forexfactory,US
2023-08-25T19:00:00,EUR,high,ECB President Lagarde Speaks,2023-08-25T18:57:00,2023-08-25T19:03:00,forexfactory,EZ
2023-08-29T13:00:00,USD,high,S&P/CS Composite-20 HPI y/y,2023-08-29T12:57:00,2023-08-29T13:03:00,forexfactory,US
2023-08-29T14:00:00,USD,high,CB Consumer Confidence,2023-08-29T13:57:00,2023-08-29T14:03:00,forexfactory,US
2023-08-29T14:00:00,USD,high,JOLTS Job Openings,2023-08-29T13:57:00,2023-08-29T14:03:00,forexfactory,US
2023-08-30T07:00:00,EUR,high,Spanish Flash CPI y/y,2023-08-30T06:57:00,2023-08-30T07:03:00,forexfactory,SP
2023-08-30T12:15:00,USD,high,ADP Non-Farm Employment Change,2023-08-30T12:12:00,2023-08-30T12:18:00,forexfactory,US
2023-08-30T12:30:00,USD,high,Prelim GDP q/q,2023-08-30T12:27:00,2023-08-30T12:33:00,forexfactory,US
2023-08-31T12:30:00,USD,high,Core PCE Price Index m/m,2023-08-31T12:27:00,2023-08-31T12:33:00,forexfactory,US
2023-08-31T12:30:00,USD,high,Unemployment Claims,2023-08-31T12:27:00,2023-08-31T12:33:00,forexfactory,US
2023-09-01T12:30:00,USD,high,Unemployment Rate,2023-09-01T12:27:00,2023-09-01T12:33:00,forexfactory,US
2023-09-01T12:30:00,USD,high,Non-Farm Employment Change,2023-09-01T12:27:00,2023-09-01T12:33:00,forexfactory,US
2023-09-01T12:30:00,USD,high,Average Hourly Earnings m/m,2023-09-01T12:27:00,2023-09-01T12:33:00,forexfactory,US
2023-09-01T14:00:00,USD,high,ISM Manufacturing PMI,2023-09-01T13:57:00,2023-09-01T14:03:00,forexfactory,US
2023-09-06T14:00:00,USD,high,ISM Services PMI,2023-09-06T13:57:00,2023-09-06T14:03:00,forexfactory,US
2023-09-07T12:30:00,USD,high,Unemployment Claims,2023-09-07T12:27:00,2023-09-07T12:33:00,forexfactory,US
2023-09-13T12:30:00,USD,high,CPI m/m,2023-09-13T12:27:00,2023-09-13T12:33:00,forexfactory,US
2023-09-13T12:30:00,USD,high,CPI y/y,2023-09-13T12:27:00,2023-09-13T12:33:00,forexfactory,US
2023-09-13T12:30:00,USD,high,Core CPI m/m,2023-09-13T12:27:00,2023-09-13T12:33:00,forexfactory,US
2023-09-14T12:15:00,EUR,high,Monetary Policy Statement,2023-09-14T12:12:00,2023-09-14T12:18:00,forexfactory,EZ
2023-09-14T12:15:00,EUR,high,Main Refinancing Rate,2023-09-14T12:12:00,2023-09-14T12:18:00,forexfactory,EZ
2023-09-14T12:30:00,USD,high,Core PPI m/m,2023-09-14T12:27:00,2023-09-14T12:33:00,forexfactory,US
2023-09-14T12:30:00,USD,high,Core Retail Sales m/m,2023-09-14T12:27:00,2023-09-14T12:33:00,forexfactory,US
2023-09-14T12:30:00,USD,high,PPI m/m,2023-09-14T12:27:00,2023-09-14T12:33:00,forexfactory,US
2023-09-14T12:30:00,USD,high,Retail Sales m/m,2023-09-14T12:27:00,2023-09-14T12:33:00,forexfactory,US
2023-09-14T12:30:00,USD,high,Unemployment Claims,2023-09-14T12:27:00,2023-09-14T12:33:00,forexfactory,US
2023-09-14T12:45:00,EUR,high,ECB Press Conference,2023-09-14T12:42:00,2023-09-14T12:48:00,forexfactory,EZ
2023-09-15T12:30:00,USD,high,Empire State Manufacturing Index,2023-09-15T12:27:00,2023-09-15T12:33:00,forexfactory,US
2023-09-15T14:00:00,USD,high,Prelim UoM Consumer Sentiment,2023-09-15T13:57:00,2023-09-15T14:03:00,forexfactory,US
2023-09-20T18:00:00,USD,high,Federal Funds Rate,2023-09-20T17:57:00,2023-09-20T18:03:00,forexfactory,US
2023-09-20T18:00:00,USD,high,FOMC Statement,2023-09-20T17:57:00,2023-09-20T18:03:00,forexfactory,US
2023-09-20T18:00:00,USD,high,FOMC Economic Projections,2023-09-20T17:57:00,2023-09-20T18:03:00,forexfactory,US
2023-09-20T18:30:00,USD,high,FOMC Press Conference,2023-09-20T18:27:00,2023-09-20T18:33:00,forexfactory,US
2023-09-21T12:30:00,USD,high,Unemployment Claims,2023-09-21T12:27:00,2023-09-21T12:33:00,forexfactory,US
2023-09-22T07:15:00,EUR,high,French Flash Manufacturing PMI,2023-09-22T07:12:00,2023-09-22T07:18:00,forexfactory,FR
2023-09-22T07:15:00,EUR,high,French Flash Services PMI,2023-09-22T07:12:00,2023-09-22T07:18:00,forexfactory,FR
2023-09-22T07:30:00,EUR,high,German Flash Manufacturing PMI,2023-09-22T07:27:00,2023-09-22T07:33:00,forexfactory,GE
2023-09-22T07:30:00,EUR,high,German Flash Services PMI,2023-09-22T07:27:00,2023-09-22T07:33:00,forexfactory,GE
2023-09-22T13:45:00,USD,high,Flash Services PMI,2023-09-22T13:42:00,2023-09-22T13:48:00,forexfactory,US
2023-09-22T13:45:00,USD,high,Flash Manufacturing PMI,2023-09-22T13:42:00,2023-09-22T13:48:00,forexfactory,US
2023-09-25T08:00:00,EUR,high,German ifo Business Climate,2023-09-25T07:57:00,2023-09-25T08:03:00,forexfactory,GE
2023-09-26T14:00:00,USD,high,CB Consumer Confidence,2023-09-26T13:57:00,2023-09-26T14:03:00,forexfactory,US
2023-09-28T07:00:00,EUR,high,Spanish Flash CPI y/y,2023-09-28T06:57:00,2023-09-28T07:03:00,forexfactory,SP
2023-09-28T12:30:00,USD,high,Final GDP q/q,2023-09-28T12:27:00,2023-09-28T12:33:00,forexfactory,US
2023-09-28T12:30:00,USD,high,Unemployment Claims,2023-09-28T12:27:00,2023-09-28T12:33:00,forexfactory,US
2023-09-28T20:00:00,USD,high,Fed Chairman Powell Speaks,2023-09-28T19:57:00,2023-09-28T20:03:00,forexfactory,US
2023-09-29T12:30:00,USD,high,Core PCE Price Index m/m,2023-09-29T12:27:00,2023-09-29T12:33:00,forexfactory,US
2023-09-29T14:00:00,USD,high,Revised UoM Consumer Sentiment,2023-09-29T13:57:00,2023-09-29T14:03:00,forexfactory,US
2023-10-02T14:00:00,USD,high,ISM Manufacturing PMI,2023-10-02T13:57:00,2023-10-02T14:03:00,forexfactory,US
2023-10-02T15:00:00,USD,high,Fed Chairman Powell Speaks,2023-10-02T14:57:00,2023-10-02T15:03:00,forexfactory,US
2023-10-03T14:00:00,USD,high,JOLTS Job Openings,2023-10-03T13:57:00,2023-10-03T14:03:00,forexfactory,US
2023-10-04T12:15:00,USD,high,ADP Non-Farm Employment Change,2023-10-04T12:12:00,2023-10-04T12:18:00,forexfactory,US
2023-10-04T14:00:00,USD,high,ISM Services PMI,2023-10-04T13:57:00,2023-10-04T14:03:00,forexfactory,US
2023-10-05T12:30:00,USD,high,Unemployment Claims,2023-10-05T12:27:00,2023-10-05T12:33:00,forexfactory,US
2023-10-06T12:30:00,USD,high,Average Hourly Earnings m/m,2023-10-06T12:27:00,2023-10-06T12:33:00,forexfactory,US
2023-10-06T12:30:00,USD,high,Non-Farm Employment Change,2023-10-06T12:27:00,2023-10-06T12:33:00,forexfactory,US
2023-10-06T12:30:00,USD,high,Unemployment Rate,2023-10-06T12:27:00,2023-10-06T12:33:00,forexfactory,US
2023-10-11T12:30:00,USD,high,PPI m/m,2023-10-11T12:27:00,2023-10-11T12:33:00,forexfactory,US
2023-10-11T12:30:00,USD,high,Core PPI m/m,2023-10-11T12:27:00,2023-10-11T12:33:00,forexfactory,US
2023-10-11T18:00:00,USD,high,FOMC Meeting Minutes,2023-10-11T17:57:00,2023-10-11T18:03:00,forexfactory,US
2023-10-12T12:30:00,USD,high,CPI m/m,2023-10-12T12:27:00,2023-10-12T12:33:00,forexfactory,US
2023-10-12T12:30:00,USD,high,CPI y/y,2023-10-12T12:27:00,2023-10-12T12:33:00,forexfactory,US
2023-10-12T12:30:00,USD,high,Core CPI m/m,2023-10-12T12:27:00,2023-10-12T12:33:00,forexfactory,US
2023-10-12T12:30:00,USD,high,Unemployment Claims,2023-10-12T12:27:00,2023-10-12T12:33:00,forexfactory,US
2023-10-13T14:00:00,USD,high,Prelim UoM Consumer Sentiment,2023-10-13T13:57:00,2023-10-13T14:03:00,forexfactory,US
2023-10-16T12:30:00,USD,high,Empire State Manufacturing Index,2023-10-16T12:27:00,2023-10-16T12:33:00,forexfactory,US
2023-10-17T12:30:00,USD,high,Retail Sales m/m,2023-10-17T12:27:00,2023-10-17T12:33:00,forexfactory,US
2023-10-17T12:30:00,USD,high,Core Retail Sales m/m,2023-10-17T12:27:00,2023-10-17T12:33:00,forexfactory,US
2023-10-19T12:30:00,USD,high,Unemployment Claims,2023-10-19T12:27:00,2023-10-19T12:33:00,forexfactory,US
2023-10-19T16:00:00,USD,high,Fed Chairman Powell Speaks,2023-10-19T15:57:00,2023-10-19T16:03:00,forexfactory,US
2023-10-24T07:15:00,EUR,high,French Flash Manufacturing PMI,2023-10-24T07:12:00,2023-10-24T07:18:00,forexfactory,FR
2023-10-24T07:15:00,EUR,high,French Flash Services PMI,2023-10-24T07:12:00,2023-10-24T07:18:00,forexfactory,FR
2023-10-24T07:30:00,EUR,high,German Flash Manufacturing PMI,2023-10-24T07:27:00,2023-10-24T07:33:00,forexfactory,GE
2023-10-24T07:30:00,EUR,high,German Flash Services PMI,2023-10-24T07:27:00,2023-10-24T07:33:00,forexfactory,GE
2023-10-24T13:45:00,USD,high,Flash Manufacturing PMI,2023-10-24T13:42:00,2023-10-24T13:48:00,forexfactory,US
2023-10-24T13:45:00,USD,high,Flash Services PMI,2023-10-24T13:42:00,2023-10-24T13:48:00,forexfactory,US
2023-10-25T08:00:00,EUR,high,German ifo Business Climate,2023-10-25T07:57:00,2023-10-25T08:03:00,forexfactory,GE
2023-10-25T20:35:00,USD,high,Fed Chairman Powell Speaks,2023-10-25T20:32:00,2023-10-25T20:38:00,forexfactory,US
2023-10-26T12:15:00,EUR,high,Main Refinancing Rate,2023-10-26T12:12:00,2023-10-26T12:18:00,forexfactory,EZ
2023-10-26T12:15:00,EUR,high,Monetary Policy Statement,2023-10-26T12:12:00,2023-10-26T12:18:00,forexfactory,EZ
2023-10-26T12:30:00,USD,high,Advance GDP q/q,2023-10-26T12:27:00,2023-10-26T12:33:00,forexfactory,US
2023-10-26T12:30:00,USD,high,Unemployment Claims,2023-10-26T12:27:00,2023-10-26T12:33:00,forexfactory,US
2023-10-26T12:45:00,EUR,high,ECB Press Conference,2023-10-26T12:42:00,2023-10-26T12:48:00,forexfactory,EZ
2023-10-27T12:30:00,USD,high,Core PCE Price Index m/m,2023-10-27T12:27:00,2023-10-27T12:33:00,forexfactory,US
2023-10-27T14:00:00,USD,high,Revised UoM Consumer Sentiment,2023-10-27T13:57:00,2023-10-27T14:03:00,forexfactory,US
2023-10-30T08:00:00,EUR,high,Spanish Flash CPI y/y,2023-10-30T07:57:00,2023-10-30T08:03:00,forexfactory,SP
2023-10-31T12:30:00,USD,high,Employment Cost Index q/q,2023-10-31T12:27:00,2023-10-31T12:33:00,forexfactory,US
2023-10-31T14:00:00,USD,high,CB Consumer Confidence,2023-10-31T13:57:00,2023-10-31T14:03:00,forexfactory,US
2023-11-01T12:15:00,USD,high,ADP Non-Farm Employment Change,2023-11-01T12:12:00,2023-11-01T12:18:00,forexfactory,US
2023-11-01T14:00:00,USD,high,ISM Manufacturing PMI,2023-11-01T13:57:00,2023-11-01T14:03:00,forexfactory,US
2023-11-01T14:00:00,USD,high,JOLTS Job Openings,2023-11-01T13:57:00,2023-11-01T14:03:00,forexfactory,US
2023-11-01T18:00:00,USD,high,FOMC Statement,2023-11-01T17:57:00,2023-11-01T18:03:00,forexfactory,US
2023-11-01T18:00:00,USD,high,Federal Funds Rate,2023-11-01T17:57:00,2023-11-01T18:03:00,forexfactory,US
2023-11-01T18:30:00,USD,high,FOMC Press Conference,2023-11-01T18:27:00,2023-11-01T18:33:00,forexfactory,US
2023-11-02T12:30:00,USD,high,Unemployment Claims,2023-11-02T12:27:00,2023-11-02T12:33:00,forexfactory,US
2023-11-03T12:30:00,USD,high,Average Hourly Earnings m/m,2023-11-03T12:27:00,2023-11-03T12:33:00,forexfactory,US
2023-11-03T12:30:00,USD,high,Non-Farm Employment Change,2023-11-03T12:27:00,2023-11-03T12:33:00,forexfactory,US
2023-11-03T12:30:00,USD,high,Unemployment Rate,2023-11-03T12:27:00,2023-11-03T12:33:00,forexfactory,US
2023-11-03T14:00:00,USD,high,ISM Services PMI,2023-11-03T13:57:00,2023-11-03T14:03:00,forexfactory,US
2023-11-07T21:00:00,USD,high,Treasury Currency Report,2023-11-07T20:57:00,2023-11-07T21:03:00,forexfactory,US
2023-11-08T14:15:00,USD,high,Fed Chairman Powell Speaks,2023-11-08T14:12:00,2023-11-08T14:18:00,forexfactory,US
2023-11-09T13:30:00,USD,high,Unemployment Claims,2023-11-09T13:27:00,2023-11-09T13:33:00,forexfactory,US
2023-11-09T19:00:00,USD,high,Fed Chairman Powell Speaks,2023-11-09T18:57:00,2023-11-09T19:03:00,forexfactory,US
2023-11-10T15:00:00,USD,high,Prelim UoM Consumer Sentiment,2023-11-10T14:57:00,2023-11-10T15:03:00,forexfactory,US
2023-11-14T13:30:00,USD,high,CPI m/m,2023-11-14T13:27:00,2023-11-14T13:33:00,forexfactory,US
2023-11-14T13:30:00,USD,high,CPI y/y,2023-11-14T13:27:00,2023-11-14T13:33:00,forexfactory,US
2023-11-14T13:30:00,USD,high,Core CPI m/m,2023-11-14T13:27:00,2023-11-14T13:33:00,forexfactory,US
2023-11-15T13:30:00,USD,high,Core PPI m/m,2023-11-15T13:27:00,2023-11-15T13:33:00,forexfactory,US
2023-11-15T13:30:00,USD,high,Core Retail Sales m/m,2023-11-15T13:27:00,2023-11-15T13:33:00,forexfactory,US
2023-11-15T13:30:00,USD,high,Empire State Manufacturing Index,2023-11-15T13:27:00,2023-11-15T13:33:00,forexfactory,US
2023-11-15T13:30:00,USD,high,PPI m/m,2023-11-15T13:27:00,2023-11-15T13:33:00,forexfactory,US
2023-11-15T13:30:00,USD,high,Retail Sales m/m,2023-11-15T13:27:00,2023-11-15T13:33:00,forexfactory,US
2023-11-16T13:30:00,USD,high,Unemployment Claims,2023-11-16T13:27:00,2023-11-16T13:33:00,forexfactory,US
2023-11-21T19:00:00,USD,high,FOMC Meeting Minutes,2023-11-21T18:57:00,2023-11-21T19:03:00,forexfactory,US
2023-11-22T13:30:00,USD,high,Unemployment Claims,2023-11-22T13:27:00,2023-11-22T13:33:00,forexfactory,US
2023-11-22T15:00:00,USD,high,Revised UoM Consumer Sentiment,2023-11-22T14:57:00,2023-11-22T15:03:00,forexfactory,US
2023-11-23T08:15:00,EUR,high,French Flash Manufacturing PMI,2023-11-23T08:12:00,2023-11-23T08:18:00,forexfactory,FR
2023-11-23T08:15:00,EUR,high,French Flash Services PMI,2023-11-23T08:12:00,2023-11-23T08:18:00,forexfactory,FR
2023-11-23T08:30:00,EUR,high,German Flash Manufacturing PMI,2023-11-23T08:27:00,2023-11-23T08:33:00,forexfactory,GE
2023-11-23T08:30:00,EUR,high,German Flash Services PMI,2023-11-23T08:27:00,2023-11-23T08:33:00,forexfactory,GE
2023-11-24T14:45:00,USD,high,Flash Services PMI,2023-11-24T14:42:00,2023-11-24T14:48:00,forexfactory,US
2023-11-24T14:45:00,USD,high,Flash Manufacturing PMI,2023-11-24T14:42:00,2023-11-24T14:48:00,forexfactory,US
2023-11-28T15:00:00,USD,high,CB Consumer Confidence,2023-11-28T14:57:00,2023-11-28T15:03:00,forexfactory,US
2023-11-29T08:00:00,EUR,high,Spanish Flash CPI y/y,2023-11-29T07:57:00,2023-11-29T08:03:00,forexfactory,SP
2023-11-29T13:30:00,USD,high,Prelim GDP q/q,2023-11-29T13:27:00,2023-11-29T13:33:00,forexfactory,US
2023-11-30T13:30:00,USD,high,Core PCE Price Index m/m,2023-11-30T13:27:00,2023-11-30T13:33:00,forexfactory,US
2023-11-30T13:30:00,USD,high,Unemployment Claims,2023-11-30T13:27:00,2023-11-30T13:33:00,forexfactory,US
2023-12-01T15:00:00,USD,high,ISM Manufacturing PMI,2023-12-01T14:57:00,2023-12-01T15:03:00,forexfactory,US
2023-12-01T16:00:00,USD,high,Fed Chairman Powell Speaks,2023-12-01T15:57:00,2023-12-01T16:03:00,forexfactory,US
2023-12-01T19:00:00,USD,high,Fed Chairman Powell Speaks,2023-12-01T18:57:00,2023-12-01T19:03:00,forexfactory,US
2023-12-05T15:00:00,USD,high,ISM Services PMI,2023-12-05T14:57:00,2023-12-05T15:03:00,forexfactory,US
2023-12-05T15:00:00,USD,high,JOLTS Job Openings,2023-12-05T14:57:00,2023-12-05T15:03:00,forexfactory,US
2023-12-06T13:15:00,USD,high,ADP Non-Farm Employment Change,2023-12-06T13:12:00,2023-12-06T13:18:00,forexfactory,US
2023-12-07T13:30:00,USD,high,Unemployment Claims,2023-12-07T13:27:00,2023-12-07T13:33:00,forexfactory,US
2023-12-08T13:30:00,USD,high,Average Hourly Earnings m/m,2023-12-08T13:27:00,2023-12-08T13:33:00,forexfactory,US
2023-12-08T13:30:00,USD,high,Non-Farm Employment Change,2023-12-08T13:27:00,2023-12-08T13:33:00,forexfactory,US
2023-12-08T13:30:00,USD,high,Unemployment Rate,2023-12-08T13:27:00,2023-12-08T13:33:00,forexfactory,US
2023-12-08T15:00:00,USD,high,Prelim UoM Consumer Sentiment,2023-12-08T14:57:00,2023-12-08T15:03:00,forexfactory,US
2023-12-12T13:30:00,USD,high,CPI y/y,2023-12-12T13:27:00,2023-12-12T13:33:00,forexfactory,US
2023-12-12T13:30:00,USD,high,Core CPI m/m,2023-12-12T13:27:00,2023-12-12T13:33:00,forexfactory,US
2023-12-12T13:30:00,USD,high,CPI m/m,2023-12-12T13:27:00,2023-12-12T13:33:00,forexfactory,US
2023-12-13T13:30:00,USD,high,Core PPI m/m,2023-12-13T13:27:00,2023-12-13T13:33:00,forexfactory,US
2023-12-13T13:30:00,USD,high,PPI m/m,2023-12-13T13:27:00,2023-12-13T13:33:00,forexfactory,US
2023-12-13T19:00:00,USD,high,FOMC Economic Projections,2023-12-13T18:57:00,2023-12-13T19:03:00,forexfactory,US
2023-12-13T19:00:00,USD,high,FOMC Statement,2023-12-13T18:57:00,2023-12-13T19:03:00,forexfactory,US
2023-12-13T19:00:00,USD,high,Federal Funds Rate,2023-12-13T18:57:00,2023-12-13T19:03:00,forexfactory,US
2023-12-13T19:30:00,USD,high,FOMC Press Conference,2023-12-13T19:27:00,2023-12-13T19:33:00,forexfactory,US
2023-12-14T13:15:00,EUR,high,Monetary Policy Statement,2023-12-14T13:12:00,2023-12-14T13:18:00,forexfactory,EZ
2023-12-14T13:15:00,EUR,high,Main Refinancing Rate,2023-12-14T13:12:00,2023-12-14T13:18:00,forexfactory,EZ
2023-12-14T13:30:00,USD,high,Core Retail Sales m/m,2023-12-14T13:27:00,2023-12-14T13:33:00,forexfactory,US
2023-12-14T13:30:00,USD,high,Retail Sales m/m,2023-12-14T13:27:00,2023-12-14T13:33:00,forexfactory,US
2023-12-14T13:30:00,USD,high,Unemployment Claims,2023-12-14T13:27:00,2023-12-14T13:33:00,forexfactory,US
2023-12-14T13:45:00,EUR,high,ECB Press Conference,2023-12-14T13:42:00,2023-12-14T13:48:00,forexfactory,EZ
2023-12-15T08:15:00,EUR,high,French Flash Manufacturing PMI,2023-12-15T08:12:00,2023-12-15T08:18:00,forexfactory,FR
2023-12-15T08:15:00,EUR,high,French Flash Services PMI,2023-12-15T08:12:00,2023-12-15T08:18:00,forexfactory,FR
2023-12-15T08:30:00,EUR,high,German Flash Manufacturing PMI,2023-12-15T08:27:00,2023-12-15T08:33:00,forexfactory,GE
2023-12-15T08:30:00,EUR,high,German Flash Services PMI,2023-12-15T08:27:00,2023-12-15T08:33:00,forexfactory,GE
2023-12-15T13:30:00,USD,high,Empire State Manufacturing Index,2023-12-15T13:27:00,2023-12-15T13:33:00,forexfactory,US
2023-12-15T14:45:00,USD,high,Flash Manufacturing PMI,2023-12-15T14:42:00,2023-12-15T14:48:00,forexfactory,US
2023-12-15T14:45:00,USD,high,Flash Services PMI,2023-12-15T14:42:00,2023-12-15T14:48:00,forexfactory,US
2023-12-20T15:00:00,USD,high,CB Consumer Confidence,2023-12-20T14:57:00,2023-12-20T15:03:00,forexfactory,US
2023-12-21T13:30:00,USD,high,Final GDP q/q,2023-12-21T13:27:00,2023-12-21T13:33:00,forexfactory,US
2023-12-21T13:30:00,USD,high,Unemployment Claims,2023-12-21T13:27:00,2023-12-21T13:33:00,forexfactory,US
2023-12-22T13:30:00,USD,high,Core PCE Price Index m/m,2023-12-22T13:27:00,2023-12-22T13:33:00,forexfactory,US
2023-12-22T15:00:00,USD,high,Revised UoM Consumer Sentiment,2023-12-22T14:57:00,2023-12-22T15:03:00,forexfactory,US
2024-01-03T15:00:00,USD,high,JOLTS Job Openings,2024-01-03T14:57:00,2024-01-03T15:03:00,forexfactory,US
2024-01-03T15:00:00,USD,high,ISM Manufacturing PMI,2024-01-03T14:57:00,2024-01-03T15:03:00,forexfactory,US
2024-01-03T19:00:00,USD,high,FOMC Meeting Minutes,2024-01-03T18:57:00,2024-01-03T19:03:00,forexfactory,US
2024-01-04T13:15:00,USD,high,ADP Non-Farm Employment Change,2024-01-04T13:12:00,2024-01-04T13:18:00,forexfactory,US
2024-01-04T13:30:00,USD,high,Unemployment Claims,2024-01-04T13:27:00,2024-01-04T13:33:00,forexfactory,US
2024-01-05T13:30:00,USD,high,Average Hourly Earnings m/m,2024-01-05T13:27:00,2024-01-05T13:33:00,forexfactory,US
2024-01-05T13:30:00,USD,high,Non-Farm Employment Change,2024-01-05T13:27:00,2024-01-05T13:33:00,forexfactory,US
2024-01-05T13:30:00,USD,high,Unemployment Rate,2024-01-05T13:27:00,2024-01-05T13:33:00,forexfactory,US
2024-01-05T15:00:00,USD,high,ISM Services PMI,2024-01-05T14:57:00,2024-01-05T15:03:00,forexfactory,US
2024-01-11T13:30:00,USD,high,Unemployment Claims,2024-01-11T13:27:00,2024-01-11T13:33:00,forexfactory,US
2024-01-11T13:30:00,USD,high,Core CPI m/m,2024-01-11T13:27:00,2024-01-11T13:33:00,forexfactory,US
2024-01-11T13:30:00,USD,high,CPI y/y,2024-01-11T13:27:00,2024-01-11T13:33:00,forexfactory,US
2024-01-11T13:30:00,USD,high,CPI m/m,2024-01-11T13:27:00,2024-01-11T13:33:00,forexfactory,US
2024-01-12T13:30:00,USD,high,Core PPI m/m,2024-01-12T13:27:00,2024-01-12T13:33:00,forexfactory,US
2024-01-12T13:30:00,USD,high,PPI m/m,2024-01-12T13:27:00,2024-01-12T13:33:00,forexfactory,US
2024-01-16T13:30:00,USD,high,Empire State Manufacturing Index,2024-01-16T13:27:00,2024-01-16T13:33:00,forexfactory,US
2024-01-17T13:30:00,USD,high,Core Retail Sales m/m,2024-01-17T13:27:00,2024-01-17T13:33:00,forexfactory,US
2024-01-17T13:30:00,USD,high,Retail Sales m/m,2024-01-17T13:27:00,2024-01-17T13:33:00,forexfactory,US
2024-01-18T13:30:00,USD,high,Unemployment Claims,2024-01-18T13:27:00,2024-01-18T13:33:00,forexfactory,US
2024-01-19T15:00:00,USD,high,Prelim UoM Consumer Sentiment,2024-01-19T14:57:00,2024-01-19T15:03:00,forexfactory,US
2024-01-24T08:15:00,EUR,high,French Flash Manufacturing PMI,2024-01-24T08:12:00,2024-01-24T08:18:00,forexfactory,FR
2024-01-24T08:15:00,EUR,high,French Flash Services PMI,2024-01-24T08:12:00,2024-01-24T08:18:00,forexfactory,FR
2024-01-24T08:30:00,EUR,high,German Flash Manufacturing PMI,2024-01-24T08:27:00,2024-01-24T08:33:00,forexfactory,GE
2024-01-24T08:30:00,EUR,high,German Flash Services PMI,2024-01-24T08:27:00,2024-01-24T08:33:00,forexfactory,GE
2024-01-24T14:45:00,USD,high,Flash Manufacturing PMI,2024-01-24T14:42:00,2024-01-24T14:48:00,forexfactory,US
2024-01-24T14:45:00,USD,high,Flash Services PMI,2024-01-24T14:42:00,2024-01-24T14:48:00,forexfactory,US
2024-01-25T13:15:00,EUR,high,Main Refinancing Rate,2024-01-25T13:12:00,2024-01-25T13:18:00,forexfactory,EZ
2024-01-25T13:15:00,EUR,high,Monetary Policy Statement,2024-01-25T13:12:00,2024-01-25T13:18:00,forexfactory,EZ
2024-01-25T13:30:00,USD,high,Unemployment Claims,2024-01-25T13:27:00,2024-01-25T13:33:00,forexfactory,US
2024-01-25T13:30:00,USD,high,Advance GDP q/q,2024-01-25T13:27:00,2024-01-25T13:33:00,forexfactory,US
2024-01-25T13:45:00,EUR,high,ECB Press Conference,2024-01-25T13:42:00,2024-01-25T13:48:00,forexfactory,EZ
2024-01-26T13:30:00,USD,high,Core PCE Price Index m/m,2024-01-26T13:27:00,2024-01-26T13:33:00,forexfactory,US
2024-01-30T15:00:00,USD,high,CB Consumer Confidence,2024-01-30T14:57:00,2024-01-30T15:03:00,forexfactory,US
2024-01-30T15:00:00,USD,high,JOLTS Job Openings,2024-01-30T14:57:00,2024-01-30T15:03:00,forexfactory,US
2024-01-31T13:15:00,USD,high,ADP Non-Farm Employment Change,2024-01-31T13:12:00,2024-01-31T13:18:00,forexfactory,US
2024-01-31T13:30:00,USD,high,Employment Cost Index q/q,2024-01-31T13:27:00,2024-01-31T13:33:00,forexfactory,US
2024-01-31T19:00:00,USD,high,FOMC Statement,2024-01-31T18:57:00,2024-01-31T19:03:00,forexfactory,US
2024-01-31T19:00:00,USD,high,Federal Funds Rate,2024-01-31T18:57:00,2024-01-31T19:03:00,forexfactory,US
2024-01-31T19:30:00,USD,high,FOMC Press Conference,2024-01-31T19:27:00,2024-01-31T19:33:00,forexfactory,US
2024-02-01T13:30:00,USD,high,Unemployment Claims,2024-02-01T13:27:00,2024-02-01T13:33:00,forexfactory,US
2024-02-01T15:00:00,USD,high,ISM Manufacturing PMI,2024-02-01T14:57:00,2024-02-01T15:03:00,forexfactory,US
2024-02-02T13:30:00,USD,high,Average Hourly Earnings m/m,2024-02-02T13:27:00,2024-02-02T13:33:00,forexfactory,US
2024-02-02T13:30:00,USD,high,Non-Farm Employment Change,2024-02-02T13:27:00,2024-02-02T13:33:00,forexfactory,US
2024-02-02T13:30:00,USD,high,Unemployment Rate,2024-02-02T13:27:00,2024-02-02T13:33:00,forexfactory,US
2024-02-02T15:00:00,USD,high,Revised UoM Consumer Sentiment,2024-02-02T14:57:00,2024-02-02T15:03:00,forexfactory,US
2024-02-05T00:00:00,USD,high,Fed Chairman Powell Speaks,2024-02-04T23:57:00,2024-02-05T00:03:00,forexfactory,US
2024-02-05T15:00:00,USD,high,ISM Services PMI,2024-02-05T14:57:00,2024-02-05T15:03:00,forexfactory,US
2024-02-08T13:30:00,USD,high,Unemployment Claims,2024-02-08T13:27:00,2024-02-08T13:33:00,forexfactory,US
2024-02-13T13:30:00,USD,high,Core CPI m/m,2024-02-13T13:27:00,2024-02-13T13:33:00,forexfactory,US
2024-02-13T13:30:00,USD,high,CPI m/m,2024-02-13T13:27:00,2024-02-13T13:33:00,forexfactory,US
2024-02-13T13:30:00,USD,high,CPI y/y,2024-02-13T13:27:00,2024-02-13T13:33:00,forexfactory,US
2024-02-15T13:30:00,USD,high,Core Retail Sales m/m,2024-02-15T13:27:00,2024-02-15T13:33:00,forexfactory,US
2024-02-15T13:30:00,USD,high,Empire State Manufacturing Index,2024-02-15T13:27:00,2024-02-15T13:33:00,forexfactory,US
2024-02-15T13:30:00,USD,high,Retail Sales m/m,2024-02-15T13:27:00,2024-02-15T13:33:00,forexfactory,US
2024-02-15T13:30:00,USD,high,Unemployment Claims,2024-02-15T13:27:00,2024-02-15T13:33:00,forexfactory,US
2024-02-16T13:30:00,USD,high,Core PPI m/m,2024-02-16T13:27:00,2024-02-16T13:33:00,forexfactory,US
2024-02-16T13:30:00,USD,high,PPI m/m,2024-02-16T13:27:00,2024-02-16T13:33:00,forexfactory,US
2024-02-16T15:00:00,USD,high,Prelim UoM Consumer Sentiment,2024-02-16T14:57:00,2024-02-16T15:03:00,forexfactory,US
2024-02-21T19:00:00,USD,high,FOMC Meeting Minutes,2024-02-21T18:57:00,2024-02-21T19:03:00,forexfactory,US
2024-02-22T08:15:00,EUR,high,French Flash Manufacturing PMI,2024-02-22T08:12:00,2024-02-22T08:18:00,forexfactory,FR
2024-02-22T08:15:00,EUR,high,French Flash Services PMI,2024-02-22T08:12:00,2024-02-22T08:18:00,forexfactory,FR
2024-02-22T08:30:00,EUR,high,German Flash Manufacturing PMI,2024-02-22T08:27:00,2024-02-22T08:33:00,forexfactory,GE
2024-02-22T08:30:00,EUR,high,German Flash Services PMI,2024-02-22T08:27:00,2024-02-22T08:33:00,forexfactory,GE
2024-02-22T13:30:00,USD,high,Unemployment Claims,2024-02-22T13:27:00,2024-02-22T13:33:00,forexfactory,US
2024-02-22T14:45:00,USD,high,Flash Manufacturing PMI,2024-02-22T14:42:00,2024-02-22T14:48:00,forexfactory,US
2024-02-22T14:45:00,USD,high,Flash Services PMI,2024-02-22T14:42:00,2024-02-22T14:48:00,forexfactory,US
2024-02-27T13:30:00,USD,high,Durable Goods Orders m/m,2024-02-27T13:27:00,2024-02-27T13:33:00,forexfactory,US
2024-02-27T15:00:00,USD,high,CB Consumer Confidence,2024-02-27T14:57:00,2024-02-27T15:03:00,forexfactory,US
2024-02-28T13:30:00,USD,high,Prelim GDP q/q,2024-02-28T13:27:00,2024-02-28T13:33:00,forexfactory,US
2024-02-29T13:30:00,USD,high,Core PCE Price Index m/m,2024-02-29T13:27:00,2024-02-29T13:33:00,forexfactory,US
2024-02-29T13:30:00,USD,high,Unemployment Claims,2024-02-29T13:27:00,2024-02-29T13:33:00,forexfactory,US
2024-03-01T15:00:00,USD,high,ISM Manufacturing PMI,2024-03-01T14:57:00,2024-03-01T15:03:00,forexfactory,US
2024-03-01T15:00:00,USD,high,Revised UoM Consumer Sentiment,2024-03-01T14:57:00,2024-03-01T15:03:00,forexfactory,US
2024-03-05T15:00:00,USD,high,ISM Services PMI,2024-03-05T14:57:00,2024-03-05T15:03:00,forexfactory,US
2024-03-06T13:15:00,USD,high,ADP Non-Farm Employment Change,2024-03-06T13:12:00,2024-03-06T13:18:00,forexfactory,US
2024-03-06T15:00:00,USD,high,Fed Chairman Powell Testifies,2024-03-06T14:57:00,2024-03-06T15:03:00,forexfactory,US
2024-03-06T15:00:00,USD,high,JOLTS Job Openings,2024-03-06T14:57:00,2024-03-06T15:03:00,forexfactory,US
2024-03-07T13:15:00,EUR,high,Main Refinancing Rate,2024-03-07T13:12:00,2024-03-07T13:18:00,forexfactory,EZ
2024-03-07T13:15:00,EUR,high,Monetary Policy Statement,2024-03-07T13:12:00,2024-03-07T13:18:00,forexfactory,EZ
2024-03-07T13:30:00,USD,high,Unemployment Claims,2024-03-07T13:27:00,2024-03-07T13:33:00,forexfactory,US
2024-03-07T13:45:00,EUR,high,ECB Press Conference,2024-03-07T13:42:00,2024-03-07T13:48:00,forexfactory,EZ
2024-03-07T15:00:00,USD,high,Fed Chairman Powell Testifies,2024-03-07T14:57:00,2024-03-07T15:03:00,forexfactory,US
2024-03-08T13:30:00,USD,high,Unemployment Rate,2024-03-08T13:27:00,2024-03-08T13:33:00,forexfactory,US
2024-03-08T13:30:00,USD,high,Non-Farm Employment Change,2024-03-08T13:27:00,2024-03-08T13:33:00,forexfactory,US
2024-03-08T13:30:00,USD,high,Average Hourly Earnings m/m,2024-03-08T13:27:00,2024-03-08T13:33:00,forexfactory,US
2024-03-12T12:30:00,USD,high,CPI m/m,2024-03-12T12:27:00,2024-03-12T12:33:00,forexfactory,US
2024-03-12T12:30:00,USD,high,CPI y/y,2024-03-12T12:27:00,2024-03-12T12:33:00,forexfactory,US
2024-03-12T12:30:00,USD,high,Core CPI m/m,2024-03-12T12:27:00,2024-03-12T12:33:00,forexfactory,US
2024-03-12T17:01:00,USD,high,10-y Bond Auction,2024-03-12T16:58:00,2024-03-12T17:04:00,forexfactory,US
2024-03-13T17:01:00,USD,high,30-y Bond Auction,2024-03-13T16:58:00,2024-03-13T17:04:00,forexfactory,US
2024-03-14T12:30:00,USD,high,Core PPI m/m,2024-03-14T12:27:00,2024-03-14T12:33:00,forexfactory,US
2024-03-14T12:30:00,USD,high,Core Retail Sales m/m,2024-03-14T12:27:00,2024-03-14T12:33:00,forexfactory,US
2024-03-14T12:30:00,USD,high,PPI m/m,2024-03-14T12:27:00,2024-03-14T12:33:00,forexfactory,US
2024-03-14T12:30:00,USD,high,Retail Sales m/m,2024-03-14T12:27:00,2024-03-14T12:33:00,forexfactory,US
2024-03-14T12:30:00,USD,high,Unemployment Claims,2024-03-14T12:27:00,2024-03-14T12:33:00,forexfactory,US
2024-03-15T12:30:00,USD,high,Empire State Manufacturing Index,2024-03-15T12:27:00,2024-03-15T12:33:00,forexfactory,US
2024-03-15T14:00:00,USD,high,Prelim UoM Consumer Sentiment,2024-03-15T13:57:00,2024-03-15T14:03:00,forexfactory,US
2024-03-20T18:00:00,USD,high,FOMC Economic Projections,2024-03-20T17:57:00,2024-03-20T18:03:00,forexfactory,US
2024-03-20T18:00:00,USD,high,FOMC Statement,2024-03-20T17:57:00,2024-03-20T18:03:00,forexfactory,US
2024-03-20T18:00:00,USD,high,Federal Funds Rate,2024-03-20T17:57:00,2024-03-20T18:03:00,forexfactory,US
2024-03-20T18:30:00,USD,high,FOMC Press Conference,2024-03-20T18:27:00,2024-03-20T18:33:00,forexfactory,US
2024-03-21T08:15:00,EUR,high,French Flash Manufacturing PMI,2024-03-21T08:12:00,2024-03-21T08:18:00,forexfactory,FR
2024-03-21T08:15:00,EUR,high,French Flash Services PMI,2024-03-21T08:12:00,2024-03-21T08:18:00,forexfactory,FR
2024-03-21T08:30:00,EUR,high,German Flash Manufacturing PMI,2024-03-21T08:27:00,2024-03-21T08:33:00,forexfactory,GE
2024-03-21T08:30:00,EUR,high,German Flash Services PMI,2024-03-21T08:27:00,2024-03-21T08:33:00,forexfactory,GE
2024-03-21T12:30:00,USD,high,Unemployment Claims,2024-03-21T12:27:00,2024-03-21T12:33:00,forexfactory,US
2024-03-21T13:45:00,USD,high,Flash Manufacturing PMI,2024-03-21T13:42:00,2024-03-21T13:48:00,forexfactory,US
2024-03-21T13:45:00,USD,high,Flash Services PMI,2024-03-21T13:42:00,2024-03-21T13:48:00,forexfactory,US
2024-03-22T13:00:00,USD,high,Fed Chairman Powell Speaks,2024-03-22T12:57:00,2024-03-22T13:03:00,forexfactory,US
2024-03-26T14:00:00,USD,high,CB Consumer Confidence,2024-03-26T13:57:00,2024-03-26T14:03:00,forexfactory,US
2024-03-27T22:00:00,USD,high,FOMC Member Waller Speaks,2024-03-27T21:57:00,2024-03-27T22:03:00,forexfactory,US
2024-03-28T12:30:00,USD,high,Final GDP q/q,2024-03-28T12:27:00,2024-03-28T12:33:00,forexfactory,US
2024-03-28T12:30:00,USD,high,Unemployment Claims,2024-03-28T12:27:00,2024-03-28T12:33:00,forexfactory,US
2024-03-28T14:00:00,USD,high,Pending Home Sales m/m,2024-03-28T13:57:00,2024-03-28T14:03:00,forexfactory,US
2024-03-28T14:00:00,USD,high,Revised UoM Consumer Sentiment,2024-03-28T13:57:00,2024-03-28T14:03:00,forexfactory,US
2024-03-29T12:30:00,USD,high,Core PCE Price Index m/m,2024-03-29T12:27:00,2024-03-29T12:33:00,forexfactory,US
2024-03-29T15:30:00,USD,high,Fed Chairman Powell Speaks,2024-03-29T15:27:00,2024-03-29T15:33:00,forexfactory,US
2024-04-01T14:00:00,USD,high,ISM Manufacturing PMI,2024-04-01T13:57:00,2024-04-01T14:03:00,forexfactory,US
2024-04-02T14:00:00,USD,high,JOLTS Job Openings,2024-04-02T13:57:00,2024-04-02T14:03:00,forexfactory,US
2024-04-03T12:15:00,USD,high,ADP Non-Farm Employment Change,2024-04-03T12:12:00,2024-04-03T12:18:00,forexfactory,US
2024-04-03T14:00:00,USD,high,ISM Services PMI,2024-04-03T13:57:00,2024-04-03T14:03:00,forexfactory,US
2024-04-03T16:10:00,USD,high,Fed Chairman Powell Speaks,2024-04-03T16:07:00,2024-04-03T16:13:00,forexfactory,US
2024-04-04T12:30:00,USD,high,Unemployment Claims,2024-04-04T12:27:00,2024-04-04T12:33:00,forexfactory,US
2024-04-05T12:30:00,USD,high,Average Hourly Earnings m/m,2024-04-05T12:27:00,2024-04-05T12:33:00,forexfactory,US
2024-04-05T12:30:00,USD,high,Non-Farm Employment Change,2024-04-05T12:27:00,2024-04-05T12:33:00,forexfactory,US
2024-04-05T12:30:00,USD,high,Unemployment Rate,2024-04-05T12:27:00,2024-04-05T12:33:00,forexfactory,US
2024-04-10T12:30:00,USD,high,CPI m/m,2024-04-10T12:27:00,2024-04-10T12:33:00,forexfactory,US
2024-04-10T12:30:00,USD,high,CPI y/y,2024-04-10T12:27:00,2024-04-10T12:33:00,forexfactory,US
2024-04-10T12:30:00,USD,high,Core CPI m/m,2024-04-10T12:27:00,2024-04-10T12:33:00,forexfactory,US
2024-04-10T18:00:00,USD,high,FOMC Meeting Minutes,2024-04-10T17:57:00,2024-04-10T18:03:00,forexfactory,US
2024-04-11T12:15:00,EUR,high,Main Refinancing Rate,2024-04-11T12:12:00,2024-04-11T12:18:00,forexfactory,EZ
2024-04-11T12:15:00,EUR,high,Monetary Policy Statement,2024-04-11T12:12:00,2024-04-11T12:18:00,forexfactory,EZ
2024-04-11T12:30:00,USD,high,Core PPI m/m,2024-04-11T12:27:00,2024-04-11T12:33:00,forexfactory,US
2024-04-11T12:30:00,USD,high,PPI m/m,2024-04-11T12:27:00,2024-04-11T12:33:00,forexfactory,US
2024-04-11T12:30:00,USD,high,Unemployment Claims,2024-04-11T12:27:00,2024-04-11T12:33:00,forexfactory,US
2024-04-11T12:45:00,EUR,high,ECB Press Conference,2024-04-11T12:42:00,2024-04-11T12:48:00,forexfactory,EZ
2024-04-11T17:01:00,USD,high,30-y Bond Auction,2024-04-11T16:58:00,2024-04-11T17:04:00,forexfactory,US
2024-04-12T14:00:00,USD,high,Prelim UoM Consumer Sentiment,2024-04-12T13:57:00,2024-04-12T14:03:00,forexfactory,US
2024-04-15T12:30:00,USD,high,Empire State Manufacturing Index,2024-04-15T12:27:00,2024-04-15T12:33:00,forexfactory,US
2024-04-15T12:30:00,USD,high,Retail Sales m/m,2024-04-15T12:27:00,2024-04-15T12:33:00,forexfactory,US
2024-04-15T12:30:00,USD,high,Core Retail Sales m/m,2024-04-15T12:27:00,2024-04-15T12:33:00,forexfactory,US
2024-04-16T17:15:00,USD,high,Fed Chairman Powell Speaks,2024-04-16T17:12:00,2024-04-16T17:18:00,forexfactory,US
2024-04-18T12:30:00,USD,high,Unemployment Claims,2024-04-18T12:27:00,2024-04-18T12:33:00,forexfactory,US
2024-04-23T07:15:00,EUR,high,French Flash Manufacturing PMI,2024-04-23T07:12:00,2024-04-23T07:18:00,forexfactory,FR
2024-04-23T07:15:00,EUR,high,French Flash Services PMI,2024-04-23T07:12:00,2024-04-23T07:18:00,forexfactory,FR
2024-04-23T07:30:00,EUR,high,German Flash Manufacturing PMI,2024-04-23T07:27:00,2024-04-23T07:33:00,forexfactory,GE
2024-04-23T07:30:00,EUR,high,German Flash Services PMI,2024-04-23T07:27:00,2024-04-23T07:33:00,forexfactory,GE
2024-04-23T13:45:00,USD,high,Flash Services PMI,2024-04-23T13:42:00,2024-04-23T13:48:00,forexfactory,US
2024-04-23T13:45:00,USD,high,Flash Manufacturing PMI,2024-04-23T13:42:00,2024-04-23T13:48:00,forexfactory,US
2024-04-25T12:30:00,USD,high,Advance GDP q/q,2024-04-25T12:27:00,2024-04-25T12:33:00,forexfactory,US
2024-04-25T12:30:00,USD,high,Unemployment Claims,2024-04-25T12:27:00,2024-04-25T12:33:00,forexfactory,US
2024-04-25T14:00:00,USD,high,Pending Home Sales m/m,2024-04-25T13:57:00,2024-04-25T14:03:00,forexfactory,US
2024-04-26T12:30:00,USD,high,Core PCE Price Index m/m,2024-04-26T12:27:00,2024-04-26T12:33:00,forexfactory,US
2024-04-26T14:00:00,USD,high,Revised UoM Consumer Sentiment,2024-04-26T13:57:00,2024-04-26T14:03:00,forexfactory,US
2024-04-30T12:30:00,USD,high,Employment Cost Index q/q,2024-04-30T12:27:00,2024-04-30T12:33:00,forexfactory,US
2024-04-30T14:00:00,USD,high,CB Consumer Confidence,2024-04-30T13:57:00,2024-04-30T14:03:00,forexfactory,US
2024-05-01T12:15:00,USD,high,ADP Non-Farm Employment Change,2024-05-01T12:12:00,2024-05-01T12:18:00,forexfactory,US
2024-05-01T13:45:00,USD,high,Final Manufacturing PMI,2024-05-01T13:42:00,2024-05-01T13:48:00,forexfactory,US
2024-05-01T14:00:00,USD,high,JOLTS Job Openings,2024-05-01T13:57:00,2024-05-01T14:03:00,forexfactory,US
2024-05-01T14:00:00,USD,high,ISM Manufacturing PMI,2024-05-01T13:57:00,2024-05-01T14:03:00,forexfactory,US
2024-05-01T18:00:00,USD,high,FOMC Statement,2024-05-01T17:57:00,2024-05-01T18:03:00,forexfactory,US
2024-05-01T18:00:00,USD,high,Federal Funds Rate,2024-05-01T17:57:00,2024-05-01T18:03:00,forexfactory,US
2024-05-01T18:30:00,USD,high,FOMC Press Conference,2024-05-01T18:27:00,2024-05-01T18:33:00,forexfactory,US
2024-05-02T12:30:00,USD,high,Unemployment Claims,2024-05-02T12:27:00,2024-05-02T12:33:00,forexfactory,US
2024-05-03T12:30:00,USD,high,Average Hourly Earnings m/m,2024-05-03T12:27:00,2024-05-03T12:33:00,forexfactory,US
2024-05-03T12:30:00,USD,high,Non-Farm Employment Change,2024-05-03T12:27:00,2024-05-03T12:33:00,forexfactory,US
2024-05-03T12:30:00,USD,high,Unemployment Rate,2024-05-03T12:27:00,2024-05-03T12:33:00,forexfactory,US
2024-05-03T14:00:00,USD,high,ISM Services PMI,2024-05-03T13:57:00,2024-05-03T14:03:00,forexfactory,US
2024-05-09T12:30:00,USD,high,Unemployment Claims,2024-05-09T12:27:00,2024-05-09T12:33:00,forexfactory,US
2024-05-09T17:01:00,USD,high,30-y Bond Auction,2024-05-09T16:58:00,2024-05-09T17:04:00,forexfactory,US
2024-05-10T14:00:00,USD,high,Prelim UoM Consumer Sentiment,2024-05-10T13:57:00,2024-05-10T14:03:00,forexfactory,US
2024-05-14T12:30:00,USD,high,Core PPI m/m,2024-05-14T12:27:00,2024-05-14T12:33:00,forexfactory,US
2024-05-14T12:30:00,USD,high,PPI m/m,2024-05-14T12:27:00,2024-05-14T12:33:00,forexfactory,US
2024-05-14T14:00:00,USD,high,Fed Chairman Powell Speaks,2024-05-14T13:57:00,2024-05-14T14:03:00,forexfactory,US
2024-05-15T12:30:00,USD,high,Retail Sales m/m,2024-05-15T12:27:00,2024-05-15T12:33:00,forexfactory,US
2024-05-15T12:30:00,USD,high,Empire State Manufacturing Index,2024-05-15T12:27:00,2024-05-15T12:33:00,forexfactory,US
2024-05-15T12:30:00,USD,high,Core Retail Sales m/m,2024-05-15T12:27:00,2024-05-15T12:33:00,forexfactory,US
2024-05-15T12:30:00,USD,high,Core CPI m/m,2024-05-15T12:27:00,2024-05-15T12:33:00,forexfactory,US
2024-05-15T12:30:00,USD,high,CPI y/y,2024-05-15T12:27:00,2024-05-15T12:33:00,forexfactory,US
2024-05-15T12:30:00,USD,high,CPI m/m,2024-05-15T12:27:00,2024-05-15T12:33:00,forexfactory,US
2024-05-16T12:30:00,USD,high,Unemployment Claims,2024-05-16T12:27:00,2024-05-16T12:33:00,forexfactory,US
2024-05-22T18:00:00,USD,high,FOMC Meeting Minutes,2024-05-22T17:57:00,2024-05-22T18:03:00,forexfactory,US
2024-05-23T07:15:00,EUR,high,French Flash Manufacturing PMI,2024-05-23T07:12:00,2024-05-23T07:18:00,forexfactory,FR
2024-05-23T07:15:00,EUR,high,French Flash Services PMI,2024-05-23T07:12:00,2024-05-23T07:18:00,forexfactory,FR
2024-05-23T07:30:00,EUR,high,German Flash Manufacturing PMI,2024-05-23T07:27:00,2024-05-23T07:33:00,forexfactory,GE
2024-05-23T07:30:00,EUR,high,German Flash Services PMI,2024-05-23T07:27:00,2024-05-23T07:33:00,forexfactory,GE
2024-05-23T12:30:00,USD,high,Unemployment Claims,2024-05-23T12:27:00,2024-05-23T12:33:00,forexfactory,US
2024-05-23T13:45:00,USD,high,Flash Manufacturing PMI,2024-05-23T13:42:00,2024-05-23T13:48:00,forexfactory,US
2024-05-23T13:45:00,USD,high,Flash Services PMI,2024-05-23T13:42:00,2024-05-23T13:48:00,forexfactory,US
2024-05-24T14:00:00,USD,high,Revised UoM Consumer Sentiment,2024-05-24T13:57:00,2024-05-24T14:03:00,forexfactory,US
2024-05-28T14:00:00,USD,high,CB Consumer Confidence,2024-05-28T13:57:00,2024-05-28T14:03:00,forexfactory,US
2024-05-30T12:30:00,USD,high,Prelim GDP q/q,2024-05-30T12:27:00,2024-05-30T12:33:00,forexfactory,US
2024-05-30T12:30:00,USD,high,Unemployment Claims,2024-05-30T12:27:00,2024-05-30T12:33:00,forexfactory,US
2024-05-30T14:00:00,USD,high,Pending Home Sales m/m,2024-05-30T13:57:00,2024-05-30T14:03:00,forexfactory,US
2024-05-31T09:00:00,EUR,high,CPI Flash Estimate y/y,2024-05-31T08:57:00,2024-05-31T09:03:00,forexfactory,EZ
2024-05-31T09:00:00,EUR,high,Core CPI Flash Estimate y/y,2024-05-31T08:57:00,2024-05-31T09:03:00,forexfactory,EZ
2024-05-31T12:30:00,USD,high,Core PCE Price Index m/m,2024-05-31T12:27:00,2024-05-31T12:33:00,forexfactory,US
2024-06-03T13:45:00,USD,high,Final Manufacturing PMI,2024-06-03T13:42:00,2024-06-03T13:48:00,forexfactory,US
2024-06-03T14:00:00,USD,high,ISM Manufacturing PMI,2024-06-03T13:57:00,2024-06-03T14:03:00,forexfactory,US
2024-06-04T14:00:00,USD,high,JOLTS Job Openings,2024-06-04T13:57:00,2024-06-04T14:03:00,forexfactory,US
2024-06-05T12:15:00,USD,high,ADP Non-Farm Employment Change,2024-06-05T12:12:00,2024-06-05T12:18:00,forexfactory,US
2024-06-05T14:00:00,USD,high,ISM Services PMI,2024-06-05T13:57:00,2024-06-05T14:03:00,forexfactory,US
2024-06-06T12:15:00,EUR,high,Main Refinancing Rate,2024-06-06T12:12:00,2024-06-06T12:18:00,forexfactory,EZ
2024-06-06T12:15:00,EUR,high,Monetary Policy Statement,2024-06-06T12:12:00,2024-06-06T12:18:00,forexfactory,EZ
2024-06-06T12:30:00,USD,high,Unemployment Claims,2024-06-06T12:27:00,2024-06-06T12:33:00,forexfactory,US
2024-06-06T12:45:00,EUR,high,ECB Press Conference,2024-06-06T12:42:00,2024-06-06T12:48:00,forexfactory,EZ
2024-06-07T12:30:00,USD,high,Average Hourly Earnings m/m,2024-06-07T12:27:00,2024-06-07T12:33:00,forexfactory,US
2024-06-07T12:30:00,USD,high,Non-Farm Employment Change,2024-06-07T12:27:00,2024-06-07T12:33:00,forexfactory,US
2024-06-07T12:30:00,USD,high,Unemployment Rate,2024-06-07T12:27:00,2024-06-07T12:33:00,forexfactory,US
2024-06-09T10:16:00,EUR,high,European Parliamentary Elections,2024-06-09T10:13:00,2024-06-09T10:19:00,forexfactory,EZ
2024-06-12T12:30:00,USD,high,CPI m/m,2024-06-12T12:27:00,2024-06-12T12:33:00,forexfactory,US
2024-06-12T12:30:00,USD,high,CPI y/y,2024-06-12T12:27:00,2024-06-12T12:33:00,forexfactory,US
2024-06-12T12:30:00,USD,high,Core CPI m/m,2024-06-12T12:27:00,2024-06-12T12:33:00,forexfactory,US
2024-06-12T18:00:00,USD,high,Federal Funds Rate,2024-06-12T17:57:00,2024-06-12T18:03:00,forexfactory,US
2024-06-12T18:00:00,USD,high,FOMC Statement,2024-06-12T17:57:00,2024-06-12T18:03:00,forexfactory,US
2024-06-12T18:00:00,USD,high,FOMC Economic Projections,2024-06-12T17:57:00,2024-06-12T18:03:00,forexfactory,US
2024-06-12T18:30:00,USD,high,FOMC Press Conference,2024-06-12T18:27:00,2024-06-12T18:33:00,forexfactory,US
2024-06-13T12:30:00,USD,high,Core PPI m/m,2024-06-13T12:27:00,2024-06-13T12:33:00,forexfactory,US
2024-06-13T12:30:00,USD,high,PPI m/m,2024-06-13T12:27:00,2024-06-13T12:33:00,forexfactory,US
2024-06-13T12:30:00,USD,high,Unemployment Claims,2024-06-13T12:27:00,2024-06-13T12:33:00,forexfactory,US
2024-06-14T14:00:00,USD,high,Prelim UoM Consumer Sentiment,2024-06-14T13:57:00,2024-06-14T14:03:00,forexfactory,US
2024-06-17T12:30:00,USD,high,Empire State Manufacturing Index,2024-06-17T12:27:00,2024-06-17T12:33:00,forexfactory,US
2024-06-18T12:30:00,USD,high,Retail Sales m/m,2024-06-18T12:27:00,2024-06-18T12:33:00,forexfactory,US
2024-06-18T12:30:00,USD,high,Core Retail Sales m/m,2024-06-18T12:27:00,2024-06-18T12:33:00,forexfactory,US
2024-06-20T12:30:00,USD,high,Unemployment Claims,2024-06-20T12:27:00,2024-06-20T12:33:00,forexfactory,US
2024-06-20T20:00:00,USD,high,Treasury Currency Report,2024-06-20T19:57:00,2024-06-20T20:03:00,forexfactory,US
2024-06-21T07:15:00,EUR,high,French Flash Manufacturing PMI,2024-06-21T07:12:00,2024-06-21T07:18:00,forexfactory,FR
2024-06-21T07:15:00,EUR,high,French Flash Services PMI,2024-06-21T07:12:00,2024-06-21T07:18:00,forexfactory,FR
2024-06-21T07:30:00,EUR,high,German Flash Manufacturing PMI,2024-06-21T07:27:00,2024-06-21T07:33:00,forexfactory,GE
2024-06-21T07:30:00,EUR,high,German Flash Services PMI,2024-06-21T07:27:00,2024-06-21T07:33:00,forexfactory,GE
2024-06-21T13:45:00,USD,high,Flash Services PMI,2024-06-21T13:42:00,2024-06-21T13:48:00,forexfactory,US
2024-06-21T13:45:00,USD,high,Flash Manufacturing PMI,2024-06-21T13:42:00,2024-06-21T13:48:00,forexfactory,US
2024-06-25T14:00:00,USD,high,CB Consumer Confidence,2024-06-25T13:57:00,2024-06-25T14:03:00,forexfactory,US
2024-06-26T14:00:00,USD,high,New Home Sales,2024-06-26T13:57:00,2024-06-26T14:03:00,forexfactory,US
2024-06-27T12:30:00,USD,high,Final GDP q/q,2024-06-27T12:27:00,2024-06-27T12:33:00,forexfactory,US
2024-06-27T12:30:00,USD,high,Unemployment Claims,2024-06-27T12:27:00,2024-06-27T12:33:00,forexfactory,US
2024-06-27T14:00:00,USD,high,Pending Home Sales m/m,2024-06-27T13:57:00,2024-06-27T14:03:00,forexfactory,US
2024-06-28T12:30:00,USD,high,Core PCE Price Index m/m,2024-06-28T12:27:00,2024-06-28T12:33:00,forexfactory,US
2024-07-01T14:00:00,USD,high,ISM Manufacturing PMI,2024-07-01T13:57:00,2024-07-01T14:03:00,forexfactory,US
2024-07-02T09:00:00,EUR,high,CPI Flash Estimate y/y,2024-07-02T08:57:00,2024-07-02T09:03:00,forexfactory,EZ
2024-07-02T09:00:00,EUR,high,Core CPI Flash Estimate y/y,2024-07-02T08:57:00,2024-07-02T09:03:00,forexfactory,EZ
2024-07-02T13:30:00,USD,high,Fed Chairman Powell Speaks,2024-07-02T13:27:00,2024-07-02T13:33:00,forexfactory,US
2024-07-02T14:00:00,USD,high,JOLTS Job Openings,2024-07-02T13:57:00,2024-07-02T14:03:00,forexfactory,US
2024-07-03T12:15:00,USD,high,ADP Non-Farm Employment Change,2024-07-03T12:12:00,2024-07-03T12:18:00,forexfactory,US
2024-07-03T12:30:00,USD,high,Unemployment Claims,2024-07-03T12:27:00,2024-07-03T12:33:00,forexfactory,US
2024-07-03T14:00:00,USD,high,ISM Services PMI,2024-07-03T13:57:00,2024-07-03T14:03:00,forexfactory,US
2024-07-03T18:00:00,USD,high,FOMC Meeting Minutes,2024-07-03T17:57:00,2024-07-03T18:03:00,forexfactory,US
2024-07-05T12:30:00,USD,high,Average Hourly Earnings m/m,2024-07-05T12:27:00,2024-07-05T12:33:00,forexfactory,US
2024-07-05T12:30:00,USD,high,Non-Farm Employment Change,2024-07-05T12:27:00,2024-07-05T12:33:00,forexfactory,US
2024-07-05T12:30:00,USD,high,Unemployment Rate,2024-07-05T12:27:00,2024-07-05T12:33:00,forexfactory,US
2024-07-09T14:00:00,USD,high,Fed Chairman Powell Testifies,2024-07-09T13:57:00,2024-07-09T14:03:00,forexfactory,US
2024-07-10T14:00:00,USD,high,Fed Chairman Powell Testifies,2024-07-10T13:57:00,2024-07-10T14:03:00,forexfactory,US
2024-07-11T12:30:00,USD,high,CPI m/m,2024-07-11T12:27:00,2024-07-11T12:33:00,forexfactory,US
2024-07-11T12:30:00,USD,high,CPI y/y,2024-07-11T12:27:00,2024-07-11T12:33:00,forexfactory,US
2024-07-11T12:30:00,USD,high,Core CPI m/m,2024-07-11T12:27:00,2024-07-11T12:33:00,forexfactory,US
2024-07-11T12:30:00,USD,high,Unemployment Claims,2024-07-11T12:27:00,2024-07-11T12:33:00,forexfactory,US
2024-07-12T12:30:00,USD,high,Core PPI m/m,2024-07-12T12:27:00,2024-07-12T12:33:00,forexfactory,US
2024-07-12T12:30:00,USD,high,PPI m/m,2024-07-12T12:27:00,2024-07-12T12:33:00,forexfactory,US
2024-07-12T14:00:00,USD,high,Prelim UoM Consumer Sentiment,2024-07-12T13:57:00,2024-07-12T14:03:00,forexfactory,US
2024-07-15T12:30:00,USD,high,Empire State Manufacturing Index,2024-07-15T12:27:00,2024-07-15T12:33:00,forexfactory,US
2024-07-15T16:30:00,USD,high,Fed Chairman Powell Speaks,2024-07-15T16:27:00,2024-07-15T16:33:00,forexfactory,US
2024-07-16T12:30:00,USD,high,Core Retail Sales m/m,2024-07-16T12:27:00,2024-07-16T12:33:00,forexfactory,US
2024-07-16T12:30:00,USD,high,Retail Sales m/m,2024-07-16T12:27:00,2024-07-16T12:33:00,forexfactory,US
2024-07-18T12:15:00,EUR,high,Main Refinancing Rate,2024-07-18T12:12:00,2024-07-18T12:18:00,forexfactory,EZ
2024-07-18T12:15:00,EUR,high,Monetary Policy Statement,2024-07-18T12:12:00,2024-07-18T12:18:00,forexfactory,EZ
2024-07-18T12:30:00,USD,high,Unemployment Claims,2024-07-18T12:27:00,2024-07-18T12:33:00,forexfactory,US
2024-07-18T12:45:00,EUR,high,ECB Press Conference,2024-07-18T12:42:00,2024-07-18T12:48:00,forexfactory,EZ
2024-07-24T07:15:00,EUR,high,French Flash Manufacturing PMI,2024-07-24T07:12:00,2024-07-24T07:18:00,forexfactory,FR
2024-07-24T07:15:00,EUR,high,French Flash Services PMI,2024-07-24T07:12:00,2024-07-24T07:18:00,forexfactory,FR
2024-07-24T07:30:00,EUR,high,German Flash Services PMI,2024-07-24T07:27:00,2024-07-24T07:33:00,forexfactory,GE
2024-07-24T07:30:00,EUR,high,German Flash Manufacturing PMI,2024-07-24T07:27:00,2024-07-24T07:33:00,forexfactory,GE
2024-07-24T13:45:00,USD,high,Flash Manufacturing PMI,2024-07-24T13:42:00,2024-07-24T13:48:00,forexfactory,US
2024-07-24T13:45:00,USD,high,Flash Services PMI,2024-07-24T13:42:00,2024-07-24T13:48:00,forexfactory,US
2024-07-25T12:30:00,USD,high,Advance GDP q/q,2024-07-25T12:27:00,2024-07-25T12:33:00,forexfactory,US
2024-07-25T12:30:00,USD,high,Unemployment Claims,2024-07-25T12:27:00,2024-07-25T12:33:00,forexfactory,US
2024-07-26T12:30:00,USD,high,Core PCE Price Index m/m,2024-07-26T12:27:00,2024-07-26T12:33:00,forexfactory,US
2024-07-30T14:00:00,USD,high,CB Consumer Confidence,2024-07-30T13:57:00,2024-07-30T14:03:00,forexfactory,US
2024-07-30T14:00:00,USD,high,JOLTS Job Openings,2024-07-30T13:57:00,2024-07-30T14:03:00,forexfactory,US
2024-07-31T09:00:00,EUR,high,Core CPI Flash Estimate y/y,2024-07-31T08:57:00,2024-07-31T09:03:00,forexfactory,EZ
2024-07-31T09:00:00,EUR,high,CPI Flash Estimate y/y,2024-07-31T08:57:00,2024-07-31T09:03:00,forexfactory,EZ
2024-07-31T12:15:00,USD,high,ADP Non-Farm Employment Change,2024-07-31T12:12:00,2024-07-31T12:18:00,forexfactory,US
2024-07-31T12:30:00,USD,high,Employment Cost Index q/q,2024-07-31T12:27:00,2024-07-31T12:33:00,forexfactory,US
2024-07-31T14:00:00,USD,high,Pending Home Sales m/m,2024-07-31T13:57:00,2024-07-31T14:03:00,forexfactory,US
2024-07-31T18:00:00,USD,high,FOMC Statement,2024-07-31T17:57:00,2024-07-31T18:03:00,forexfactory,US
2024-07-31T18:00:00,USD,high,Federal Funds Rate,2024-07-31T17:57:00,2024-07-31T18:03:00,forexfactory,US
2024-07-31T18:30:00,USD,high,FOMC Press Conference,2024-07-31T18:27:00,2024-07-31T18:33:00,forexfactory,US
2024-08-01T12:30:00,USD,high,Unemployment Claims,2024-08-01T12:27:00,2024-08-01T12:33:00,forexfactory,US
2024-08-01T14:00:00,USD,high,ISM Manufacturing PMI,2024-08-01T13:57:00,2024-08-01T14:03:00,forexfactory,US
2024-08-02T12:30:00,USD,high,Unemployment Rate,2024-08-02T12:27:00,2024-08-02T12:33:00,forexfactory,US
2024-08-02T12:30:00,USD,high,Average Hourly Earnings m/m,2024-08-02T12:27:00,2024-08-02T12:33:00,forexfactory,US
2024-08-02T12:30:00,USD,high,Non-Farm Employment Change,2024-08-02T12:27:00,2024-08-02T12:33:00,forexfactory,US
2024-08-05T14:00:00,USD,high,ISM Services PMI,2024-08-05T13:57:00,2024-08-05T14:03:00,forexfactory,US
2024-08-08T12:30:00,USD,high,Unemployment Claims,2024-08-08T12:27:00,2024-08-08T12:33:00,forexfactory,US
2024-08-13T12:30:00,USD,high,Core PPI m/m,2024-08-13T12:27:00,2024-08-13T12:33:00,forexfactory,US
2024-08-13T12:30:00,USD,high,PPI m/m,2024-08-13T12:27:00,2024-08-13T12:33:00,forexfactory,US
2024-08-14T12:30:00,USD,high,CPI m/m,2024-08-14T12:27:00,2024-08-14T12:33:00,forexfactory,US
2024-08-14T12:30:00,USD,high,CPI y/y,2024-08-14T12:27:00,2024-08-14T12:33:00,forexfactory,US
2024-08-14T12:30:00,USD,high,Core CPI m/m,2024-08-14T12:27:00,2024-08-14T12:33:00,forexfactory,US
2024-08-15T12:30:00,USD,high,Core Retail Sales m/m,2024-08-15T12:27:00,2024-08-15T12:33:00,forexfactory,US
2024-08-15T12:30:00,USD,high,Retail Sales m/m,2024-08-15T12:27:00,2024-08-15T12:33:00,forexfactory,US
2024-08-15T12:30:00,USD,high,Unemployment Claims,2024-08-15T12:27:00,2024-08-15T12:33:00,forexfactory,US
2024-08-21T14:00:00,USD,high,Prelim Benchmark Payrolls Revision,2024-08-21T13:57:00,2024-08-21T14:03:00,forexfactory,US
2024-08-21T18:00:00,USD,high,FOMC Meeting Minutes,2024-08-21T17:57:00,2024-08-21T18:03:00,forexfactory,US
2024-08-22T07:15:00,EUR,high,French Flash Manufacturing PMI,2024-08-22T07:12:00,2024-08-22T07:18:00,forexfactory,FR
2024-08-22T07:15:00,EUR,high,French Flash Services PMI,2024-08-22T07:12:00,2024-08-22T07:18:00,forexfactory,FR
2024-08-22T07:30:00,EUR,high,German Flash Manufacturing PMI,2024-08-22T07:27:00,2024-08-22T07:33:00,forexfactory,GE
2024-08-22T07:30:00,EUR,high,German Flash Services PMI,2024-08-22T07:27:00,2024-08-22T07:33:00,forexfactory,GE
2024-08-22T12:30:00,USD,high,Unemployment Claims,2024-08-22T12:27:00,2024-08-22T12:33:00,forexfactory,US
2024-08-22T13:45:00,USD,high,Flash Manufacturing PMI,2024-08-22T13:42:00,2024-08-22T13:48:00,forexfactory,US
2024-08-22T13:45:00,USD,high,Flash Services PMI,2024-08-22T13:42:00,2024-08-22T13:48:00,forexfactory,US
2024-08-23T14:00:00,USD,high,Fed Chairman Powell Speaks,2024-08-23T13:57:00,2024-08-23T14:03:00,forexfactory,US
2024-08-27T14:00:00,USD,high,CB Consumer Confidence,2024-08-27T13:57:00,2024-08-27T14:03:00,forexfactory,US
2024-08-29T12:30:00,USD,high,Prelim GDP q/q,2024-08-29T12:27:00,2024-08-29T12:33:00,forexfactory,US
2024-08-29T12:30:00,USD,high,Unemployment Claims,2024-08-29T12:27:00,2024-08-29T12:33:00,forexfactory,US
2024-08-30T09:00:00,EUR,high,CPI Flash Estimate y/y,2024-08-30T08:57:00,2024-08-30T09:03:00,forexfactory,EZ
2024-08-30T12:30:00,USD,high,Core PCE Price Index m/m,2024-08-30T12:27:00,2024-08-30T12:33:00,forexfactory,US
2024-09-03T14:00:00,USD,high,ISM Manufacturing PMI,2024-09-03T13:57:00,2024-09-03T14:03:00,forexfactory,US
2024-09-04T14:00:00,USD,high,JOLTS Job Openings,2024-09-04T13:57:00,2024-09-04T14:03:00,forexfactory,US
2024-09-05T12:15:00,USD,high,ADP Non-Farm Employment Change,2024-09-05T12:12:00,2024-09-05T12:18:00,forexfactory,US
2024-09-05T12:30:00,USD,high,Unemployment Claims,2024-09-05T12:27:00,2024-09-05T12:33:00,forexfactory,US
2024-09-05T14:00:00,USD,high,ISM Services PMI,2024-09-05T13:57:00,2024-09-05T14:03:00,forexfactory,US
2024-09-06T12:30:00,USD,high,Average Hourly Earnings m/m,2024-09-06T12:27:00,2024-09-06T12:33:00,forexfactory,US
2024-09-06T12:30:00,USD,high,Non-Farm Employment Change,2024-09-06T12:27:00,2024-09-06T12:33:00,forexfactory,US
2024-09-06T12:30:00,USD,high,Unemployment Rate,2024-09-06T12:27:00,2024-09-06T12:33:00,forexfactory,US
2024-09-06T15:00:00,USD,high,FOMC Member Waller Speaks,2024-09-06T14:57:00,2024-09-06T15:03:00,forexfactory,US
2024-09-11T12:30:00,USD,high,Core CPI m/m,2024-09-11T12:27:00,2024-09-11T12:33:00,forexfactory,US
2024-09-11T12:30:00,USD,high,CPI m/m,2024-09-11T12:27:00,2024-09-11T12:33:00,forexfactory,US
2024-09-11T12:30:00,USD,high,CPI y/y,2024-09-11T12:27:00,2024-09-11T12:33:00,forexfactory,US
2024-09-12T12:15:00,EUR,high,Main Refinancing Rate,2024-09-12T12:12:00,2024-09-12T12:18:00,forexfactory,EZ
2024-09-12T12:15:00,EUR,high,Monetary Policy Statement,2024-09-12T12:12:00,2024-09-12T12:18:00,forexfactory,EZ
2024-09-12T12:30:00,USD,high,Core PPI m/m,2024-09-12T12:27:00,2024-09-12T12:33:00,forexfactory,US
2024-09-12T12:30:00,USD,high,PPI m/m,2024-09-12T12:27:00,2024-09-12T12:33:00,forexfactory,US
2024-09-12T12:30:00,USD,high,Unemployment Claims,2024-09-12T12:27:00,2024-09-12T12:33:00,forexfactory,US
2024-09-12T12:45:00,EUR,high,ECB Press Conference,2024-09-12T12:42:00,2024-09-12T12:48:00,forexfactory,EZ
2024-09-17T12:30:00,USD,high,Retail Sales m/m,2024-09-17T12:27:00,2024-09-17T12:33:00,forexfactory,US
2024-09-17T12:30:00,USD,high,Core Retail Sales m/m,2024-09-17T12:27:00,2024-09-17T12:33:00,forexfactory,US
2024-09-18T18:00:00,USD,high,FOMC Economic Projections,2024-09-18T17:57:00,2024-09-18T18:03:00,forexfactory,US
2024-09-18T18:00:00,USD,high,FOMC Statement,2024-09-18T17:57:00,2024-09-18T18:03:00,forexfactory,US
2024-09-18T18:00:00,USD,high,Federal Funds Rate,2024-09-18T17:57:00,2024-09-18T18:03:00,forexfactory,US
2024-09-18T18:30:00,USD,high,FOMC Press Conference,2024-09-18T18:27:00,2024-09-18T18:33:00,forexfactory,US
2024-09-19T12:30:00,USD,high,Unemployment Claims,2024-09-19T12:27:00,2024-09-19T12:33:00,forexfactory,US
2024-09-23T07:15:00,EUR,high,French Flash Services PMI,2024-09-23T07:12:00,2024-09-23T07:18:00,forexfactory,FR
2024-09-23T07:15:00,EUR,high,French Flash Manufacturing PMI,2024-09-23T07:12:00,2024-09-23T07:18:00,forexfactory,FR
2024-09-23T07:30:00,EUR,high,German Flash Services PMI,2024-09-23T07:27:00,2024-09-23T07:33:00,forexfactory,GE
2024-09-23T07:30:00,EUR,high,German Flash Manufacturing PMI,2024-09-23T07:27:00,2024-09-23T07:33:00,forexfactory,GE
2024-09-23T13:45:00,USD,high,Flash Manufacturing PMI,2024-09-23T13:42:00,2024-09-23T13:48:00,forexfactory,US
2024-09-23T13:45:00,USD,high,Flash Services PMI,2024-09-23T13:42:00,2024-09-23T13:48:00,forexfactory,US
2024-09-24T14:00:00,USD,high,CB Consumer Confidence,2024-09-24T13:57:00,2024-09-24T14:03:00,forexfactory,US
2024-09-26T12:30:00,USD,high,Final GDP q/q,2024-09-26T12:27:00,2024-09-26T12:33:00,forexfactory,US
2024-09-26T12:30:00,USD,high,Unemployment Claims,2024-09-26T12:27:00,2024-09-26T12:33:00,forexfactory,US
2024-09-26T13:20:00,USD,high,Fed Chairman Powell Speaks,2024-09-26T13:17:00,2024-09-26T13:23:00,forexfactory,US
2024-09-27T12:30:00,USD,high,Core PCE Price Index m/m,2024-09-27T12:27:00,2024-09-27T12:33:00,forexfactory,US
2024-09-30T17:55:00,USD,high,Fed Chairman Powell Speaks,2024-09-30T17:52:00,2024-09-30T17:58:00,forexfactory,US
2024-10-01T09:00:00,EUR,high,CPI Flash Estimate y/y,2024-10-01T08:57:00,2024-10-01T09:03:00,forexfactory,EZ
2024-10-01T09:00:00,EUR,high,Core CPI Flash Estimate y/y,2024-10-01T08:57:00,2024-10-01T09:03:00,forexfactory,EZ
2024-10-01T14:00:00,USD,high,ISM Manufacturing PMI,2024-10-01T13:57:00,2024-10-01T14:03:00,forexfactory,US
2024-10-01T14:00:00,USD,high,JOLTS Job Openings,2024-10-01T13:57:00,2024-10-01T14:03:00,forexfactory,US
2024-10-02T12:15:00,USD,high,ADP Non-Farm Employment Change,2024-10-02T12:12:00,2024-10-02T12:18:00,forexfactory,US
2024-10-03T12:30:00,USD,high,Unemployment Claims,2024-10-03T12:27:00,2024-10-03T12:33:00,forexfactory,US
2024-10-03T14:00:00,USD,high,ISM Services PMI,2024-10-03T13:57:00,2024-10-03T14:03:00,forexfactory,US
2024-10-04T12:30:00,USD,high,Non-Farm Employment Change,2024-10-04T12:27:00,2024-10-04T12:33:00,forexfactory,US
2024-10-04T12:30:00,USD,high,Unemployment Rate,2024-10-04T12:27:00,2024-10-04T12:33:00,forexfactory,US
2024-10-04T12:30:00,USD,high,Average Hourly Earnings m/m,2024-10-04T12:27:00,2024-10-04T12:33:00,forexfactory,US
2024-10-09T18:00:00,USD,high,FOMC Meeting Minutes,2024-10-09T17:57:00,2024-10-09T18:03:00,forexfactory,US
2024-10-10T12:30:00,USD,high,CPI m/m,2024-10-10T12:27:00,2024-10-10T12:33:00,forexfactory,US
2024-10-10T12:30:00,USD,high,CPI y/y,2024-10-10T12:27:00,2024-10-10T12:33:00,forexfactory,US
2024-10-10T12:30:00,USD,high,Core CPI m/m,2024-10-10T12:27:00,2024-10-10T12:33:00,forexfactory,US
2024-10-10T12:30:00,USD,high,Unemployment Claims,2024-10-10T12:27:00,2024-10-10T12:33:00,forexfactory,US
2024-10-11T12:30:00,USD,high,Core PPI m/m,2024-10-11T12:27:00,2024-10-11T12:33:00,forexfactory,US
2024-10-11T12:30:00,USD,high,PPI m/m,2024-10-11T12:27:00,2024-10-11T12:33:00,forexfactory,US
2024-10-17T12:15:00,EUR,high,Main Refinancing Rate,2024-10-17T12:12:00,2024-10-17T12:18:00,forexfactory,EZ
2024-10-17T12:15:00,EUR,high,Monetary Policy Statement,2024-10-17T12:12:00,2024-10-17T12:18:00,forexfactory,EZ
2024-10-17T12:30:00,USD,high,Core Retail Sales m/m,2024-10-17T12:27:00,2024-10-17T12:33:00,forexfactory,US
2024-10-17T12:30:00,USD,high,Retail Sales m/m,2024-10-17T12:27:00,2024-10-17T12:33:00,forexfactory,US
2024-10-17T12:30:00,USD,high,Unemployment Claims,2024-10-17T12:27:00,2024-10-17T12:33:00,forexfactory,US
2024-10-17T12:45:00,EUR,high,ECB Press Conference,2024-10-17T12:42:00,2024-10-17T12:48:00,forexfactory,EZ
2024-10-24T07:15:00,EUR,high,French Flash Manufacturing PMI,2024-10-24T07:12:00,2024-10-24T07:18:00,forexfactory,FR
2024-10-24T07:15:00,EUR,high,French Flash Services PMI,2024-10-24T07:12:00,2024-10-24T07:18:00,forexfactory,FR
2024-10-24T07:30:00,EUR,high,German Flash Manufacturing PMI,2024-10-24T07:27:00,2024-10-24T07:33:00,forexfactory,GE
2024-10-24T07:30:00,EUR,high,German Flash Services PMI,2024-10-24T07:27:00,2024-10-24T07:33:00,forexfactory,GE
2024-10-24T12:30:00,USD,high,Unemployment Claims,2024-10-24T12:27:00,2024-10-24T12:33:00,forexfactory,US
2024-10-24T13:45:00,USD,high,Flash Manufacturing PMI,2024-10-24T13:42:00,2024-10-24T13:48:00,forexfactory,US
2024-10-24T13:45:00,USD,high,Flash Services PMI,2024-10-24T13:42:00,2024-10-24T13:48:00,forexfactory,US
2024-10-29T14:00:00,USD,high,CB Consumer Confidence,2024-10-29T13:57:00,2024-10-29T14:03:00,forexfactory,US
2024-10-29T14:00:00,USD,high,JOLTS Job Openings,2024-10-29T13:57:00,2024-10-29T14:03:00,forexfactory,US
2024-10-30T12:15:00,USD,high,ADP Non-Farm Employment Change,2024-10-30T12:12:00,2024-10-30T12:18:00,forexfactory,US
2024-10-30T12:30:00,USD,high,Advance GDP q/q,2024-10-30T12:27:00,2024-10-30T12:33:00,forexfactory,US
2024-10-31T12:30:00,USD,high,Employment Cost Index q/q,2024-10-31T12:27:00,2024-10-31T12:33:00,forexfactory,US
2024-10-31T12:30:00,USD,high,Unemployment Claims,2024-10-31T12:27:00,2024-10-31T12:33:00,forexfactory,US
2024-10-31T12:30:00,USD,high,Core PCE Price Index m/m,2024-10-31T12:27:00,2024-10-31T12:33:00,forexfactory,US
2024-11-01T12:30:00,USD,high,Average Hourly Earnings m/m,2024-11-01T12:27:00,2024-11-01T12:33:00,forexfactory,US
2024-11-01T12:30:00,USD,high,Non-Farm Employment Change,2024-11-01T12:27:00,2024-11-01T12:33:00,forexfactory,US
2024-11-01T12:30:00,USD,high,Unemployment Rate,2024-11-01T12:27:00,2024-11-01T12:33:00,forexfactory,US
2024-11-01T14:00:00,USD,high,ISM Manufacturing PMI,2024-11-01T13:57:00,2024-11-01T14:03:00,forexfactory,US
2024-11-05T15:00:00,USD,high,ISM Services PMI,2024-11-05T14:57:00,2024-11-05T15:03:00,forexfactory,US
2024-11-07T13:30:00,USD,high,Unemployment Claims,2024-11-07T13:27:00,2024-11-07T13:33:00,forexfactory,US
2024-11-07T19:00:00,USD,high,FOMC Statement,2024-11-07T18:57:00,2024-11-07T19:03:00,forexfactory,US
2024-11-07T19:00:00,USD,high,Federal Funds Rate,2024-11-07T18:57:00,2024-11-07T19:03:00,forexfactory,US
2024-11-07T19:30:00,USD,high,FOMC Press Conference,2024-11-07T19:27:00,2024-11-07T19:33:00,forexfactory,US
2024-11-13T13:30:00,USD,high,CPI m/m,2024-11-13T13:27:00,2024-11-13T13:33:00,forexfactory,US
2024-11-13T13:30:00,USD,high,CPI y/y,2024-11-13T13:27:00,2024-11-13T13:33:00,forexfactory,US
2024-11-13T13:30:00,USD,high,Core CPI m/m,2024-11-13T13:27:00,2024-11-13T13:33:00,forexfactory,US
2024-11-14T13:30:00,USD,high,Core PPI m/m,2024-11-14T13:27:00,2024-11-14T13:33:00,forexfactory,US
2024-11-14T13:30:00,USD,high,PPI m/m,2024-11-14T13:27:00,2024-11-14T13:33:00,forexfactory,US
2024-11-14T13:30:00,USD,high,Unemployment Claims,2024-11-14T13:27:00,2024-11-14T13:33:00,forexfactory,US
2024-11-14T20:00:00,USD,high,Fed Chairman Powell Speaks,2024-11-14T19:57:00,2024-11-14T20:03:00,forexfactory,US
2024-11-15T13:30:00,USD,high,Retail Sales m/m,2024-11-15T13:27:00,2024-11-15T13:33:00,forexfactory,US
2024-11-15T13:30:00,USD,high,Core Retail Sales m/m,2024-11-15T13:27:00,2024-11-15T13:33:00,forexfactory,US
2024-11-21T13:30:00,USD,high,Unemployment Claims,2024-11-21T13:27:00,2024-11-21T13:33:00,forexfactory,US
2024-11-22T08:15:00,EUR,high,French Flash Manufacturing PMI,2024-11-22T08:12:00,2024-11-22T08:18:00,forexfactory,FR
2024-11-22T08:15:00,EUR,high,French Flash Services PMI,2024-11-22T08:12:00,2024-11-22T08:18:00,forexfactory,FR
2024-11-22T08:30:00,EUR,high,German Flash Manufacturing PMI,2024-11-22T08:27:00,2024-11-22T08:33:00,forexfactory,GE
2024-11-22T08:30:00,EUR,high,German Flash Services PMI,2024-11-22T08:27:00,2024-11-22T08:33:00,forexfactory,GE
2024-11-22T14:45:00,USD,high,Flash Services PMI,2024-11-22T14:42:00,2024-11-22T14:48:00,forexfactory,US
2024-11-22T14:45:00,USD,high,Flash Manufacturing PMI,2024-11-22T14:42:00,2024-11-22T14:48:00,forexfactory,US
2024-11-26T15:00:00,USD,high,CB Consumer Confidence,2024-11-26T14:57:00,2024-11-26T15:03:00,forexfactory,US
2024-11-26T19:00:00,USD,high,FOMC Meeting Minutes,2024-11-26T18:57:00,2024-11-26T19:03:00,forexfactory,US
2024-11-27T13:30:00,USD,high,Prelim GDP q/q,2024-11-27T13:27:00,2024-11-27T13:33:00,forexfactory,US
2024-11-27T13:30:00,USD,high,Unemployment Claims,2024-11-27T13:27:00,2024-11-27T13:33:00,forexfactory,US
2024-11-27T15:00:00,USD,high,Core PCE Price Index m/m,2024-11-27T14:57:00,2024-11-27T15:03:00,forexfactory,US
2024-12-02T15:00:00,USD,high,ISM Manufacturing PMI,2024-12-02T14:57:00,2024-12-02T15:03:00,forexfactory,US
2024-12-03T15:00:00,USD,high,JOLTS Job Openings,2024-12-03T14:57:00,2024-12-03T15:03:00,forexfactory,US
2024-12-04T13:15:00,USD,high,ADP Non-Farm Employment Change,2024-12-04T13:12:00,2024-12-04T13:18:00,forexfactory,US
2024-12-04T15:00:00,USD,high,ISM Services PMI,2024-12-04T14:57:00,2024-12-04T15:03:00,forexfactory,US
2024-12-04T18:45:00,USD,high,Fed Chairman Powell Speaks,2024-12-04T18:42:00,2024-12-04T18:48:00,forexfactory,US
2024-12-05T13:30:00,USD,high,Unemployment Claims,2024-12-05T13:27:00,2024-12-05T13:33:00,forexfactory,US
2024-12-06T13:30:00,USD,high,Average Hourly Earnings m/m,2024-12-06T13:27:00,2024-12-06T13:33:00,forexfactory,US
2024-12-06T13:30:00,USD,high,Non-Farm Employment Change,2024-12-06T13:27:00,2024-12-06T13:33:00,forexfactory,US
2024-12-06T13:30:00,USD,high,Unemployment Rate,2024-12-06T13:27:00,2024-12-06T13:33:00,forexfactory,US
2024-12-11T13:30:00,USD,high,CPI m/m,2024-12-11T13:27:00,2024-12-11T13:33:00,forexfactory,US
2024-12-11T13:30:00,USD,high,CPI y/y,2024-12-11T13:27:00,2024-12-11T13:33:00,forexfactory,US
2024-12-11T13:30:00,USD,high,Core CPI m/m,2024-12-11T13:27:00,2024-12-11T13:33:00,forexfactory,US
2024-12-12T13:15:00,EUR,high,Main Refinancing Rate,2024-12-12T13:12:00,2024-12-12T13:18:00,forexfactory,EZ
2024-12-12T13:15:00,EUR,high,Monetary Policy Statement,2024-12-12T13:12:00,2024-12-12T13:18:00,forexfactory,EZ
2024-12-12T13:30:00,USD,high,Unemployment Claims,2024-12-12T13:27:00,2024-12-12T13:33:00,forexfactory,US
2024-12-12T13:30:00,USD,high,Core PPI m/m,2024-12-12T13:27:00,2024-12-12T13:33:00,forexfactory,US
2024-12-12T13:30:00,USD,high,PPI m/m,2024-12-12T13:27:00,2024-12-12T13:33:00,forexfactory,US
2024-12-12T13:45:00,EUR,high,ECB Press Conference,2024-12-12T13:42:00,2024-12-12T13:48:00,forexfactory,EZ
2024-12-16T08:15:00,EUR,high,French Flash Manufacturing PMI,2024-12-16T08:12:00,2024-12-16T08:18:00,forexfactory,FR
2024-12-16T08:15:00,EUR,high,French Flash Services PMI,2024-12-16T08:12:00,2024-12-16T08:18:00,forexfactory,FR
2024-12-16T08:30:00,EUR,high,German Flash Manufacturing PMI,2024-12-16T08:27:00,2024-12-16T08:33:00,forexfactory,GE
2024-12-16T08:30:00,EUR,high,German Flash Services PMI,2024-12-16T08:27:00,2024-12-16T08:33:00,forexfactory,GE
2024-12-16T14:45:00,USD,high,Flash Manufacturing PMI,2024-12-16T14:42:00,2024-12-16T14:48:00,forexfactory,US
2024-12-16T14:45:00,USD,high,Flash Services PMI,2024-12-16T14:42:00,2024-12-16T14:48:00,forexfactory,US
2024-12-17T13:30:00,USD,high,Core Retail Sales m/m,2024-12-17T13:27:00,2024-12-17T13:33:00,forexfactory,US
2024-12-17T13:30:00,USD,high,Retail Sales m/m,2024-12-17T13:27:00,2024-12-17T13:33:00,forexfactory,US
2024-12-18T19:00:00,USD,high,FOMC Economic Projections,2024-12-18T18:57:00,2024-12-18T19:03:00,forexfactory,US
2024-12-18T19:00:00,USD,high,FOMC Statement,2024-12-18T18:57:00,2024-12-18T19:03:00,forexfactory,US
2024-12-18T19:00:00,USD,high,Federal Funds Rate,2024-12-18T18:57:00,2024-12-18T19:03:00,forexfactory,US
2024-12-18T19:30:00,USD,high,FOMC Press Conference,2024-12-18T19:27:00,2024-12-18T19:33:00,forexfactory,US
2024-12-19T13:30:00,USD,high,Final GDP q/q,2024-12-19T13:27:00,2024-12-19T13:33:00,forexfactory,US
2024-12-19T13:30:00,USD,high,Unemployment Claims,2024-12-19T13:27:00,2024-12-19T13:33:00,forexfactory,US
2024-12-20T13:30:00,USD,high,Core PCE Price Index m/m,2024-12-20T13:27:00,2024-12-20T13:33:00,forexfactory,US
2024-12-26T13:30:00,USD,high,Unemployment Claims,2024-12-26T13:27:00,2024-12-26T13:33:00,forexfactory,US
2025-01-02T13:30:00,USD,high,Unemployment Claims,2025-01-02T13:27:00,2025-01-02T13:33:00,forexfactory,US
2025-01-03T15:00:00,USD,high,ISM Manufacturing PMI,2025-01-03T14:57:00,2025-01-03T15:03:00,forexfactory,US
2025-01-07T15:00:00,USD,high,ISM Services PMI,2025-01-07T14:57:00,2025-01-07T15:03:00,forexfactory,US
2025-01-07T15:00:00,USD,high,JOLTS Job Openings,2025-01-07T14:57:00,2025-01-07T15:03:00,forexfactory,US
2025-01-08T13:15:00,USD,high,ADP Non-Farm Employment Change,2025-01-08T13:12:00,2025-01-08T13:18:00,forexfactory,US
2025-01-08T13:30:00,USD,high,Unemployment Claims,2025-01-08T13:27:00,2025-01-08T13:33:00,forexfactory,US
2025-01-08T19:00:00,USD,high,FOMC Meeting Minutes,2025-01-08T18:57:00,2025-01-08T19:03:00,forexfactory,US
2025-01-10T13:30:00,USD,high,Unemployment Rate,2025-01-10T13:27:00,2025-01-10T13:33:00,forexfactory,US
2025-01-10T13:30:00,USD,high,Average Hourly Earnings m/m,2025-01-10T13:27:00,2025-01-10T13:33:00,forexfactory,US
2025-01-10T13:30:00,USD,high,Non-Farm Employment Change,2025-01-10T13:27:00,2025-01-10T13:33:00,forexfactory,US
2025-01-14T13:30:00,USD,high,Core PPI m/m,2025-01-14T13:27:00,2025-01-14T13:33:00,forexfactory,US
2025-01-14T13:30:00,USD,high,PPI m/m,2025-01-14T13:27:00,2025-01-14T13:33:00,forexfactory,US
2025-01-15T13:30:00,USD,high,Core CPI m/m,2025-01-15T13:27:00,2025-01-15T13:33:00,forexfactory,US
2025-01-15T13:30:00,USD,high,CPI m/m,2025-01-15T13:27:00,2025-01-15T13:33:00,forexfactory,US
2025-01-15T13:30:00,USD,high,CPI y/y,2025-01-15T13:27:00,2025-01-15T13:33:00,forexfactory,US
2025-01-16T13:30:00,USD,high,Unemployment Claims,2025-01-16T13:27:00,2025-01-16T13:33:00,forexfactory,US
2025-01-16T13:30:00,USD,high,Retail Sales m/m,2025-01-16T13:27:00,2025-01-16T13:33:00,forexfactory,US
2025-01-16T13:30:00,USD,high,Core Retail Sales m/m,2025-01-16T13:27:00,2025-01-16T13:33:00,forexfactory,US
2025-01-20T17:00:00,USD,high,President Trump Speaks,2025-01-20T16:57:00,2025-01-20T17:03:00,forexfactory,US
2025-01-23T13:30:00,USD,high,Unemployment Claims,2025-01-23T13:27:00,2025-01-23T13:33:00,forexfactory,US
2025-01-23T16:00:00,USD,high,President Trump Speaks,2025-01-23T15:57:00,2025-01-23T16:03:00,forexfactory,US
2025-01-24T08:15:00,EUR,high,French Flash Manufacturing PMI,2025-01-24T08:12:00,2025-01-24T08:18:00,forexfactory,FR
2025-01-24T08:15:00,EUR,high,French Flash Services PMI,2025-01-24T08:12:00,2025-01-24T08:18:00,forexfactory,FR
2025-01-24T08:30:00,EUR,high,German Flash Manufacturing PMI,2025-01-24T08:27:00,2025-01-24T08:33:00,forexfactory,GE
2025-01-24T08:30:00,EUR,high,German Flash Services PMI,2025-01-24T08:27:00,2025-01-24T08:33:00,forexfactory,GE
2025-01-24T14:45:00,USD,high,Flash Services PMI,2025-01-24T14:42:00,2025-01-24T14:48:00,forexfactory,US
2025-01-24T14:45:00,USD,high,Flash Manufacturing PMI,2025-01-24T14:42:00,2025-01-24T14:48:00,forexfactory,US
2025-01-28T15:00:00,USD,high,CB Consumer Confidence,2025-01-28T14:57:00,2025-01-28T15:03:00,forexfactory,US
2025-01-29T19:00:00,USD,high,FOMC Statement,2025-01-29T18:57:00,2025-01-29T19:03:00,forexfactory,US
2025-01-29T19:00:00,USD,high,Federal Funds Rate,2025-01-29T18:57:00,2025-01-29T19:03:00,forexfactory,US
2025-01-29T19:30:00,USD,high,FOMC Press Conference,2025-01-29T19:27:00,2025-01-29T19:33:00,forexfactory,US
2025-01-30T13:15:00,EUR,high,Main Refinancing Rate,2025-01-30T13:12:00,2025-01-30T13:18:00,forexfactory,EZ
2025-01-30T13:15:00,EUR,high,Monetary Policy Statement,2025-01-30T13:12:00,2025-01-30T13:18:00,forexfactory,EZ
2025-01-30T13:30:00,USD,high,Advance GDP q/q,2025-01-30T13:27:00,2025-01-30T13:33:00,forexfactory,US
2025-01-30T13:30:00,USD,high,Unemployment Claims,2025-01-30T13:27:00,2025-01-30T13:33:00,forexfactory,US
2025-01-30T13:45:00,EUR,high,ECB Press Conference,2025-01-30T13:42:00,2025-01-30T13:48:00,forexfactory,EZ
2025-01-31T13:30:00,USD,high,Core PCE Price Index m/m,2025-01-31T13:27:00,2025-01-31T13:33:00,forexfactory,US
2025-01-31T13:30:00,USD,high,Employment Cost Index q/q,2025-01-31T13:27:00,2025-01-31T13:33:00,forexfactory,US
2025-02-03T15:00:00,USD,high,ISM Manufacturing PMI,2025-02-03T14:57:00,2025-02-03T15:03:00,forexfactory,US
2025-02-04T15:00:00,USD,high,JOLTS Job Openings,2025-02-04T14:57:00,2025-02-04T15:03:00,forexfactory,US
2025-02-04T22:10:00,USD,high,President Trump Speaks,2025-02-04T22:07:00,2025-02-04T22:13:00,forexfactory,US
2025-02-05T13:15:00,USD,high,ADP Non-Farm Employment Change,2025-02-05T13:12:00,2025-02-05T13:18:00,forexfactory,US
2025-02-05T15:00:00,USD,high,ISM Services PMI,2025-02-05T14:57:00,2025-02-05T15:03:00,forexfactory,US
2025-02-06T13:30:00,USD,high,Unemployment Claims,2025-02-06T13:27:00,2025-02-06T13:33:00,forexfactory,US
2025-02-07T13:30:00,USD,high,Average Hourly Earnings m/m,2025-02-07T13:27:00,2025-02-07T13:33:00,forexfactory,US
2025-02-07T13:30:00,USD,high,Non-Farm Employment Change,2025-02-07T13:27:00,2025-02-07T13:33:00,forexfactory,US
2025-02-07T13:30:00,USD,high,Unemployment Rate,2025-02-07T13:27:00,2025-02-07T13:33:00,forexfactory,US
2025-02-10T21:30:00,USD,high,President Trump Speaks,2025-02-10T21:27:00,2025-02-10T21:33:00,forexfactory,US
2025-02-11T15:00:00,USD,high,Fed Chairman Powell Testifies,2025-02-11T14:57:00,2025-02-11T15:03:00,forexfactory,US
2025-02-11T20:40:00,USD,high,President Trump Speaks,2025-02-11T20:37:00,2025-02-11T20:43:00,forexfactory,US
2025-02-12T13:30:00,USD,high,CPI y/y,2025-02-12T13:27:00,2025-02-12T13:33:00,forexfactory,US
2025-02-12T13:30:00,USD,high,Core CPI m/m,2025-02-12T13:27:00,2025-02-12T13:33:00,forexfactory,US
2025-02-12T13:30:00,USD,high,CPI m/m,2025-02-12T13:27:00,2025-02-12T13:33:00,forexfactory,US
2025-02-12T15:00:00,USD,high,Fed Chairman Powell Testifies,2025-02-12T14:57:00,2025-02-12T15:03:00,forexfactory,US
2025-02-12T20:48:00,USD,high,President Trump Speaks,2025-02-12T20:45:00,2025-02-12T20:51:00,forexfactory,US
2025-02-13T13:30:00,USD,high,Core PPI m/m,2025-02-13T13:27:00,2025-02-13T13:33:00,forexfactory,US
2025-02-13T13:30:00,USD,high,PPI m/m,2025-02-13T13:27:00,2025-02-13T13:33:00,forexfactory,US
2025-02-13T13:30:00,USD,high,Unemployment Claims,2025-02-13T13:27:00,2025-02-13T13:33:00,forexfactory,US
2025-02-13T18:36:00,USD,high,President Trump Speaks,2025-02-13T18:33:00,2025-02-13T18:39:00,forexfactory,US
2025-02-14T13:30:00,USD,high,Retail Sales m/m,2025-02-14T13:27:00,2025-02-14T13:33:00,forexfactory,US
2025-02-14T13:30:00,USD,high,Core Retail Sales m/m,2025-02-14T13:27:00,2025-02-14T13:33:00,forexfactory,US
2025-02-14T19:08:00,USD,high,President Trump Speaks,2025-02-14T19:05:00,2025-02-14T19:11:00,forexfactory,US
2025-02-18T21:13:00,USD,high,President Trump Speaks,2025-02-18T21:10:00,2025-02-18T21:16:00,forexfactory,US
2025-02-19T02:00:00,USD,high,President Trump Speaks,2025-02-19T01:57:00,2025-02-19T02:03:00,forexfactory,US
2025-02-19T19:00:00,USD,high,FOMC Meeting Minutes,2025-02-19T18:57:00,2025-02-19T19:03:00,forexfactory,US
2025-02-19T22:00:00,USD,high,President Trump Speaks,2025-02-19T21:57:00,2025-02-19T22:03:00,forexfactory,US
2025-02-20T13:30:00,USD,high,Unemployment Claims,2025-02-20T13:27:00,2025-02-20T13:33:00,forexfactory,US
2025-02-21T00:20:00,USD,high,President Trump Speaks,2025-02-21T00:17:00,2025-02-21T00:23:00,forexfactory,US
2025-02-21T08:15:00,EUR,high,French Flash Manufacturing PMI,2025-02-21T08:12:00,2025-02-21T08:18:00,forexfactory,FR
2025-02-21T08:15:00,EUR,high,French Flash Services PMI,2025-02-21T08:12:00,2025-02-21T08:18:00,forexfactory,FR
2025-02-21T08:30:00,EUR,high,German Flash Services PMI,2025-02-21T08:27:00,2025-02-21T08:33:00,forexfactory,GE
2025-02-21T08:30:00,EUR,high,German Flash Manufacturing PMI,2025-02-21T08:27:00,2025-02-21T08:33:00,forexfactory,GE
2025-02-21T14:45:00,USD,high,Flash Manufacturing PMI,2025-02-21T14:42:00,2025-02-21T14:48:00,forexfactory,US
2025-02-21T14:45:00,USD,high,Flash Services PMI,2025-02-21T14:42:00,2025-02-21T14:48:00,forexfactory,US
2025-02-21T20:56:00,USD,high,President Trump Speaks,2025-02-21T20:53:00,2025-02-21T20:59:00,forexfactory,US
2025-02-24T19:49:00,USD,high,President Trump Speaks,2025-02-24T19:46:00,2025-02-24T19:52:00,forexfactory,US
2025-02-25T20:59:00,USD,high,President Trump Speaks,2025-02-25T20:56:00,2025-02-25T21:02:00,forexfactory,US
2025-02-27T13:30:00,USD,high,Prelim GDP q/q,2025-02-27T13:27:00,2025-02-27T13:33:00,forexfactory,US
2025-02-27T13:30:00,USD,high,Unemployment Claims,2025-02-27T13:27:00,2025-02-27T13:33:00,forexfactory,US
2025-02-28T13:30:00,USD,high,Core PCE Price Index m/m,2025-02-28T13:27:00,2025-02-28T13:33:00,forexfactory,US
2025-02-28T17:15:00,USD,high,President Trump Speaks,2025-02-28T17:12:00,2025-02-28T17:18:00,forexfactory,US
2025-03-03T15:00:00,USD,high,ISM Manufacturing PMI,2025-03-03T14:57:00,2025-03-03T15:03:00,forexfactory,US
2025-03-05T02:10:00,USD,high,President Trump Speaks,2025-03-05T02:07:00,2025-03-05T02:13:00,forexfactory,US
2025-03-05T13:15:00,USD,high,ADP Non-Farm Employment Change,2025-03-05T13:12:00,2025-03-05T13:18:00,forexfactory,US
2025-03-05T15:00:00,USD,high,ISM Services PMI,2025-03-05T14:57:00,2025-03-05T15:03:00,forexfactory,US
2025-03-06T13:15:00,EUR,high,Main Refinancing Rate,2025-03-06T13:12:00,2025-03-06T13:18:00,forexfactory,EZ
2025-03-06T13:15:00,EUR,high,Monetary Policy Statement,2025-03-06T13:12:00,2025-03-06T13:18:00,forexfactory,EZ
2025-03-06T13:30:00,USD,high,Unemployment Claims,2025-03-06T13:27:00,2025-03-06T13:33:00,forexfactory,US
2025-03-06T13:45:00,EUR,high,ECB Press Conference,2025-03-06T13:42:00,2025-03-06T13:48:00,forexfactory,EZ
2025-03-07T13:30:00,USD,high,Unemployment Rate,2025-03-07T13:27:00,2025-03-07T13:33:00,forexfactory,US
2025-03-07T13:30:00,USD,high,Average Hourly Earnings m/m,2025-03-07T13:27:00,2025-03-07T13:33:00,forexfactory,US
2025-03-07T13:30:00,USD,high,Non-Farm Employment Change,2025-03-07T13:27:00,2025-03-07T13:33:00,forexfactory,US
2025-03-07T17:30:00,USD,high,Fed Chairman Powell Speaks,2025-03-07T17:27:00,2025-03-07T17:33:00,forexfactory,US
2025-03-11T14:00:00,USD,high,JOLTS Job Openings,2025-03-11T13:57:00,2025-03-11T14:03:00,forexfactory,US
2025-03-12T12:30:00,USD,high,CPI m/m,2025-03-12T12:27:00,2025-03-12T12:33:00,forexfactory,US
2025-03-12T12:30:00,USD,high,CPI y/y,2025-03-12T12:27:00,2025-03-12T12:33:00,forexfactory,US
2025-03-12T12:30:00,USD,high,Core CPI m/m,2025-03-12T12:27:00,2025-03-12T12:33:00,forexfactory,US
2025-03-13T12:30:00,USD,high,Core PPI m/m,2025-03-13T12:27:00,2025-03-13T12:33:00,forexfactory,US
2025-03-13T12:30:00,USD,high,PPI m/m,2025-03-13T12:27:00,2025-03-13T12:33:00,forexfactory,US
2025-03-13T12:30:00,USD,high,Unemployment Claims,2025-03-13T12:27:00,2025-03-13T12:33:00,forexfactory,US
2025-03-14T14:00:00,USD,high,Prelim UoM Consumer Sentiment,2025-03-14T13:57:00,2025-03-14T14:03:00,forexfactory,US
2025-03-14T14:00:00,USD,high,Prelim UoM Inflation Expectations,2025-03-14T13:57:00,2025-03-14T14:03:00,forexfactory,US
2025-03-17T12:30:00,USD,high,Retail Sales m/m,2025-03-17T12:27:00,2025-03-17T12:33:00,forexfactory,US
2025-03-17T12:30:00,USD,high,Core Retail Sales m/m,2025-03-17T12:27:00,2025-03-17T12:33:00,forexfactory,US
2025-03-19T18:00:00,USD,high,FOMC Statement,2025-03-19T17:57:00,2025-03-19T18:03:00,forexfactory,US
2025-03-19T18:00:00,USD,high,Federal Funds Rate,2025-03-19T17:57:00,2025-03-19T18:03:00,forexfactory,US
2025-03-19T18:00:00,USD,high,FOMC Economic Projections,2025-03-19T17:57:00,2025-03-19T18:03:00,forexfactory,US
2025-03-19T18:30:00,USD,high,FOMC Press Conference,2025-03-19T18:27:00,2025-03-19T18:33:00,forexfactory,US
2025-03-20T12:30:00,USD,high,Unemployment Claims,2025-03-20T12:27:00,2025-03-20T12:33:00,forexfactory,US
2025-03-24T08:15:00,EUR,high,French Flash Manufacturing PMI,2025-03-24T08:12:00,2025-03-24T08:18:00,forexfactory,FR
2025-03-24T08:15:00,EUR,high,French Flash Services PMI,2025-03-24T08:12:00,2025-03-24T08:18:00,forexfactory,FR
2025-03-24T08:30:00,EUR,high,German Flash Manufacturing PMI,2025-03-24T08:27:00,2025-03-24T08:33:00,forexfactory,GE
2025-03-24T08:30:00,EUR,high,German Flash Services PMI,2025-03-24T08:27:00,2025-03-24T08:33:00,forexfactory,GE
2025-03-24T13:45:00,USD,high,Flash Manufacturing PMI,2025-03-24T13:42:00,2025-03-24T13:48:00,forexfactory,US
2025-03-24T13:45:00,USD,high,Flash Services PMI,2025-03-24T13:42:00,2025-03-24T13:48:00,forexfactory,US
2025-03-26T20:00:00,USD,high,President Trump Speaks,2025-03-26T19:57:00,2025-03-26T20:03:00,forexfactory,US
2025-03-27T12:30:00,USD,high,Unemployment Claims,2025-03-27T12:27:00,2025-03-27T12:33:00,forexfactory,US
2025-03-27T12:30:00,USD,high,Final GDP q/q,2025-03-27T12:27:00,2025-03-27T12:33:00,forexfactory,US
2025-03-28T12:30:00,USD,high,Core PCE Price Index m/m,2025-03-28T12:27:00,2025-03-28T12:33:00,forexfactory,US
2025-04-01T14:00:00,USD,high,ISM Manufacturing PMI,2025-04-01T13:57:00,2025-04-01T14:03:00,forexfactory,US
2025-04-01T14:00:00,USD,high,JOLTS Job Openings,2025-04-01T13:57:00,2025-04-01T14:03:00,forexfactory,US
2025-04-02T12:15:00,USD,high,ADP Non-Farm Employment Change,2025-04-02T12:12:00,2025-04-02T12:18:00,forexfactory,US
2025-04-02T20:00:00,USD,high,President Trump Speaks,2025-04-02T19:57:00,2025-04-02T20:03:00,forexfactory,US
2025-04-03T12:30:00,USD,high,Unemployment Claims,2025-04-03T12:27:00,2025-04-03T12:33:00,forexfactory,US
2025-04-03T14:00:00,USD,high,ISM Services PMI,2025-04-03T13:57:00,2025-04-03T14:03:00,forexfactory,US
2025-04-04T12:30:00,USD,high,Non-Farm Employment Change,2025-04-04T12:27:00,2025-04-04T12:33:00,forexfactory,US
2025-04-04T12:30:00,USD,high,Unemployment Rate,2025-04-04T12:27:00,2025-04-04T12:33:00,forexfactory,US
2025-04-04T12:30:00,USD,high,Average Hourly Earnings m/m,2025-04-04T12:27:00,2025-04-04T12:33:00,forexfactory,US
2025-04-04T15:25:00,USD,high,Fed Chairman Powell Speaks,2025-04-04T15:22:00,2025-04-04T15:28:00,forexfactory,US
2025-04-09T18:00:00,USD,high,FOMC Meeting Minutes,2025-04-09T17:57:00,2025-04-09T18:03:00,forexfactory,US
2025-04-10T12:30:00,USD,high,CPI m/m,2025-04-10T12:27:00,2025-04-10T12:33:00,forexfactory,US
2025-04-10T12:30:00,USD,high,CPI y/y,2025-04-10T12:27:00,2025-04-10T12:33:00,forexfactory,US
2025-04-10T12:30:00,USD,high,Core CPI m/m,2025-04-10T12:27:00,2025-04-10T12:33:00,forexfactory,US
2025-04-10T12:30:00,USD,high,Unemployment Claims,2025-04-10T12:27:00,2025-04-10T12:33:00,forexfactory,US
2025-04-11T12:30:00,USD,high,PPI m/m,2025-04-11T12:27:00,2025-04-11T12:33:00,forexfactory,US
2025-04-11T12:30:00,USD,high,Core PPI m/m,2025-04-11T12:27:00,2025-04-11T12:33:00,forexfactory,US
2025-04-11T14:00:00,USD,high,Prelim UoM Inflation Expectations,2025-04-11T13:57:00,2025-04-11T14:03:00,forexfactory,US
2025-04-11T14:00:00,USD,high,Prelim UoM Consumer Sentiment,2025-04-11T13:57:00,2025-04-11T14:03:00,forexfactory,US
2025-04-16T12:30:00,USD,high,Core Retail Sales m/m,2025-04-16T12:27:00,2025-04-16T12:33:00,forexfactory,US
2025-04-16T12:30:00,USD,high,Retail Sales m/m,2025-04-16T12:27:00,2025-04-16T12:33:00,forexfactory,US
2025-04-16T17:30:00,USD,high,Fed Chairman Powell Speaks,2025-04-16T17:27:00,2025-04-16T17:33:00,forexfactory,US
2025-04-17T12:15:00,EUR,high,Main Refinancing Rate,2025-04-17T12:12:00,2025-04-17T12:18:00,forexfactory,EZ
2025-04-17T12:15:00,EUR,high,Monetary Policy Statement,2025-04-17T12:12:00,2025-04-17T12:18:00,forexfactory,EZ
2025-04-17T12:30:00,USD,high,Unemployment Claims,2025-04-17T12:27:00,2025-04-17T12:33:00,forexfactory,US
2025-04-17T12:45:00,EUR,high,ECB Press Conference,2025-04-17T12:42:00,2025-04-17T12:48:00,forexfactory,EZ
2025-04-23T07:15:00,EUR,high,French Flash Services PMI,2025-04-23T07:12:00,2025-04-23T07:18:00,forexfactory,FR
2025-04-23T07:15:00,EUR,high,French Flash Manufacturing PMI,2025-04-23T07:12:00,2025-04-23T07:18:00,forexfactory,FR
2025-04-23T07:30:00,EUR,high,German Flash Manufacturing PMI,2025-04-23T07:27:00,2025-04-23T07:33:00,forexfactory,GE
2025-04-23T07:30:00,EUR,high,German Flash Services PMI,2025-04-23T07:27:00,2025-04-23T07:33:00,forexfactory,GE
2025-04-23T13:45:00,USD,high,Flash Manufacturing PMI,2025-04-23T13:42:00,2025-04-23T13:48:00,forexfactory,US
2025-04-23T13:45:00,USD,high,Flash Services PMI,2025-04-23T13:42:00,2025-04-23T13:48:00,forexfactory,US
2025-04-24T12:30:00,USD,high,Unemployment Claims,2025-04-24T12:27:00,2025-04-24T12:33:00,forexfactory,US
2025-04-29T14:00:00,USD,high,JOLTS Job Openings,2025-04-29T13:57:00,2025-04-29T14:03:00,forexfactory,US
2025-04-30T12:15:00,USD,high,ADP Non-Farm Employment Change,2025-04-30T12:12:00,2025-04-30T12:18:00,forexfactory,US
2025-04-30T12:30:00,USD,high,Advance GDP q/q,2025-04-30T12:27:00,2025-04-30T12:33:00,forexfactory,US
2025-04-30T12:30:00,USD,high,Employment Cost Index q/q,2025-04-30T12:27:00,2025-04-30T12:33:00,forexfactory,US
2025-04-30T14:00:00,USD,high,Core PCE Price Index m/m,2025-04-30T13:57:00,2025-04-30T14:03:00,forexfactory,US
2025-05-01T12:30:00,USD,high,Unemployment Claims,2025-05-01T12:27:00,2025-05-01T12:33:00,forexfactory,US
2025-05-01T14:00:00,USD,high,ISM Manufacturing PMI,2025-05-01T13:57:00,2025-05-01T14:03:00,forexfactory,US
2025-05-02T12:30:00,USD,high,Average Hourly Earnings m/m,2025-05-02T12:27:00,2025-05-02T12:33:00,forexfactory,US
2025-05-02T12:30:00,USD,high,Non-Farm Employment Change,2025-05-02T12:27:00,2025-05-02T12:33:00,forexfactory,US
2025-05-02T12:30:00,USD,high,Unemployment Rate,2025-05-02T12:27:00,2025-05-02T12:33:00,forexfactory,US
2025-05-05T14:00:00,USD,high,ISM Services PMI,2025-05-05T13:57:00,2025-05-05T14:03:00,forexfactory,US
2025-05-07T18:00:00,USD,high,Federal Funds Rate,2025-05-07T17:57:00,2025-05-07T18:03:00,forexfactory,US
2025-05-07T18:00:00,USD,high,FOMC Statement,2025-05-07T17:57:00,2025-05-07T18:03:00,forexfactory,US
2025-05-07T18:30:00,USD,high,FOMC Press Conference,2025-05-07T18:27:00,2025-05-07T18:33:00,forexfactory,US
2025-05-08T12:30:00,USD,high,Unemployment Claims,2025-05-08T12:27:00,2025-05-08T12:33:00,forexfactory,US
2025-05-08T14:00:00,USD,high,President Trump Speaks,2025-05-08T13:57:00,2025-05-08T14:03:00,forexfactory,US
2025-05-13T12:30:00,USD,high,CPI m/m,2025-05-13T12:27:00,2025-05-13T12:33:00,forexfactory,US
2025-05-13T12:30:00,USD,high,CPI y/y,2025-05-13T12:27:00,2025-05-13T12:33:00,forexfactory,US
2025-05-13T12:30:00,USD,high,Core CPI m/m,2025-05-13T12:27:00,2025-05-13T12:33:00,forexfactory,US
2025-05-15T12:30:00,USD,high,Core Retail Sales m/m,2025-05-15T12:27:00,2025-05-15T12:33:00,forexfactory,US
2025-05-15T12:30:00,USD,high,Core PPI m/m,2025-05-15T12:27:00,2025-05-15T12:33:00,forexfactory,US
2025-05-15T12:30:00,USD,high,PPI m/m,2025-05-15T12:27:00,2025-05-15T12:33:00,forexfactory,US
2025-05-15T12:30:00,USD,high,Retail Sales m/m,2025-05-15T12:27:00,2025-05-15T12:33:00,forexfactory,US
2025-05-15T12:30:00,USD,high,Unemployment Claims,2025-05-15T12:27:00,2025-05-15T12:33:00,forexfactory,US
2025-05-15T12:40:00,USD,high,Fed Chairman Powell Speaks,2025-05-15T12:37:00,2025-05-15T12:43:00,forexfactory,US
2025-05-16T14:00:00,USD,high,Prelim UoM Consumer Sentiment,2025-05-16T13:57:00,2025-05-16T14:03:00,forexfactory,US
2025-05-16T14:00:00,USD,high,Prelim UoM Inflation Expectations,2025-05-16T13:57:00,2025-05-16T14:03:00,forexfactory,US
2025-05-22T07:15:00,EUR,high,French Flash Services PMI,2025-05-22T07:12:00,2025-05-22T07:18:00,forexfactory,FR
2025-05-22T07:15:00,EUR,high,French Flash Manufacturing PMI,2025-05-22T07:12:00,2025-05-22T07:18:00,forexfactory,FR
2025-05-22T07:30:00,EUR,high,German Flash Services PMI,2025-05-22T07:27:00,2025-05-22T07:33:00,forexfactory,GE
2025-05-22T07:30:00,EUR,high,German Flash Manufacturing PMI,2025-05-22T07:27:00,2025-05-22T07:33:00,forexfactory,GE
2025-05-22T12:30:00,USD,high,Unemployment Claims,2025-05-22T12:27:00,2025-05-22T12:33:00,forexfactory,US
2025-05-22T13:45:00,USD,high,Flash Manufacturing PMI,2025-05-22T13:42:00,2025-05-22T13:48:00,forexfactory,US
2025-05-22T13:45:00,USD,high,Flash Services PMI,2025-05-22T13:42:00,2025-05-22T13:48:00,forexfactory,US
2025-05-28T18:00:00,USD,high,FOMC Meeting Minutes,2025-05-28T17:57:00,2025-05-28T18:03:00,forexfactory,US
2025-05-29T12:30:00,USD,high,Prelim GDP q/q,2025-05-29T12:27:00,2025-05-29T12:33:00,forexfactory,US
2025-05-29T12:30:00,USD,high,Unemployment Claims,2025-05-29T12:27:00,2025-05-29T12:33:00,forexfactory,US
2025-05-30T12:30:00,USD,high,Core PCE Price Index m/m,2025-05-30T12:27:00,2025-05-30T12:33:00,forexfactory,US
2025-06-02T14:00:00,USD,high,ISM Manufacturing PMI,2025-06-02T13:57:00,2025-06-02T14:03:00,forexfactory,US
2025-06-02T17:00:00,USD,high,Fed Chairman Powell Speaks,2025-06-02T16:57:00,2025-06-02T17:03:00,forexfactory,US
2025-06-03T14:00:00,USD,high,JOLTS Job Openings,2025-06-03T13:57:00,2025-06-03T14:03:00,forexfactory,US
2025-06-04T12:15:00,USD,high,ADP Non-Farm Employment Change,2025-06-04T12:12:00,2025-06-04T12:18:00,forexfactory,US
2025-06-04T14:00:00,USD,high,ISM Services PMI,2025-06-04T13:57:00,2025-06-04T14:03:00,forexfactory,US
2025-06-05T12:15:00,EUR,high,Main Refinancing Rate,2025-06-05T12:12:00,2025-06-05T12:18:00,forexfactory,EZ
2025-06-05T12:15:00,EUR,high,Monetary Policy Statement,2025-06-05T12:12:00,2025-06-05T12:18:00,forexfactory,EZ
2025-06-05T12:30:00,USD,high,Unemployment Claims,2025-06-05T12:27:00,2025-06-05T12:33:00,forexfactory,US
2025-06-05T12:45:00,EUR,high,ECB Press Conference,2025-06-05T12:42:00,2025-06-05T12:48:00,forexfactory,EZ
2025-06-06T12:30:00,USD,high,Unemployment Rate,2025-06-06T12:27:00,2025-06-06T12:33:00,forexfactory,US
2025-06-06T12:30:00,USD,high,Non-Farm Employment Change,2025-06-06T12:27:00,2025-06-06T12:33:00,forexfactory,US
2025-06-06T12:30:00,USD,high,Average Hourly Earnings m/m,2025-06-06T12:27:00,2025-06-06T12:33:00,forexfactory,US
2025-06-11T12:30:00,USD,high,CPI m/m,2025-06-11T12:27:00,2025-06-11T12:33:00,forexfactory,US
2025-06-11T12:30:00,USD,high,CPI y/y,2025-06-11T12:27:00,2025-06-11T12:33:00,forexfactory,US
2025-06-11T12:30:00,USD,high,Core CPI m/m,2025-06-11T12:27:00,2025-06-11T12:33:00,forexfactory,US
2025-06-12T12:30:00,USD,high,Core PPI m/m,2025-06-12T12:27:00,2025-06-12T12:33:00,forexfactory,US
2025-06-12T12:30:00,USD,high,PPI m/m,2025-06-12T12:27:00,2025-06-12T12:33:00,forexfactory,US
2025-06-12T12:30:00,USD,high,Unemployment Claims,2025-06-12T12:27:00,2025-06-12T12:33:00,forexfactory,US
2025-06-13T14:00:00,USD,high,Prelim UoM Inflation Expectations,2025-06-13T13:57:00,2025-06-13T14:03:00,forexfactory,US
2025-06-13T14:00:00,USD,high,Prelim UoM Consumer Sentiment,2025-06-13T13:57:00,2025-06-13T14:03:00,forexfactory,US
2025-06-17T12:30:00,USD,high,Core Retail Sales m/m,2025-06-17T12:27:00,2025-06-17T12:33:00,forexfactory,US
2025-06-17T12:30:00,USD,high,Retail Sales m/m,2025-06-17T12:27:00,2025-06-17T12:33:00,forexfactory,US
2025-06-18T12:30:00,USD,high,Unemployment Claims,2025-06-18T12:27:00,2025-06-18T12:33:00,forexfactory,US
2025-06-18T18:00:00,USD,high,FOMC Economic Projections,2025-06-18T17:57:00,2025-06-18T18:03:00,forexfactory,US
2025-06-18T18:00:00,USD,high,FOMC Statement,2025-06-18T17:57:00,2025-06-18T18:03:00,forexfactory,US
2025-06-18T18:00:00,USD,high,Federal Funds Rate,2025-06-18T17:57:00,2025-06-18T18:03:00,forexfactory,US
2025-06-18T18:30:00,USD,high,FOMC Press Conference,2025-06-18T18:27:00,2025-06-18T18:33:00,forexfactory,US
2025-06-22T02:00:00,USD,high,President Trump Speaks,2025-06-22T01:57:00,2025-06-22T02:03:00,forexfactory,US
2025-06-23T07:15:00,EUR,high,French Flash Services PMI,2025-06-23T07:12:00,2025-06-23T07:18:00,forexfactory,FR
2025-06-23T07:15:00,EUR,high,French Flash Manufacturing PMI,2025-06-23T07:12:00,2025-06-23T07:18:00,forexfactory,FR
2025-06-23T07:30:00,EUR,high,German Flash Manufacturing PMI,2025-06-23T07:27:00,2025-06-23T07:33:00,forexfactory,GE
2025-06-23T07:30:00,EUR,high,German Flash Services PMI,2025-06-23T07:27:00,2025-06-23T07:33:00,forexfactory,GE
2025-06-23T13:45:00,USD,high,Flash Manufacturing PMI,2025-06-23T13:42:00,2025-06-23T13:48:00,forexfactory,US
2025-06-23T13:45:00,USD,high,Flash Services PMI,2025-06-23T13:42:00,2025-06-23T13:48:00,forexfactory,US
2025-06-24T14:00:00,USD,high,Fed Chairman Powell Testifies,2025-06-24T13:57:00,2025-06-24T14:03:00,forexfactory,US
2025-06-25T14:00:00,USD,high,Fed Chairman Powell Testifies,2025-06-25T13:57:00,2025-06-25T14:03:00,forexfactory,US
2025-06-26T12:30:00,USD,high,Final GDP q/q,2025-06-26T12:27:00,2025-06-26T12:33:00,forexfactory,US
2025-06-26T12:30:00,USD,high,Unemployment Claims,2025-06-26T12:27:00,2025-06-26T12:33:00,forexfactory,US
2025-06-27T12:30:00,USD,high,Core PCE Price Index m/m,2025-06-27T12:27:00,2025-06-27T12:33:00,forexfactory,US
2025-07-01T13:30:00,USD,high,Fed Chairman Powell Speaks,2025-07-01T13:27:00,2025-07-01T13:33:00,forexfactory,US
2025-07-01T14:00:00,USD,high,ISM Manufacturing PMI,2025-07-01T13:57:00,2025-07-01T14:03:00,forexfactory,US
2025-07-01T14:00:00,USD,high,JOLTS Job Openings,2025-07-01T13:57:00,2025-07-01T14:03:00,forexfactory,US
2025-07-02T12:15:00,USD,high,ADP Non-Farm Employment Change,2025-07-02T12:12:00,2025-07-02T12:18:00,forexfactory,US
2025-07-03T12:30:00,USD,high,Average Hourly Earnings m/m,2025-07-03T12:27:00,2025-07-03T12:33:00,forexfactory,US
2025-07-03T12:30:00,USD,high,Non-Farm Employment Change,2025-07-03T12:27:00,2025-07-03T12:33:00,forexfactory,US
2025-07-03T12:30:00,USD,high,Unemployment Rate,2025-07-03T12:27:00,2025-07-03T12:33:00,forexfactory,US
2025-07-03T14:00:00,USD,high,ISM Services PMI,2025-07-03T13:57:00,2025-07-03T14:03:00,forexfactory,US
2025-07-09T18:00:00,USD,high,FOMC Meeting Minutes,2025-07-09T17:57:00,2025-07-09T18:03:00,forexfactory,US
2025-07-10T12:30:00,USD,high,Unemployment Claims,2025-07-10T12:27:00,2025-07-10T12:33:00,forexfactory,US
2025-07-15T12:30:00,USD,high,CPI m/m,2025-07-15T12:27:00,2025-07-15T12:33:00,forexfactory,US
2025-07-15T12:30:00,USD,high,CPI y/y,2025-07-15T12:27:00,2025-07-15T12:33:00,forexfactory,US
2025-07-15T12:30:00,USD,high,Core CPI m/m,2025-07-15T12:27:00,2025-07-15T12:33:00,forexfactory,US
2025-07-16T12:30:00,USD,high,Core PPI m/m,2025-07-16T12:27:00,2025-07-16T12:33:00,forexfactory,US
2025-07-16T12:30:00,USD,high,PPI m/m,2025-07-16T12:27:00,2025-07-16T12:33:00,forexfactory,US
2025-07-17T12:30:00,USD,high,Retail Sales m/m,2025-07-17T12:27:00,2025-07-17T12:33:00,forexfactory,US
2025-07-17T12:30:00,USD,high,Unemployment Claims,2025-07-17T12:27:00,2025-07-17T12:33:00,forexfactory,US
2025-07-17T12:30:00,USD,high,Core Retail Sales m/m,2025-07-17T12:27:00,2025-07-17T12:33:00,forexfactory,US
2025-07-24T07:15:00,EUR,high,French Flash Manufacturing PMI,2025-07-24T07:12:00,2025-07-24T07:18:00,forexfactory,FR
2025-07-24T07:15:00,EUR,high,French Flash Services PMI,2025-07-24T07:12:00,2025-07-24T07:18:00,forexfactory,FR
2025-07-24T07:30:00,EUR,high,German Flash Manufacturing PMI,2025-07-24T07:27:00,2025-07-24T07:33:00,forexfactory,GE
2025-07-24T07:30:00,EUR,high,German Flash Services PMI,2025-07-24T07:27:00,2025-07-24T07:33:00,forexfactory,GE
2025-07-24T12:15:00,EUR,high,Main Refinancing Rate,2025-07-24T12:12:00,2025-07-24T12:18:00,forexfactory,EZ
2025-07-24T12:15:00,EUR,high,Monetary Policy Statement,2025-07-24T12:12:00,2025-07-24T12:18:00,forexfactory,EZ
2025-07-24T12:30:00,USD,high,Unemployment Claims,2025-07-24T12:27:00,2025-07-24T12:33:00,forexfactory,US
2025-07-24T12:45:00,EUR,high,ECB Press Conference,2025-07-24T12:42:00,2025-07-24T12:48:00,forexfactory,EZ
2025-07-24T13:45:00,USD,high,Flash Services PMI,2025-07-24T13:42:00,2025-07-24T13:48:00,forexfactory,US
2025-07-24T13:45:00,USD,high,Flash Manufacturing PMI,2025-07-24T13:42:00,2025-07-24T13:48:00,forexfactory,US
2025-07-29T14:00:00,USD,high,JOLTS Job Openings,2025-07-29T13:57:00,2025-07-29T14:03:00,forexfactory,US
2025-07-30T08:00:00,EUR,high,German Prelim GDP q/q,2025-07-30T07:57:00,2025-07-30T08:03:00,forexfactory,GE
2025-07-30T12:15:00,USD,high,ADP Non-Farm Employment Change,2025-07-30T12:12:00,2025-07-30T12:18:00,forexfactory,US
2025-07-30T12:30:00,USD,high,Advance GDP q/q,2025-07-30T12:27:00,2025-07-30T12:33:00,forexfactory,US
2025-07-30T18:00:00,USD,high,FOMC Statement,2025-07-30T17:57:00,2025-07-30T18:03:00,forexfactory,US
2025-07-30T18:00:00,USD,high,Federal Funds Rate,2025-07-30T17:57:00,2025-07-30T18:03:00,forexfactory,US
2025-07-30T18:30:00,USD,high,FOMC Press Conference,2025-07-30T18:27:00,2025-07-30T18:33:00,forexfactory,US
2025-07-31T12:30:00,USD,high,Unemployment Claims,2025-07-31T12:27:00,2025-07-31T12:33:00,forexfactory,US
2025-07-31T12:30:00,USD,high,Core PCE Price Index m/m,2025-07-31T12:27:00,2025-07-31T12:33:00,forexfactory,US
2025-07-31T12:30:00,USD,high,Employment Cost Index q/q,2025-07-31T12:27:00,2025-07-31T12:33:00,forexfactory,US
2025-08-01T12:30:00,USD,high,Average Hourly Earnings m/m,2025-08-01T12:27:00,2025-08-01T12:33:00,forexfactory,US
2025-08-01T12:30:00,USD,high,Non-Farm Employment Change,2025-08-01T12:27:00,2025-08-01T12:33:00,forexfactory,US
2025-08-01T12:30:00,USD,high,Unemployment Rate,2025-08-01T12:27:00,2025-08-01T12:33:00,forexfactory,US
2025-08-01T14:00:00,USD,high,ISM Manufacturing PMI,2025-08-01T13:57:00,2025-08-01T14:03:00,forexfactory,US
2025-08-05T14:00:00,USD,high,ISM Services PMI,2025-08-05T13:57:00,2025-08-05T14:03:00,forexfactory,US
2025-08-07T12:30:00,USD,high,Unemployment Claims,2025-08-07T12:27:00,2025-08-07T12:33:00,forexfactory,US
2025-08-12T12:30:00,USD,high,Core CPI m/m,2025-08-12T12:27:00,2025-08-12T12:33:00,forexfactory,US
2025-08-12T12:30:00,USD,high,CPI m/m,2025-08-12T12:27:00,2025-08-12T12:33:00,forexfactory,US
2025-08-12T12:30:00,USD,high,CPI y/y,2025-08-12T12:27:00,2025-08-12T12:33:00,forexfactory,US
2025-08-14T12:30:00,USD,high,Core PPI m/m,2025-08-14T12:27:00,2025-08-14T12:33:00,forexfactory,US
2025-08-14T12:30:00,USD,high,PPI m/m,2025-08-14T12:27:00,2025-08-14T12:33:00,forexfactory,US
2025-08-14T12:30:00,USD,high,Unemployment Claims,2025-08-14T12:27:00,2025-08-14T12:33:00,forexfactory,US
2025-08-15T12:30:00,USD,high,Core Retail Sales m/m,2025-08-15T12:27:00,2025-08-15T12:33:00,forexfactory,US
2025-08-15T12:30:00,USD,high,Retail Sales m/m,2025-08-15T12:27:00,2025-08-15T12:33:00,forexfactory,US
2025-08-15T14:00:00,USD,high,Prelim UoM Consumer Sentiment,2025-08-15T13:57:00,2025-08-15T14:03:00,forexfactory,US
2025-08-15T14:00:00,USD,high,Prelim UoM Inflation Expectations,2025-08-15T13:57:00,2025-08-15T14:03:00,forexfactory,US
2025-08-15T22:55:00,USD,high,President Trump Speaks,2025-08-15T22:52:00,2025-08-15T22:58:00,forexfactory,US
2025-08-20T18:00:00,USD,high,FOMC Meeting Minutes,2025-08-20T17:57:00,2025-08-20T18:03:00,forexfactory,US
2025-08-21T07:30:00,EUR,high,German Flash Manufacturing PMI,2025-08-21T07:27:00,2025-08-21T07:33:00,forexfactory,GE
2025-08-21T07:30:00,EUR,high,German Flash Services PMI,2025-08-21T07:27:00,2025-08-21T07:33:00,forexfactory,GE
2025-08-21T12:30:00,USD,high,Unemployment Claims,2025-08-21T12:27:00,2025-08-21T12:33:00,forexfactory,US
2025-08-21T13:45:00,USD,high,Flash Services PMI,2025-08-21T13:42:00,2025-08-21T13:48:00,forexfactory,US
2025-08-21T13:45:00,USD,high,Flash Manufacturing PMI,2025-08-21T13:42:00,2025-08-21T13:48:00,forexfactory,US
2025-08-22T14:00:00,USD,high,Fed Chairman Powell Speaks,2025-08-22T13:57:00,2025-08-22T14:03:00,forexfactory,US
2025-08-22T17:05:00,USD,high,President Trump Speaks,2025-08-22T17:02:00,2025-08-22T17:08:00,forexfactory,US
2025-08-23T16:25:00,EUR,high,ECB President Lagarde Speaks,2025-08-23T16:22:00,2025-08-23T16:28:00,forexfactory,EZ
2025-08-28T12:30:00,USD,high,Prelim GDP q/q,2025-08-28T12:27:00,2025-08-28T12:33:00,forexfactory,US
2025-08-28T12:30:00,USD,high,Unemployment Claims,2025-08-28T12:27:00,2025-08-28T12:33:00,forexfactory,US
2025-08-29T12:30:00,USD,high,Core PCE Price Index m/m,2025-08-29T12:27:00,2025-08-29T12:33:00,forexfactory,US
2025-09-02T14:00:00,USD,high,ISM Manufacturing PMI,2025-09-02T13:57:00,2025-09-02T14:03:00,forexfactory,US
2025-09-03T14:00:00,USD,high,JOLTS Job Openings,2025-09-03T13:57:00,2025-09-03T14:03:00,forexfactory,US
2025-09-04T12:15:00,USD,high,ADP Non-Farm Employment Change,2025-09-04T12:12:00,2025-09-04T12:18:00,forexfactory,US
2025-09-04T12:30:00,USD,high,Unemployment Claims,2025-09-04T12:27:00,2025-09-04T12:33:00,forexfactory,US
2025-09-04T14:00:00,USD,high,Fed Gov Nomination Hearings,2025-09-04T13:57:00,2025-09-04T14:03:00,forexfactory,US
2025-09-04T14:00:00,USD,high,ISM Services PMI,2025-09-04T13:57:00,2025-09-04T14:03:00,forexfactory,US
2025-09-05T12:30:00,USD,high,Average Hourly Earnings m/m,2025-09-05T12:27:00,2025-09-05T12:33:00,forexfactory,US
2025-09-05T12:30:00,USD,high,Non-Farm Employment Change,2025-09-05T12:27:00,2025-09-05T12:33:00,forexfactory,US
2025-09-05T12:30:00,USD,high,Unemployment Rate,2025-09-05T12:27:00,2025-09-05T12:33:00,forexfactory,US
2025-09-09T14:00:00,USD,high,Prelim Benchmark Payrolls Revision,2025-09-09T13:57:00,2025-09-09T14:03:00,forexfactory,US
2025-09-10T12:30:00,USD,high,Core PPI m/m,2025-09-10T12:27:00,2025-09-10T12:33:00,forexfactory,US
2025-09-10T12:30:00,USD,high,PPI m/m,2025-09-10T12:27:00,2025-09-10T12:33:00,forexfactory,US
2025-09-11T12:15:00,EUR,high,Monetary Policy Statement,2025-09-11T12:12:00,2025-09-11T12:18:00,forexfactory,EZ
2025-09-11T12:15:00,EUR,high,Main Refinancing Rate,2025-09-11T12:12:00,2025-09-11T12:18:00,forexfactory,EZ
2025-09-11T12:30:00,USD,high,CPI m/m,2025-09-11T12:27:00,2025-09-11T12:33:00,forexfactory,US
2025-09-11T12:30:00,USD,high,CPI y/y,2025-09-11T12:27:00,2025-09-11T12:33:00,forexfactory,US
2025-09-11T12:30:00,USD,high,Core CPI m/m,2025-09-11T12:27:00,2025-09-11T12:33:00,forexfactory,US
2025-09-11T12:30:00,USD,high,Unemployment Claims,2025-09-11T12:27:00,2025-09-11T12:33:00,forexfactory,US
2025-09-11T12:45:00,EUR,high,ECB Press Conference,2025-09-11T12:42:00,2025-09-11T12:48:00,forexfactory,EZ
2025-09-12T14:00:00,USD,high,Prelim UoM Consumer Sentiment,2025-09-12T13:57:00,2025-09-12T14:03:00,forexfactory,US
2025-09-12T14:00:00,USD,high,Prelim UoM Inflation Expectations,2025-09-12T13:57:00,2025-09-12T14:03:00,forexfactory,US
2025-09-16T12:30:00,USD,high,Retail Sales m/m,2025-09-16T12:27:00,2025-09-16T12:33:00,forexfactory,US
2025-09-16T12:30:00,USD,high,Core Retail Sales m/m,2025-09-16T12:27:00,2025-09-16T12:33:00,forexfactory,US
2025-09-17T18:00:00,USD,high,FOMC Economic Projections,2025-09-17T17:57:00,2025-09-17T18:03:00,forexfactory,US
2025-09-17T18:00:00,USD,high,FOMC Statement,2025-09-17T17:57:00,2025-09-17T18:03:00,forexfactory,US
2025-09-17T18:00:00,USD,high,Federal Funds Rate,2025-09-17T17:57:00,2025-09-17T18:03:00,forexfactory,US
2025-09-17T18:30:00,USD,high,FOMC Press Conference,2025-09-17T18:27:00,2025-09-17T18:33:00,forexfactory,US
2025-09-18T12:30:00,USD,high,Unemployment Claims,2025-09-18T12:27:00,2025-09-18T12:33:00,forexfactory,US
2025-09-23T07:30:00,EUR,high,German Flash Manufacturing PMI,2025-09-23T07:27:00,2025-09-23T07:33:00,forexfactory,GE
2025-09-23T07:30:00,EUR,high,German Flash Services PMI,2025-09-23T07:27:00,2025-09-23T07:33:00,forexfactory,GE
2025-09-23T13:45:00,USD,high,Flash Manufacturing PMI,2025-09-23T13:42:00,2025-09-23T13:48:00,forexfactory,US
2025-09-23T13:45:00,USD,high,Flash Services PMI,2025-09-23T13:42:00,2025-09-23T13:48:00,forexfactory,US
2025-09-23T16:35:00,USD,high,Fed Chairman Powell Speaks,2025-09-23T16:32:00,2025-09-23T16:38:00,forexfactory,US
2025-09-25T12:30:00,USD,high,Final GDP q/q,2025-09-25T12:27:00,2025-09-25T12:33:00,forexfactory,US
2025-09-25T12:30:00,USD,high,Unemployment Claims,2025-09-25T12:27:00,2025-09-25T12:33:00,forexfactory,US
2025-09-26T12:30:00,USD,high,Core PCE Price Index m/m,2025-09-26T12:27:00,2025-09-26T12:33:00,forexfactory,US
2025-09-30T14:00:00,USD,high,JOLTS Job Openings,2025-09-30T13:57:00,2025-09-30T14:03:00,forexfactory,US
2025-10-01T12:15:00,USD,high,ADP Non-Farm Employment Change,2025-10-01T12:12:00,2025-10-01T12:18:00,forexfactory,US
2025-10-01T14:00:00,USD,high,ISM Manufacturing PMI,2025-10-01T13:57:00,2025-10-01T14:03:00,forexfactory,US
2025-10-03T14:00:00,USD,high,ISM Services PMI,2025-10-03T13:57:00,2025-10-03T14:03:00,forexfactory,US
2025-10-06T17:00:00,EUR,high,ECB President Lagarde Speaks,2025-10-06T16:57:00,2025-10-06T17:03:00,forexfactory,EZ
2025-10-08T18:00:00,USD,high,FOMC Meeting Minutes,2025-10-08T17:57:00,2025-10-08T18:03:00,forexfactory,US
2025-10-10T14:00:00,USD,high,Prelim UoM Consumer Sentiment,2025-10-10T13:57:00,2025-10-10T14:03:00,forexfactory,US
2025-10-10T14:00:00,USD,high,Prelim UoM Inflation Expectations,2025-10-10T13:57:00,2025-10-10T14:03:00,forexfactory,US
2025-10-14T16:20:00,USD,high,Fed Chairman Powell Speaks,2025-10-14T16:17:00,2025-10-14T16:23:00,forexfactory,US
2025-10-24T07:30:00,EUR,high,German Flash Manufacturing PMI,2025-10-24T07:27:00,2025-10-24T07:33:00,forexfactory,GE
2025-10-24T07:30:00,EUR,high,German Flash Services PMI,2025-10-24T07:27:00,2025-10-24T07:33:00,forexfactory,GE
2025-10-24T12:30:00,USD,high,CPI m/m,2025-10-24T12:27:00,2025-10-24T12:33:00,forexfactory,US
2025-10-24T12:30:00,USD,high,CPI y/y,2025-10-24T12:27:00,2025-10-24T12:33:00,forexfactory,US
2025-10-24T12:30:00,USD,high,Core CPI m/m,2025-10-24T12:27:00,2025-10-24T12:33:00,forexfactory,US
2025-10-24T13:45:00,USD,high,Flash Services PMI,2025-10-24T13:42:00,2025-10-24T13:48:00,forexfactory,US
2025-10-24T13:45:00,USD,high,Flash Manufacturing PMI,2025-10-24T13:42:00,2025-10-24T13:48:00,forexfactory,US
2025-10-29T18:00:00,USD,high,FOMC Statement,2025-10-29T17:57:00,2025-10-29T18:03:00,forexfactory,US
2025-10-29T18:00:00,USD,high,Federal Funds Rate,2025-10-29T17:57:00,2025-10-29T18:03:00,forexfactory,US
2025-10-29T18:30:00,USD,high,FOMC Press Conference,2025-10-29T18:27:00,2025-10-29T18:33:00,forexfactory,US
2025-10-30T13:15:00,EUR,high,Main Refinancing Rate,2025-10-30T13:12:00,2025-10-30T13:18:00,forexfactory,EZ
2025-10-30T13:15:00,EUR,high,Monetary Policy Statement,2025-10-30T13:12:00,2025-10-30T13:18:00,forexfactory,EZ
2025-10-30T13:45:00,EUR,high,ECB Press Conference,2025-10-30T13:42:00,2025-10-30T13:48:00,forexfactory,EZ
2025-11-03T15:00:00,USD,high,ISM Manufacturing PMI,2025-11-03T14:57:00,2025-11-03T15:03:00,forexfactory,US
2025-11-05T13:15:00,USD,high,ADP Non-Farm Employment Change,2025-11-05T13:12:00,2025-11-05T13:18:00,forexfactory,US
2025-11-05T15:00:00,USD,high,ISM Services PMI,2025-11-05T14:57:00,2025-11-05T15:03:00,forexfactory,US
2025-11-18T08:10:00,USD,high,Unemployment Claims,2025-11-18T08:07:00,2025-11-18T08:13:00,forexfactory,US
2025-11-19T19:00:00,USD,high,FOMC Meeting Minutes,2025-11-19T18:57:00,2025-11-19T19:03:00,forexfactory,US
2025-11-20T13:30:00,USD,high,Average Hourly Earnings m/m,2025-11-20T13:27:00,2025-11-20T13:33:00,forexfactory,US
2025-11-20T13:30:00,USD,high,Non-Farm Employment Change,2025-11-20T13:27:00,2025-11-20T13:33:00,forexfactory,US
2025-11-20T13:30:00,USD,high,Unemployment Claims,2025-11-20T13:27:00,2025-11-20T13:33:00,forexfactory,US
2025-11-20T13:30:00,USD,high,Unemployment Rate,2025-11-20T13:27:00,2025-11-20T13:33:00,forexfactory,US
2025-11-21T08:30:00,EUR,high,German Flash Services PMI,2025-11-21T08:27:00,2025-11-21T08:33:00,forexfactory,GE
2025-11-21T08:30:00,EUR,high,German Flash Manufacturing PMI,2025-11-21T08:27:00,2025-11-21T08:33:00,forexfactory,GE
2025-11-21T14:45:00,USD,high,Flash Services PMI,2025-11-21T14:42:00,2025-11-21T14:48:00,forexfactory,US
2025-11-21T14:45:00,USD,high,Flash Manufacturing PMI,2025-11-21T14:42:00,2025-11-21T14:48:00,forexfactory,US
2025-11-25T13:30:00,USD,high,Core PPI m/m,2025-11-25T13:27:00,2025-11-25T13:33:00,forexfactory,US
2025-11-25T13:30:00,USD,high,Core Retail Sales m/m,2025-11-25T13:27:00,2025-11-25T13:33:00,forexfactory,US
2025-11-25T13:30:00,USD,high,PPI m/m,2025-11-25T13:27:00,2025-11-25T13:33:00,forexfactory,US
2025-11-25T13:30:00,USD,high,Retail Sales m/m,2025-11-25T13:27:00,2025-11-25T13:33:00,forexfactory,US
2025-11-26T13:30:00,USD,high,Unemployment Claims,2025-11-26T13:27:00,2025-11-26T13:33:00,forexfactory,US
2025-12-01T15:00:00,USD,high,ISM Manufacturing PMI,2025-12-01T14:57:00,2025-12-01T15:03:00,forexfactory,US
2025-12-03T13:15:00,USD,high,ADP Non-Farm Employment Change,2025-12-03T13:12:00,2025-12-03T13:18:00,forexfactory,US
2025-12-03T15:00:00,USD,high,ISM Services PMI,2025-12-03T14:57:00,2025-12-03T15:03:00,forexfactory,US
2025-12-04T13:30:00,USD,high,Unemployment Claims,2025-12-04T13:27:00,2025-12-04T13:33:00,forexfactory,US
2025-12-05T15:00:00,USD,high,Core PCE Price Index m/m,2025-12-05T14:57:00,2025-12-05T15:03:00,forexfactory,US
2025-12-05T15:00:00,USD,high,Prelim UoM Consumer Sentiment,2025-12-05T14:57:00,2025-12-05T15:03:00,forexfactory,US
2025-12-05T15:00:00,USD,high,Prelim UoM Inflation Expectations,2025-12-05T14:57:00,2025-12-05T15:03:00,forexfactory,US
2025-12-09T13:15:00,USD,high,ADP Weekly Employment Change,2025-12-09T13:12:00,2025-12-09T13:18:00,forexfactory,US
2025-12-09T15:00:00,USD,high,JOLTS Job Openings,2025-12-09T14:57:00,2025-12-09T15:03:00,forexfactory,US
2025-12-10T13:30:00,USD,high,Employment Cost Index q/q,2025-12-10T13:27:00,2025-12-10T13:33:00,forexfactory,US
2025-12-10T19:00:00,USD,high,FOMC Statement,2025-12-10T18:57:00,2025-12-10T19:03:00,forexfactory,US
2025-12-10T19:00:00,USD,high,Federal Funds Rate,2025-12-10T18:57:00,2025-12-10T19:03:00,forexfactory,US
2025-12-10T19:00:00,USD,high,FOMC Economic Projections,2025-12-10T18:57:00,2025-12-10T19:03:00,forexfactory,US
2025-12-10T19:30:00,USD,high,FOMC Press Conference,2025-12-10T19:27:00,2025-12-10T19:33:00,forexfactory,US
2025-12-11T13:30:00,USD,high,Unemployment Claims,2025-12-11T13:27:00,2025-12-11T13:33:00,forexfactory,US
2025-12-16T08:30:00,EUR,high,German Flash Manufacturing PMI,2025-12-16T08:27:00,2025-12-16T08:33:00,forexfactory,GE
2025-12-16T08:30:00,EUR,high,German Flash Services PMI,2025-12-16T08:27:00,2025-12-16T08:33:00,forexfactory,GE
2025-12-16T13:15:00,USD,high,ADP Weekly Employment Change,2025-12-16T13:12:00,2025-12-16T13:18:00,forexfactory,US
2025-12-16T13:30:00,USD,high,Non-Farm Employment Change,2025-12-16T13:27:00,2025-12-16T13:33:00,forexfactory,US
2025-12-16T13:30:00,USD,high,Average Hourly Earnings m/m,2025-12-16T13:27:00,2025-12-16T13:33:00,forexfactory,US
2025-12-16T13:30:00,USD,high,Core Retail Sales m/m,2025-12-16T13:27:00,2025-12-16T13:33:00,forexfactory,US
2025-12-16T13:30:00,USD,high,Retail Sales m/m,2025-12-16T13:27:00,2025-12-16T13:33:00,forexfactory,US
2025-12-16T13:30:00,USD,high,Unemployment Rate,2025-12-16T13:27:00,2025-12-16T13:33:00,forexfactory,US
2025-12-16T14:45:00,USD,high,Flash Manufacturing PMI,2025-12-16T14:42:00,2025-12-16T14:48:00,forexfactory,US
2025-12-16T14:45:00,USD,high,Flash Services PMI,2025-12-16T14:42:00,2025-12-16T14:48:00,forexfactory,US
2025-12-18T13:15:00,EUR,high,Main Refinancing Rate,2025-12-18T13:12:00,2025-12-18T13:18:00,forexfactory,EZ
2025-12-18T13:15:00,EUR,high,Monetary Policy Statement,2025-12-18T13:12:00,2025-12-18T13:18:00,forexfactory,EZ
2025-12-18T13:30:00,USD,high,Unemployment Claims,2025-12-18T13:27:00,2025-12-18T13:33:00,forexfactory,US
2025-12-18T13:30:00,USD,high,CPI y/y,2025-12-18T13:27:00,2025-12-18T13:33:00,forexfactory,US
2025-12-18T13:45:00,EUR,high,ECB Press Conference,2025-12-18T13:42:00,2025-12-18T13:48:00,forexfactory,EZ
2025-12-23T13:30:00,USD,high,Prelim GDP q/q,2025-12-23T13:27:00,2025-12-23T13:33:00,forexfactory,US
2025-12-24T13:30:00,USD,high,Unemployment Claims,2025-12-24T13:27:00,2025-12-24T13:33:00,forexfactory,US
2025-12-30T19:00:00,USD,high,FOMC Meeting Minutes,2025-12-30T18:57:00,2025-12-30T19:03:00,forexfactory,US
2025-12-31T13:30:00,USD,high,Unemployment Claims,2025-12-31T13:27:00,2025-12-31T13:33:00,forexfactory,US
2026-01-05T15:00:00,USD,high,ISM Manufacturing PMI,2026-01-05T14:57:00,2026-01-05T15:03:00,forexfactory,US
2026-01-07T13:15:00,USD,high,ADP Non-Farm Employment Change,2026-01-07T13:12:00,2026-01-07T13:18:00,forexfactory,US
2026-01-07T15:00:00,USD,high,ISM Services PMI,2026-01-07T14:57:00,2026-01-07T15:03:00,forexfactory,US
2026-01-07T15:00:00,USD,high,JOLTS Job Openings,2026-01-07T14:57:00,2026-01-07T15:03:00,forexfactory,US
2026-01-08T13:30:00,USD,high,Unemployment Claims,2026-01-08T13:27:00,2026-01-08T13:33:00,forexfactory,US
2026-01-09T13:30:00,USD,high,Unemployment Rate,2026-01-09T13:27:00,2026-01-09T13:33:00,forexfactory,US
2026-01-09T13:30:00,USD,high,Average Hourly Earnings m/m,2026-01-09T13:27:00,2026-01-09T13:33:00,forexfactory,US
2026-01-09T13:30:00,USD,high,Non-Farm Employment Change,2026-01-09T13:27:00,2026-01-09T13:33:00,forexfactory,US
2026-01-09T15:00:00,USD,high,Prelim UoM Consumer Sentiment,2026-01-09T14:57:00,2026-01-09T15:03:00,forexfactory,US
2026-01-09T15:00:00,USD,high,Prelim UoM Inflation Expectations,2026-01-09T14:57:00,2026-01-09T15:03:00,forexfactory,US
2026-01-13T13:30:00,USD,high,CPI m/m,2026-01-13T13:27:00,2026-01-13T13:33:00,forexfactory,US
2026-01-13T13:30:00,USD,high,CPI y/y,2026-01-13T13:27:00,2026-01-13T13:33:00,forexfactory,US
2026-01-13T13:30:00,USD,high,Core CPI m/m,2026-01-13T13:27:00,2026-01-13T13:33:00,forexfactory,US
2026-01-14T13:30:00,USD,high,Retail Sales m/m,2026-01-14T13:27:00,2026-01-14T13:33:00,forexfactory,US
2026-01-14T13:30:00,USD,high,PPI m/m,2026-01-14T13:27:00,2026-01-14T13:33:00,forexfactory,US
2026-01-14T13:30:00,USD,high,Core Retail Sales m/m,2026-01-14T13:27:00,2026-01-14T13:33:00,forexfactory,US
2026-01-14T13:30:00,USD,high,Core PPI m/m,2026-01-14T13:27:00,2026-01-14T13:33:00,forexfactory,US
2026-01-15T13:30:00,USD,high,Unemployment Claims,2026-01-15T13:27:00,2026-01-15T13:33:00,forexfactory,US
2026-01-21T13:30:00,USD,high,President Trump Speaks,2026-01-21T13:27:00,2026-01-21T13:33:00,forexfactory,US
2026-01-22T13:30:00,USD,high,Final GDP q/q,2026-01-22T13:27:00,2026-01-22T13:33:00,forexfactory,US
2026-01-22T13:30:00,USD,high,Unemployment Claims,2026-01-22T13:27:00,2026-01-22T13:33:00,forexfactory,US
2026-01-22T15:00:00,USD,high,Core PCE Price Index m/m,2026-01-22T14:57:00,2026-01-22T15:03:00,forexfactory,US
2026-01-23T08:30:00,EUR,high,German Flash Manufacturing PMI,2026-01-23T08:27:00,2026-01-23T08:33:00,forexfactory,GE
2026-01-23T08:30:00,EUR,high,German Flash Services PMI,2026-01-23T08:27:00,2026-01-23T08:33:00,forexfactory,GE
2026-01-23T14:45:00,USD,high,Flash Services PMI,2026-01-23T14:42:00,2026-01-23T14:48:00,forexfactory,US
2026-01-23T14:45:00,USD,high,Flash Manufacturing PMI,2026-01-23T14:42:00,2026-01-23T14:48:00,forexfactory,US
2026-01-28T19:00:00,USD,high,FOMC Statement,2026-01-28T18:57:00,2026-01-28T19:03:00,forexfactory,US
2026-01-28T19:00:00,USD,high,Federal Funds Rate,2026-01-28T18:57:00,2026-01-28T19:03:00,forexfactory,US
2026-01-28T19:30:00,USD,high,FOMC Press Conference,2026-01-28T19:27:00,2026-01-28T19:33:00,forexfactory,US
2026-01-29T13:30:00,USD,high,Unemployment Claims,2026-01-29T13:27:00,2026-01-29T13:33:00,forexfactory,US
2026-01-30T13:30:00,USD,high,Core PPI m/m,2026-01-30T13:27:00,2026-01-30T13:33:00,forexfactory,US
2026-01-30T13:30:00,USD,high,PPI m/m,2026-01-30T13:27:00,2026-01-30T13:33:00,forexfactory,US
2026-02-02T15:00:00,USD,high,ISM Manufacturing PMI,2026-02-02T14:57:00,2026-02-02T15:03:00,forexfactory,US
2026-02-04T13:15:00,USD,high,ADP Non-Farm Employment Change,2026-02-04T13:12:00,2026-02-04T13:18:00,forexfactory,US
2026-02-04T15:00:00,USD,high,ISM Services PMI,2026-02-04T14:57:00,2026-02-04T15:03:00,forexfactory,US
2026-02-05T13:15:00,EUR,high,Main Refinancing Rate,2026-02-05T13:12:00,2026-02-05T13:18:00,forexfactory,EZ
2026-02-05T13:15:00,EUR,high,Monetary Policy Statement,2026-02-05T13:12:00,2026-02-05T13:18:00,forexfactory,EZ
2026-02-05T13:30:00,USD,high,Unemployment Claims,2026-02-05T13:27:00,2026-02-05T13:33:00,forexfactory,US
2026-02-05T13:45:00,EUR,high,ECB Press Conference,2026-02-05T13:42:00,2026-02-05T13:48:00,forexfactory,EZ
2026-02-05T15:00:00,USD,high,JOLTS Job Openings,2026-02-05T14:57:00,2026-02-05T15:03:00,forexfactory,US
2026-02-06T15:00:00,USD,high,Prelim UoM Consumer Sentiment,2026-02-06T14:57:00,2026-02-06T15:03:00,forexfactory,US
2026-02-06T15:00:00,USD,high,Prelim UoM Inflation Expectations,2026-02-06T14:57:00,2026-02-06T15:03:00,forexfactory,US
2026-02-10T13:30:00,USD,high,Retail Sales m/m,2026-02-10T13:27:00,2026-02-10T13:33:00,forexfactory,US
2026-02-10T13:30:00,USD,high,Core Retail Sales m/m,2026-02-10T13:27:00,2026-02-10T13:33:00,forexfactory,US
2026-02-11T13:30:00,USD,high,Average Hourly Earnings m/m,2026-02-11T13:27:00,2026-02-11T13:33:00,forexfactory,US
2026-02-11T13:30:00,USD,high,Non-Farm Employment Change,2026-02-11T13:27:00,2026-02-11T13:33:00,forexfactory,US
2026-02-11T13:30:00,USD,high,Unemployment Rate,2026-02-11T13:27:00,2026-02-11T13:33:00,forexfactory,US
2026-02-12T13:30:00,USD,high,Unemployment Claims,2026-02-12T13:27:00,2026-02-12T13:33:00,forexfactory,US
2026-02-13T13:30:00,USD,high,CPI m/m,2026-02-13T13:27:00,2026-02-13T13:33:00,forexfactory,US
2026-02-13T13:30:00,USD,high,CPI y/y,2026-02-13T13:27:00,2026-02-13T13:33:00,forexfactory,US
2026-02-13T13:30:00,USD,high,Core CPI m/m,2026-02-13T13:27:00,2026-02-13T13:33:00,forexfactory,US
2026-02-18T19:00:00,USD,high,FOMC Meeting Minutes,2026-02-18T18:57:00,2026-02-18T19:03:00,forexfactory,US
2026-02-19T13:30:00,USD,high,Unemployment Claims,2026-02-19T13:27:00,2026-02-19T13:33:00,forexfactory,US
2026-02-20T08:30:00,EUR,high,German Flash Manufacturing PMI,2026-02-20T08:27:00,2026-02-20T08:33:00,forexfactory,GE
2026-02-20T08:30:00,EUR,high,German Flash Services PMI,2026-02-20T08:27:00,2026-02-20T08:33:00,forexfactory,GE
2026-02-20T13:30:00,USD,high,Advance GDP q/q,2026-02-20T13:27:00,2026-02-20T13:33:00,forexfactory,US
2026-02-20T13:30:00,USD,high,Core PCE Price Index m/m,2026-02-20T13:27:00,2026-02-20T13:33:00,forexfactory,US
2026-02-20T14:45:00,USD,high,Flash Manufacturing PMI,2026-02-20T14:42:00,2026-02-20T14:48:00,forexfactory,US
2026-02-20T14:45:00,USD,high,Flash Services PMI,2026-02-20T14:42:00,2026-02-20T14:48:00,forexfactory,US
2026-02-20T17:45:00,USD,high,President Trump Speaks,2026-02-20T17:42:00,2026-02-20T17:48:00,forexfactory,US
2026-02-25T02:00:00,USD,high,President Trump Speaks,2026-02-25T01:57:00,2026-02-25T02:03:00,forexfactory,US
2026-02-26T13:30:00,USD,high,Unemployment Claims,2026-02-26T13:27:00,2026-02-26T13:33:00,forexfactory,US
2026-02-27T13:30:00,USD,high,Core PPI m/m,2026-02-27T13:27:00,2026-02-27T13:33:00,forexfactory,US
2026-02-27T13:30:00,USD,high,PPI m/m,2026-02-27T13:27:00,2026-02-27T13:33:00,forexfactory,US
2026-03-02T15:00:00,USD,high,ISM Manufacturing PMI,2026-03-02T14:57:00,2026-03-02T15:03:00,forexfactory,US
2026-03-04T13:15:00,USD,high,ADP Non-Farm Employment Change,2026-03-04T13:12:00,2026-03-04T13:18:00,forexfactory,US
2026-03-04T15:00:00,USD,high,ISM Services PMI,2026-03-04T14:57:00,2026-03-04T15:03:00,forexfactory,US
2026-03-05T13:30:00,USD,high,Unemployment Claims,2026-03-05T13:27:00,2026-03-05T13:33:00,forexfactory,US
2026-03-06T13:30:00,USD,high,Unemployment Rate,2026-03-06T13:27:00,2026-03-06T13:33:00,forexfactory,US
2026-03-06T13:30:00,USD,high,Retail Sales m/m,2026-03-06T13:27:00,2026-03-06T13:33:00,forexfactory,US
2026-03-06T13:30:00,USD,high,Average Hourly Earnings m/m,2026-03-06T13:27:00,2026-03-06T13:33:00,forexfactory,US
2026-03-06T13:30:00,USD,high,Core Retail Sales m/m,2026-03-06T13:27:00,2026-03-06T13:33:00,forexfactory,US
2026-03-06T13:30:00,USD,high,Non-Farm Employment Change,2026-03-06T13:27:00,2026-03-06T13:33:00,forexfactory,US
2026-03-11T12:30:00,USD,high,CPI m/m,2026-03-11T12:27:00,2026-03-11T12:33:00,forexfactory,US
2026-03-11T12:30:00,USD,high,CPI y/y,2026-03-11T12:27:00,2026-03-11T12:33:00,forexfactory,US
2026-03-11T12:30:00,USD,high,Core CPI m/m,2026-03-11T12:27:00,2026-03-11T12:33:00,forexfactory,US
2026-03-12T12:30:00,USD,high,Unemployment Claims,2026-03-12T12:27:00,2026-03-12T12:33:00,forexfactory,US
2026-03-13T12:30:00,USD,high,Core PCE Price Index m/m,2026-03-13T12:27:00,2026-03-13T12:33:00,forexfactory,US
2026-03-13T12:30:00,USD,high,Prelim GDP q/q,2026-03-13T12:27:00,2026-03-13T12:33:00,forexfactory,US
2026-03-13T14:00:00,USD,high,JOLTS Job Openings,2026-03-13T13:57:00,2026-03-13T14:03:00,forexfactory,US
2026-03-18T12:30:00,USD,high,Core PPI m/m,2026-03-18T12:27:00,2026-03-18T12:33:00,forexfactory,US
2026-03-18T12:30:00,USD,high,PPI m/m,2026-03-18T12:27:00,2026-03-18T12:33:00,forexfactory,US
2026-03-18T18:00:00,USD,high,FOMC Economic Projections,2026-03-18T17:57:00,2026-03-18T18:03:00,forexfactory,US
2026-03-18T18:00:00,USD,high,FOMC Statement,2026-03-18T17:57:00,2026-03-18T18:03:00,forexfactory,US
2026-03-18T18:00:00,USD,high,Federal Funds Rate,2026-03-18T17:57:00,2026-03-18T18:03:00,forexfactory,US
2026-03-18T18:30:00,USD,high,FOMC Press Conference,2026-03-18T18:27:00,2026-03-18T18:33:00,forexfactory,US
2026-03-19T12:30:00,USD,high,Unemployment Claims,2026-03-19T12:27:00,2026-03-19T12:33:00,forexfactory,US
2026-03-19T13:15:00,EUR,high,Monetary Policy Statement,2026-03-19T13:12:00,2026-03-19T13:18:00,forexfactory,EZ
2026-03-19T13:15:00,EUR,high,Main Refinancing Rate,2026-03-19T13:12:00,2026-03-19T13:18:00,forexfactory,EZ
2026-03-19T13:45:00,EUR,high,ECB Press Conference,2026-03-19T13:42:00,2026-03-19T13:48:00,forexfactory,EZ
2026-03-24T08:30:00,EUR,high,German Flash Manufacturing PMI,2026-03-24T08:27:00,2026-03-24T08:33:00,forexfactory,GE
2026-03-24T08:30:00,EUR,high,German Flash Services PMI,2026-03-24T08:27:00,2026-03-24T08:33:00,forexfactory,GE
2026-03-24T13:45:00,USD,high,Flash Manufacturing PMI,2026-03-24T13:42:00,2026-03-24T13:48:00,forexfactory,US
2026-03-24T13:45:00,USD,high,Flash Services PMI,2026-03-24T13:42:00,2026-03-24T13:48:00,forexfactory,US
2026-03-26T12:30:00,USD,high,Unemployment Claims,2026-03-26T12:27:00,2026-03-26T12:33:00,forexfactory,US
2026-03-30T14:30:00,USD,high,Fed Chairman Powell Speaks,2026-03-30T14:27:00,2026-03-30T14:33:00,forexfactory,US
2026-03-31T14:00:00,USD,high,JOLTS Job Openings,2026-03-31T13:57:00,2026-03-31T14:03:00,forexfactory,US
2026-04-01T12:15:00,USD,high,ADP Non-Farm Employment Change,2026-04-01T12:12:00,2026-04-01T12:18:00,forexfactory,US
2026-04-01T12:30:00,USD,high,Core Retail Sales m/m,2026-04-01T12:27:00,2026-04-01T12:33:00,forexfactory,US
2026-04-01T12:30:00,USD,high,Retail Sales m/m,2026-04-01T12:27:00,2026-04-01T12:33:00,forexfactory,US
2026-04-01T14:00:00,USD,high,ISM Manufacturing PMI,2026-04-01T13:57:00,2026-04-01T14:03:00,forexfactory,US
2026-04-02T01:00:00,USD,high,President Trump Speaks,2026-04-02T00:57:00,2026-04-02T01:03:00,forexfactory,US
2026-04-02T12:30:00,USD,high,Unemployment Claims,2026-04-02T12:27:00,2026-04-02T12:33:00,forexfactory,US
2026-04-03T12:30:00,USD,high,Non-Farm Employment Change,2026-04-03T12:27:00,2026-04-03T12:33:00,forexfactory,US
2026-04-03T12:30:00,USD,high,Unemployment Rate,2026-04-03T12:27:00,2026-04-03T12:33:00,forexfactory,US
2026-04-03T12:30:00,USD,high,Average Hourly Earnings m/m,2026-04-03T12:27:00,2026-04-03T12:33:00,forexfactory,US
2026-04-06T14:00:00,USD,high,ISM Services PMI,2026-04-06T13:57:00,2026-04-06T14:03:00,forexfactory,US
2026-04-06T17:00:00,USD,high,President Trump Speaks,2026-04-06T16:57:00,2026-04-06T17:03:00,forexfactory,US
2026-04-08T18:00:00,USD,high,FOMC Meeting Minutes,2026-04-08T17:57:00,2026-04-08T18:03:00,forexfactory,US
2026-04-09T12:30:00,USD,high,Core PCE Price Index m/m,2026-04-09T12:27:00,2026-04-09T12:33:00,forexfactory,US
2026-04-09T12:30:00,USD,high,Final GDP q/q,2026-04-09T12:27:00,2026-04-09T12:33:00,forexfactory,US
2026-04-10T12:30:00,USD,high,CPI y/y,2026-04-10T12:27:00,2026-04-10T12:33:00,forexfactory,US
2026-04-10T12:30:00,USD,high,Core CPI m/m,2026-04-10T12:27:00,2026-04-10T12:33:00,forexfactory,US
2026-04-10T12:30:00,USD,high,CPI m/m,2026-04-10T12:27:00,2026-04-10T12:33:00,forexfactory,US
2026-04-14T12:30:00,USD,high,Core PPI m/m,2026-04-14T12:27:00,2026-04-14T12:33:00,forexfactory,US
2026-04-14T12:30:00,USD,high,PPI m/m,2026-04-14T12:27:00,2026-04-14T12:33:00,forexfactory,US
2026-04-21T12:30:00,USD,high,Core Retail Sales m/m,2026-04-21T12:27:00,2026-04-21T12:33:00,forexfactory,US
2026-04-21T12:30:00,USD,high,Retail Sales m/m,2026-04-21T12:27:00,2026-04-21T12:33:00,forexfactory,US
2026-04-21T14:00:00,USD,high,Fed Chairman-Designate Warsh Testifies,2026-04-21T13:57:00,2026-04-21T14:03:00,forexfactory,US
2026-04-23T07:30:00,EUR,high,German Flash Services PMI,2026-04-23T07:27:00,2026-04-23T07:33:00,forexfactory,GE
2026-04-23T07:30:00,EUR,high,German Flash Manufacturing PMI,2026-04-23T07:27:00,2026-04-23T07:33:00,forexfactory,GE
2026-04-29T18:00:00,USD,high,Federal Funds Rate,2026-04-29T17:57:00,2026-04-29T18:03:00,forexfactory,US
2026-04-29T18:00:00,USD,high,FOMC Statement,2026-04-29T17:57:00,2026-04-29T18:03:00,forexfactory,US
2026-04-29T18:30:00,USD,high,FOMC Press Conference,2026-04-29T18:27:00,2026-04-29T18:33:00,forexfactory,US
2026-04-30T12:15:00,EUR,high,Main Refinancing Rate,2026-04-30T12:12:00,2026-04-30T12:18:00,forexfactory,EZ
2026-04-30T12:15:00,EUR,high,Monetary Policy Statement,2026-04-30T12:12:00,2026-04-30T12:18:00,forexfactory,EZ
2026-04-30T12:30:00,USD,high,Advance GDP q/q,2026-04-30T12:27:00,2026-04-30T12:33:00,forexfactory,US
2026-04-30T12:30:00,USD,high,Core PCE Price Index m/m,2026-04-30T12:27:00,2026-04-30T12:33:00,forexfactory,US
2026-04-30T12:30:00,USD,high,Employment Cost Index q/q,2026-04-30T12:27:00,2026-04-30T12:33:00,forexfactory,US
2026-04-30T12:45:00,EUR,high,ECB Press Conference,2026-04-30T12:42:00,2026-04-30T12:48:00,forexfactory,EZ
2026-05-05T14:00:00,USD,high,ISM Services PMI,2026-05-05T13:57:00,2026-05-05T14:03:00,forexfactory,US
2026-05-05T14:00:00,USD,high,JOLTS Job Openings,2026-05-05T13:57:00,2026-05-05T14:03:00,forexfactory,US
2026-05-08T12:30:00,USD,high,Average Hourly Earnings m/m,2026-05-08T12:27:00,2026-05-08T12:33:00,forexfactory,US
2026-05-08T12:30:00,USD,high,Non-Farm Employment Change,2026-05-08T12:27:00,2026-05-08T12:33:00,forexfactory,US
2026-05-08T12:30:00,USD,high,Unemployment Rate,2026-05-08T12:27:00,2026-05-08T12:33:00,forexfactory,US
2026-05-12T12:30:00,USD,high,CPI m/m,2026-05-12T12:27:00,2026-05-12T12:33:00,forexfactory,US
2026-05-12T12:30:00,USD,high,CPI y/y,2026-05-12T12:27:00,2026-05-12T12:33:00,forexfactory,US
2026-05-12T12:30:00,USD,high,Core CPI m/m,2026-05-12T12:27:00,2026-05-12T12:33:00,forexfactory,US
2026-05-13T12:30:00,USD,high,PPI m/m,2026-05-13T12:27:00,2026-05-13T12:33:00,forexfactory,US
2026-05-13T12:30:00,USD,high,Core PPI m/m,2026-05-13T12:27:00,2026-05-13T12:33:00,forexfactory,US
2026-05-13T18:40:00,USD,high,Fed Chair Nomination Vote,2026-05-13T18:37:00,2026-05-13T18:43:00,forexfactory,US
2026-05-14T12:30:00,USD,high,Retail Sales m/m,2026-05-14T12:27:00,2026-05-14T12:33:00,forexfactory,US
2026-05-14T12:30:00,USD,high,Core Retail Sales m/m,2026-05-14T12:27:00,2026-05-14T12:33:00,forexfactory,US
2026-05-20T18:00:00,USD,high,FOMC Meeting Minutes,2026-05-20T17:57:00,2026-05-20T18:03:00,forexfactory,US
