time,open,high,low,close,volume
2026-05-07 03:45:00+00:00,1.17513,1.17513,1.17486,1.17487,736.02
2026-05-07 04:00:00+00:00,1.17486,1.17508,1.17476,1.17504,644.4
2026-05-07 04:15:00+00:00,1.17505,1.17528,1.17503,1.17523,474.3
2026-05-07 04:30:00+00:00,1.17521,1.17535,1.17512,1.17517,595.49
2026-05-07 04:45:00+00:00,1.17518,1.17526,1.17505,1.17509,810.9
2026-05-07 05:00:00+00:00,1.17507,1.17532,1.17505,1.1752,1082.3899999999999
2026-05-07 05:15:00+00:00,1.17518,1.17523,1.17498,1.17513,953.6
2026-05-07 05:30:00+00:00,1.17514,1.17534,1.17513,1.17523,683.1
2026-05-07 05:45:00+00:00,1.17524,1.17537,1.17507,1.17518,825.89
2026-05-07 06:00:00+00:00,1.17518,1.1752,1.17492,1.175,1224.55
2026-05-07 06:15:00+00:00,1.17501,1.17519,1.17477,1.17478,1338.21
2026-05-07 06:30:00+00:00,1.17477,1.17564,1.17451,1.1756,2711.44
2026-05-07 06:45:00+00:00,1.1756,1.17567,1.17448,1.17479,3362.13
2026-05-07 07:00:00+00:00,1.1748,1.1767,1.17479,1.17668,4312.52
2026-05-07 07:15:00+00:00,1.1767,1.17686,1.17594,1.17645,3058.52
2026-05-07 07:30:00+00:00,1.17648,1.17678,1.17616,1.17643,2798.8
2026-05-07 07:45:00+00:00,1.17644,1.17674,1.1762,1.17667,2434.59
2026-05-07 08:00:00+00:00,1.1767,1.17675,1.17648,1.17669,2624.72
2026-05-07 08:15:00+00:00,1.17668,1.17714,1.1763,1.17698,2542.75
2026-05-07 08:30:00+00:00,1.17698,1.17734,1.1768,1.17698,1573.85
2026-05-07 08:45:00+00:00,1.17697,1.17741,1.17694,1.17716,1405.62
2026-05-07 09:00:00+00:00,1.17717,1.17718,1.17657,1.17682,2114.48
2026-05-07 09:15:00+00:00,1.17684,1.17698,1.17657,1.17685,1795.98
2026-05-07 09:30:00+00:00,1.17685,1.17772,1.17679,1.17767,1926.72
2026-05-07 09:45:00+00:00,1.17767,1.17783,1.17692,1.17703,1913.1
2026-05-07 10:00:00+00:00,1.17702,1.1776,1.17679,1.17751,1998.3
2026-05-07 10:15:00+00:00,1.1775,1.1776,1.1773,1.17747,2358.45
2026-05-07 10:30:00+00:00,1.17748,1.17758,1.17696,1.17716,2394.31
2026-05-07 10:45:00+00:00,1.17718,1.17726,1.1765,1.1767,2567.73
2026-05-07 11:00:00+00:00,1.17669,1.17685,1.17633,1.17635,1897.66
2026-05-07 11:15:00+00:00,1.17635,1.17666,1.17621,1.17642,1774.22
2026-05-07 11:30:00+00:00,1.17642,1.17678,1.17628,1.17656,1495.16
2026-05-07 11:45:00+00:00,1.17655,1.17702,1.17638,1.17699,1578.74
2026-05-07 12:00:00+00:00,1.177,1.17722,1.17678,1.17711,2117.0299999999997
2026-05-07 12:15:00+00:00,1.17712,1.17734,1.17671,1.17698,2286.45
2026-05-07 12:30:00+00:00,1.17697,1.17747,1.1769,1.17744,1980.25
2026-05-07 12:45:00+00:00,1.17745,1.17779,1.17726,1.17729,2112.66
2026-05-07 13:00:00+00:00,1.17726,1.17743,1.17698,1.17727,2649.76
2026-05-07 13:15:00+00:00,1.17727,1.1777,1.17718,1.17755,2200.79
2026-05-07 13:30:00+00:00,1.17754,1.17754,1.17695,1.17734,2736.54
2026-05-07 13:45:00+00:00,1.17734,1.17748,1.17666,1.17685,3421.0299999999997
2026-05-07 14:00:00+00:00,1.17686,1.17702,1.17638,1.1769,2812.46
2026-05-07 14:15:00+00:00,1.17689,1.17733,1.17649,1.17692,2501.33
2026-05-07 14:30:00+00:00,1.17694,1.17723,1.17674,1.17701,2208.58
2026-05-07 14:45:00+00:00,1.17699,1.17773,1.17699,1.17758,3265.62
2026-05-07 15:00:00+00:00,1.17758,1.17779,1.17734,1.17737,3049.96
2026-05-07 15:15:00+00:00,1.17735,1.17754,1.1763,1.17649,3075.8
2026-05-07 15:30:00+00:00,1.17648,1.17713,1.17644,1.17683,2423.8
2026-05-07 15:45:00+00:00,1.17682,1.17689,1.1763,1.17636,2502.39
2026-05-07 16:00:00+00:00,1.17637,1.1766,1.17583,1.17597,3130.06
2026-05-07 16:15:00+00:00,1.17597,1.17638,1.17564,1.17631,2865.85
2026-05-07 16:30:00+00:00,1.17631,1.17646,1.17599,1.17605,2298.34
2026-05-07 16:45:00+00:00,1.17605,1.17613,1.17569,1.17604,2140.34
2026-05-07 17:00:00+00:00,1.17605,1.17608,1.17567,1.17593,1746.83
2026-05-07 17:15:00+00:00,1.17594,1.17594,1.17467,1.1747,3321.08
2026-05-07 17:30:00+00:00,1.17471,1.17493,1.17356,1.17438,3658.7400000000002
2026-05-07 17:45:00+00:00,1.17437,1.17497,1.17432,1.17488,2604.73
2026-05-07 18:00:00+00:00,1.17488,1.17513,1.17462,1.17483,2139.0499999999997
2026-05-07 18:15:00+00:00,1.17482,1.17514,1.17478,1.17506,1326.28
2026-05-07 18:30:00+00:00,1.17508,1.1752,1.17399,1.17433,1962.8400000000001
2026-05-07 18:45:00+00:00,1.17436,1.17508,1.17404,1.17499,3169.61
2026-05-07 19:00:00+00:00,1.17502,1.17541,1.17455,1.17488,2022.68
2026-05-07 19:15:00+00:00,1.17488,1.17501,1.17363,1.17413,3022.28
2026-05-07 19:30:00+00:00,1.17412,1.17484,1.17411,1.17454,1367.01
2026-05-07 19:45:00+00:00,1.17455,1.17458,1.17335,1.17335,2226.17
2026-05-07 20:00:00+00:00,1.17337,1.17448,1.17332,1.17387,2119.74
2026-05-07 20:15:00+00:00,1.17386,1.17387,1.17338,1.17348,630.38
2026-05-07 20:30:00+00:00,1.1735,1.17356,1.17291,1.17295,1399.54
2026-05-07 20:45:00+00:00,1.17296,1.17299,1.17224,1.17242,1395.82
2026-05-07 21:00:00+00:00,1.17243,1.17281,1.17232,1.17277,365.43
2026-05-07 21:15:00+00:00,1.1728,1.17294,1.17274,1.17283,323.98
2026-05-07 21:30:00+00:00,1.17282,1.17283,1.17236,1.17259,297.45
2026-05-07 21:45:00+00:00,1.17259,1.17276,1.17258,1.17266,138.33
2026-05-07 22:00:00+00:00,1.17266,1.17284,1.17227,1.17264,500.76
2026-05-07 22:15:00+00:00,1.17265,1.17316,1.17257,1.17287,791.23
2026-05-07 22:30:00+00:00,1.17288,1.173,1.17255,1.17269,596.49
2026-05-07 22:45:00+00:00,1.17268,1.17274,1.17248,1.17249,231.3
2026-05-07 23:00:00+00:00,1.1725,1.17259,1.17243,1.17254,306.55
2026-05-07 23:15:00+00:00,1.17258,1.17275,1.17257,1.17274,85.05
2026-05-07 23:30:00+00:00,1.17273,1.17285,1.17266,1.17284,256.5
2026-05-07 23:45:00+00:00,1.17286,1.17315,1.17283,1.17305,403.2
2026-05-08 00:00:00+00:00,1.17305,1.17347,1.17295,1.17316,1779.3
2026-05-08 00:15:00+00:00,1.17317,1.17319,1.17264,1.17292,1936.0900000000001
2026-05-08 00:30:00+00:00,1.17292,1.17312,1.17284,1.17286,952.7
2026-05-08 00:45:00+00:00,1.17288,1.17299,1.17268,1.1727,1013.59
2026-05-08 01:00:00+00:00,1.1727,1.17319,1.1727,1.17308,1584.27
2026-05-08 01:15:00+00:00,1.17308,1.17335,1.17294,1.17319,1236.15
2026-05-08 01:30:00+00:00,1.17319,1.1733,1.1729,1.17301,1021.5
2026-05-08 01:45:00+00:00,1.173,1.17327,1.173,1.17324,778.5
2026-05-08 02:00:00+00:00,1.17325,1.17325,1.17299,1.17303,873.9
2026-05-08 02:15:00+00:00,1.17302,1.17319,1.17286,1.17295,1055.7
2026-05-08 02:30:00+00:00,1.17296,1.17303,1.17244,1.17247,1501.6299999999999
2026-05-08 02:45:00+00:00,1.17247,1.17301,1.17247,1.17274,1066.44
2026-05-08 03:00:00+00:00,1.17274,1.17294,1.17268,1.1729,708.3
2026-05-08 03:15:00+00:00,1.17289,1.17297,1.17275,1.17289,595.35
2026-05-08 03:30:00+00:00,1.17289,1.17333,1.17288,1.17332,893.75
2026-05-08 03:45:00+00:00,1.17333,1.17338,1.17282,1.17282,764.73
2026-05-08 04:00:00+00:00,1.17284,1.17307,1.17282,1.17289,965.75
2026-05-08 04:15:00+00:00,1.17288,1.17301,1.17269,1.17292,688.0500000000001
2026-05-08 04:30:00+00:00,1.17292,1.17331,1.17288,1.1733,426.6
2026-05-08 04:45:00+00:00,1.17331,1.17358,1.17328,1.17351,629.1
2026-05-08 05:00:00+00:00,1.17352,1.17366,1.17328,1.17337,638.1
2026-05-08 05:15:00+00:00,1.17337,1.17363,1.17333,1.17362,718.28
2026-05-08 05:30:00+00:00,1.17363,1.17386,1.17343,1.17369,689.85
2026-05-08 05:45:00+00:00,1.17367,1.17386,1.17349,1.1737,721.11
2026-05-08 06:00:00+00:00,1.17373,1.17463,1.17368,1.17404,1388.43
2026-05-08 06:15:00+00:00,1.17404,1.17474,1.17403,1.17474,1119.17
2026-05-08 06:30:00+00:00,1.17473,1.17481,1.17428,1.17461,1025.8799999999999
2026-05-08 06:45:00+00:00,1.17462,1.17478,1.1744,1.1744,873.9
2026-05-08 07:00:00+00:00,1.1744,1.17479,1.17425,1.17444,1632.53
2026-05-08 07:15:00+00:00,1.17446,1.17461,1.17422,1.17426,1389.42
2026-05-08 07:30:00+00:00,1.17428,1.17465,1.17424,1.1745,1035.63
2026-05-08 07:45:00+00:00,1.1745,1.1745,1.17416,1.17429,981.14
2026-05-08 08:00:00+00:00,1.17429,1.17467,1.17419,1.17448,1138.02
2026-05-08 08:15:00+00:00,1.17447,1.17553,1.17446,1.17551,1632.04
2026-05-08 08:30:00+00:00,1.17549,1.17623,1.17549,1.17614,1755.71
2026-05-08 08:45:00+00:00,1.17612,1.17657,1.17583,1.17637,1778.0
2026-05-08 09:00:00+00:00,1.17637,1.17706,1.17632,1.17682,1350.37
2026-05-08 09:15:00+00:00,1.17681,1.17734,1.1768,1.17682,1135.79
2026-05-08 09:30:00+00:00,1.17682,1.17705,1.17676,1.1769,988.27
2026-05-08 09:45:00+00:00,1.1769,1.17715,1.17665,1.17688,1317.58
2026-05-08 10:00:00+00:00,1.17687,1.17724,1.17681,1.17704,985.33
2026-05-08 10:15:00+00:00,1.17706,1.17714,1.17687,1.17693,666.67
2026-05-08 10:30:00+00:00,1.17694,1.17722,1.1767,1.1767,899.21
2026-05-08 10:45:00+00:00,1.17669,1.17684,1.17614,1.1764,1225.45
2026-05-08 11:00:00+00:00,1.17638,1.17657,1.17619,1.17645,1336.25
2026-05-08 11:15:00+00:00,1.17647,1.17678,1.17641,1.17668,840.6
2026-05-08 11:30:00+00:00,1.17669,1.17689,1.17651,1.17651,824.4
2026-05-08 11:45:00+00:00,1.17649,1.17674,1.17634,1.17653,1059.8
2026-05-08 12:00:00+00:00,1.17653,1.17654,1.17593,1.17599,1450.76
2026-05-08 12:15:00+00:00,1.17598,1.17671,1.17595,1.1764,1598.27
2026-05-08 12:30:00+00:00,1.1764,1.17787,1.17562,1.17768,3645.0
2026-05-08 12:45:00+00:00,1.17766,1.17782,1.17715,1.17739,2998.57
2026-05-08 13:00:00+00:00,1.17739,1.1775,1.17662,1.17677,2532.93
2026-05-08 13:15:00+00:00,1.17678,1.17788,1.17664,1.17776,1913.95
2026-05-08 13:30:00+00:00,1.17776,1.17869,1.17763,1.1782,2807.49
2026-05-08 13:45:00+00:00,1.1782,1.17845,1.17773,1.17788,2404.58
2026-05-08 14:00:00+00:00,1.1779,1.17795,1.17672,1.17734,2261.71
2026-05-08 14:15:00+00:00,1.17734,1.1776,1.17672,1.17677,2005.79
2026-05-08 14:30:00+00:00,1.17675,1.17758,1.17672,1.17733,2078.02
2026-05-08 14:45:00+00:00,1.1773,1.17765,1.1773,1.17743,1613.03
2026-05-08 15:00:00+00:00,1.17743,1.17784,1.17687,1.177,2494.28
2026-05-08 15:15:00+00:00,1.177,1.17728,1.17667,1.17723,1504.57
2026-05-08 15:30:00+00:00,1.17724,1.17765,1.17681,1.17735,2047.79
2026-05-08 15:45:00+00:00,1.17734,1.17785,1.17724,1.17727,1379.02
2026-05-08 16:00:00+00:00,1.17727,1.17784,1.17716,1.17749,1264.21
2026-05-08 16:15:00+00:00,1.17749,1.17774,1.17748,1.17766,532.35
2026-05-08 16:30:00+00:00,1.17766,1.17775,1.17713,1.17723,708.63
2026-05-08 16:45:00+00:00,1.17724,1.17742,1.17707,1.1771,788.85
2026-05-08 17:00:00+00:00,1.17711,1.17736,1.17705,1.17712,617.23
2026-05-08 17:15:00+00:00,1.17711,1.17754,1.17708,1.17743,637.34
2026-05-08 17:30:00+00:00,1.17743,1.17756,1.17731,1.17744,558.9
2026-05-08 17:45:00+00:00,1.17742,1.17762,1.17716,1.17721,782.1
2026-05-08 18:00:00+00:00,1.17722,1.17816,1.17707,1.17802,1757.99
2026-05-08 18:15:00+00:00,1.17803,1.17806,1.17771,1.17784,1113.83
2026-05-08 18:30:00+00:00,1.17782,1.17791,1.17766,1.17785,1017.37
2026-05-08 18:45:00+00:00,1.17783,1.17801,1.17752,1.17784,965.4100000000001
2026-05-08 19:00:00+00:00,1.17784,1.1782,1.17777,1.17813,686.25
2026-05-08 19:15:00+00:00,1.17813,1.17821,1.17806,1.17817,426.01
2026-05-08 19:30:00+00:00,1.17814,1.17831,1.17802,1.17822,570.71
2026-05-08 19:45:00+00:00,1.17821,1.17825,1.17766,1.17801,1029.74
2026-05-08 20:00:00+00:00,1.17803,1.17835,1.17788,1.17832,687.8
2026-05-08 20:15:00+00:00,1.17835,1.17849,1.17828,1.17837,299.81
2026-05-08 20:30:00+00:00,1.17838,1.1787,1.17832,1.17862,624.55
2026-05-08 20:45:00+00:00,1.17864,1.1788,1.1783,1.17838,1016.98
2026-05-10 21:00:00+00:00,1.1752,1.17544,1.17447,1.17509,181.48000000000002
2026-05-10 21:15:00+00:00,1.1751,1.17546,1.17473,1.17538,262.72
2026-05-10 21:30:00+00:00,1.17537,1.1768,1.17508,1.17678,247.82999999999998
2026-05-10 21:45:00+00:00,1.17677,1.17677,1.17571,1.17571,388.35
2026-05-10 22:00:00+00:00,1.17605,1.17656,1.17575,1.17611,1328.22
2026-05-10 22:15:00+00:00,1.17613,1.17633,1.17583,1.17632,797.4
2026-05-10 22:30:00+00:00,1.17632,1.17644,1.17622,1.17638,376.74
2026-05-10 22:45:00+00:00,1.17639,1.17645,1.17628,1.17638,366.42
2026-05-10 23:00:00+00:00,1.17637,1.17654,1.17635,1.17644,305.55
2026-05-10 23:15:00+00:00,1.17645,1.17675,1.17643,1.17669,251.06
2026-05-10 23:30:00+00:00,1.17671,1.17693,1.17664,1.17692,258.3
2026-05-10 23:45:00+00:00,1.17693,1.177,1.17667,1.17671,395.1
2026-05-11 00:00:00+00:00,1.17671,1.17714,1.17654,1.17679,916.61
2026-05-11 00:15:00+00:00,1.17682,1.17713,1.17672,1.17705,449.55
2026-05-11 00:30:00+00:00,1.17708,1.17719,1.17692,1.17694,498.6
2026-05-11 00:45:00+00:00,1.17695,1.17704,1.17659,1.177,1335.89
2026-05-11 01:00:00+00:00,1.17698,1.17711,1.17647,1.17676,1178.67
2026-05-11 01:15:00+00:00,1.17676,1.17699,1.17663,1.17689,799.25
2026-05-11 01:30:00+00:00,1.17688,1.17694,1.17632,1.17649,817.7
2026-05-11 01:45:00+00:00,1.17647,1.17652,1.17616,1.17627,846.99
2026-05-11 02:00:00+00:00,1.17627,1.17656,1.17627,1.1764,773.1
2026-05-11 02:15:00+00:00,1.17639,1.17655,1.17638,1.1765,391.05
2026-05-11 02:30:00+00:00,1.1765,1.17663,1.17616,1.17617,651.89
2026-05-11 02:45:00+00:00,1.17616,1.17621,1.17588,1.17592,488.7
2026-05-11 03:00:00+00:00,1.1759,1.17592,1.17571,1.17586,381.15000000000003
2026-05-11 03:15:00+00:00,1.17588,1.17592,1.17567,1.17571,377.51
2026-05-11 03:30:00+00:00,1.17571,1.1759,1.17568,1.17586,285.3
2026-05-11 03:45:00+00:00,1.17585,1.1759,1.17561,1.17565,431.9
2026-05-11 04:00:00+00:00,1.17564,1.17572,1.17543,1.17553,413.55
2026-05-11 04:15:00+00:00,1.17554,1.17557,1.17543,1.17543,176.31
2026-05-11 04:30:00+00:00,1.17541,1.17546,1.17518,1.17523,187.65
2026-05-11 04:45:00+00:00,1.17523,1.17534,1.175,1.17503,445.95
2026-05-11 05:00:00+00:00,1.17503,1.17546,1.17501,1.17538,706.05
2026-05-11 05:15:00+00:00,1.17539,1.17544,1.17522,1.17522,700.34
2026-05-11 05:30:00+00:00,1.17522,1.17533,1.17507,1.17509,612.64
2026-05-11 05:45:00+00:00,1.17509,1.17515,1.17485,1.17498,1123.2
2026-05-11 06:00:00+00:00,1.17499,1.17582,1.17499,1.17572,1005.75
2026-05-11 06:15:00+00:00,1.17573,1.17592,1.17547,1.1759,799.7
2026-05-11 06:30:00+00:00,1.1759,1.17624,1.17588,1.17619,724.5
2026-05-11 06:45:00+00:00,1.17618,1.1768,1.1761,1.17673,950.85
2026-05-11 07:00:00+00:00,1.17675,1.17688,1.17646,1.17674,1571.9
2026-05-11 07:15:00+00:00,1.17675,1.17746,1.17671,1.17712,1754.4
2026-05-11 07:30:00+00:00,1.17711,1.1772,1.17671,1.17711,1041.35
2026-05-11 07:45:00+00:00,1.17711,1.17722,1.1768,1.17719,1376.55
2026-05-11 08:00:00+00:00,1.1772,1.17764,1.17715,1.17759,1362.51
2026-05-11 08:15:00+00:00,1.1776,1.17821,1.1776,1.17797,1061.55
2026-05-11 08:30:00+00:00,1.17798,1.17813,1.17753,1.17753,875.85
2026-05-11 08:45:00+00:00,1.17753,1.17758,1.17711,1.17712,1108.45
2026-05-11 09:00:00+00:00,1.17713,1.17745,1.17708,1.17732,815.9
2026-05-11 09:15:00+00:00,1.17733,1.17737,1.17704,1.17708,741.25
2026-05-11 09:30:00+00:00,1.17708,1.17729,1.17693,1.17703,769.55
2026-05-11 09:45:00+00:00,1.17707,1.17715,1.17673,1.17674,787.08
2026-05-11 10:00:00+00:00,1.17673,1.17675,1.17646,1.17672,784.0
2026-05-11 10:15:00+00:00,1.17671,1.17686,1.17658,1.17679,488.75
2026-05-11 10:30:00+00:00,1.17679,1.17715,1.17666,1.17714,1022.99
2026-05-11 10:45:00+00:00,1.17715,1.17739,1.17688,1.17691,1184.13
2026-05-11 11:00:00+00:00,1.17691,1.17735,1.17687,1.17734,1229.5
2026-05-11 11:15:00+00:00,1.17732,1.17745,1.17718,1.17738,557.96
2026-05-11 11:30:00+00:00,1.17741,1.17745,1.17716,1.17722,628.92
2026-05-11 11:45:00+00:00,1.17723,1.17741,1.17633,1.17683,1299.21
2026-05-11 12:00:00+00:00,1.17683,1.17688,1.17644,1.17667,1126.35
2026-05-11 12:15:00+00:00,1.1767,1.17745,1.17643,1.17717,1337.59
2026-05-11 12:30:00+00:00,1.17717,1.17743,1.17685,1.17729,1264.57
2026-05-11 12:45:00+00:00,1.17728,1.17743,1.17677,1.17743,1468.97
2026-05-11 13:00:00+00:00,1.17745,1.17852,1.17743,1.17833,1778.17
2026-05-11 13:15:00+00:00,1.17836,1.17847,1.17795,1.17832,1302.92
2026-05-11 13:30:00+00:00,1.17834,1.17862,1.1779,1.17861,1566.73
2026-05-11 13:45:00+00:00,1.17861,1.17877,1.17846,1.1785,1389.06
2026-05-11 14:00:00+00:00,1.17851,1.17861,1.17796,1.17853,1755.09
2026-05-11 14:15:00+00:00,1.17853,1.17875,1.17845,1.17856,1122.8
2026-05-11 14:30:00+00:00,1.17854,1.17878,1.17808,1.17868,2228.45
2026-05-11 14:45:00+00:00,1.17867,1.17868,1.17789,1.17794,2223.68
2026-05-11 15:00:00+00:00,1.17793,1.17834,1.17786,1.17812,1494.35
2026-05-11 15:15:00+00:00,1.1781,1.17853,1.17794,1.17813,1280.58
2026-05-11 15:30:00+00:00,1.17812,1.17828,1.17789,1.17795,1557.08
2026-05-11 15:45:00+00:00,1.17795,1.17815,1.17767,1.17798,1552.95
2026-05-11 16:00:00+00:00,1.17799,1.17803,1.17776,1.17792,708.95
2026-05-11 16:15:00+00:00,1.17792,1.17795,1.17757,1.17758,607.5
2026-05-11 16:30:00+00:00,1.17758,1.17788,1.17722,1.17755,1094.9
2026-05-11 16:45:00+00:00,1.17752,1.17769,1.17723,1.17731,1088.9299999999998
2026-05-11 17:00:00+00:00,1.1773,1.17749,1.17709,1.17748,1009.35
2026-05-11 17:15:00+00:00,1.17749,1.17774,1.17744,1.17761,859.55
2026-05-11 17:30:00+00:00,1.1776,1.17785,1.17758,1.17768,401.4
2026-05-11 17:45:00+00:00,1.17772,1.17786,1.17767,1.1778,366.3
2026-05-11 18:00:00+00:00,1.17781,1.17801,1.17779,1.17789,413.55
2026-05-11 18:15:00+00:00,1.1779,1.17804,1.17776,1.17793,679.5
2026-05-11 18:30:00+00:00,1.17792,1.17799,1.17757,1.17757,410.4
2026-05-11 18:45:00+00:00,1.17758,1.17768,1.17744,1.1775,528.9300000000001
2026-05-11 19:00:00+00:00,1.17747,1.17769,1.17743,1.17749,645.3
2026-05-11 19:15:00+00:00,1.1775,1.17767,1.17748,1.17756,359.40999999999997
2026-05-11 19:30:00+00:00,1.17755,1.17774,1.17751,1.17763,476.73
2026-05-11 19:45:00+00:00,1.17762,1.17777,1.17744,1.17774,765.53
2026-05-11 20:00:00+00:00,1.17772,1.1779,1.17739,1.17784,661.05
2026-05-11 20:15:00+00:00,1.17786,1.1781,1.17783,1.17804,518.85
2026-05-11 20:30:00+00:00,1.17805,1.1783,1.17805,1.17812,256.95
2026-05-11 20:45:00+00:00,1.1781,1.17829,1.17805,1.17824,751.05
2026-05-11 21:00:00+00:00,1.17824,1.17825,1.17762,1.17813,259.35
2026-05-11 21:15:00+00:00,1.17812,1.17835,1.17781,1.17822,210.43
2026-05-11 21:30:00+00:00,1.17823,1.17823,1.17807,1.1781,129.69
2026-05-11 21:45:00+00:00,1.17814,1.17839,1.17802,1.17836,363.18
2026-05-11 22:00:00+00:00,1.17838,1.17871,1.17837,1.17868,298.23
2026-05-11 22:15:00+00:00,1.17869,1.17876,1.17866,1.17868,202.68
2026-05-11 22:30:00+00:00,1.17867,1.17872,1.17864,1.17865,182.7
2026-05-11 22:45:00+00:00,1.17865,1.17867,1.17848,1.1785,146.7
2026-05-11 23:00:00+00:00,1.17852,1.17852,1.17841,1.17842,150.12
2026-05-11 23:15:00+00:00,1.17842,1.17843,1.17806,1.17806,180.9
2026-05-11 23:30:00+00:00,1.17808,1.17815,1.17778,1.17787,216.2
2026-05-11 23:45:00+00:00,1.17787,1.17802,1.17772,1.17784,298.45
2026-05-12 00:00:00+00:00,1.17783,1.17783,1.17736,1.17758,1095.5
2026-05-12 00:15:00+00:00,1.17758,1.17771,1.17732,1.17748,870.78
2026-05-12 00:30:00+00:00,1.17748,1.1775,1.17717,1.17718,593.55
2026-05-12 00:45:00+00:00,1.17719,1.17734,1.17661,1.1767,1159.3
2026-05-12 01:00:00+00:00,1.17671,1.17689,1.17639,1.17646,1252.6399999999999
2026-05-12 01:15:00+00:00,1.17647,1.17657,1.17612,1.17618,1092.15
2026-05-12 01:30:00+00:00,1.17617,1.17663,1.17575,1.1761,1888.42
2026-05-12 01:45:00+00:00,1.17608,1.17636,1.17593,1.17615,1408.5
2026-05-12 02:00:00+00:00,1.17616,1.17631,1.17608,1.17616,772.25
2026-05-12 02:15:00+00:00,1.17619,1.17619,1.17598,1.17609,496.85
2026-05-12 02:30:00+00:00,1.17607,1.17613,1.17593,1.17604,450.38
2026-05-12 02:45:00+00:00,1.17604,1.17645,1.17604,1.17624,634.5
2026-05-12 03:00:00+00:00,1.17624,1.17629,1.17578,1.17588,634.28
2026-05-12 03:15:00+00:00,1.17589,1.17592,1.17563,1.17568,534.6
2026-05-12 03:30:00+00:00,1.17568,1.17581,1.17565,1.17579,438.35
2026-05-12 03:45:00+00:00,1.17578,1.17581,1.17546,1.17563,411.15
2026-05-12 04:00:00+00:00,1.17563,1.17577,1.17554,1.17555,451.8
2026-05-12 04:15:00+00:00,1.17554,1.17575,1.17554,1.17559,307.35
2026-05-12 04:30:00+00:00,1.17559,1.17595,1.17558,1.17593,475.2
2026-05-12 04:45:00+00:00,1.17593,1.17595,1.17565,1.17571,630.1
2026-05-12 05:00:00+00:00,1.17571,1.17582,1.17525,1.17538,766.5
2026-05-12 05:15:00+00:00,1.17537,1.1756,1.17522,1.17549,789.03
2026-05-12 05:30:00+00:00,1.17548,1.1756,1.17534,1.17557,680.17
2026-05-12 05:45:00+00:00,1.17559,1.17679,1.17555,1.17623,1429.75
2026-05-12 06:00:00+00:00,1.17624,1.17657,1.17565,1.17573,1928.01
2026-05-12 06:15:00+00:00,1.17576,1.17584,1.17519,1.1755,1393.24
2026-05-12 06:30:00+00:00,1.17551,1.1759,1.17534,1.17547,1333.9
2026-05-12 06:45:00+00:00,1.17548,1.17551,1.17497,1.17503,1420.72
2026-05-12 07:00:00+00:00,1.17502,1.17505,1.17441,1.17469,2341.6800000000003
2026-05-12 07:15:00+00:00,1.1747,1.17533,1.17467,1.17497,2072.7
2026-05-12 07:30:00+00:00,1.17496,1.17504,1.17464,1.17464,1304.83
2026-05-12 07:45:00+00:00,1.17463,1.17477,1.17434,1.17477,1446.0
2026-05-12 08:00:00+00:00,1.17478,1.17484,1.17424,1.17438,1368.34
2026-05-12 08:15:00+00:00,1.17439,1.17505,1.17435,1.1747,1370.35
2026-05-12 08:30:00+00:00,1.17469,1.17476,1.17394,1.17419,1569.96
2026-05-12 08:45:00+00:00,1.17421,1.17481,1.1742,1.17445,2165.1
2026-05-12 09:00:00+00:00,1.17446,1.17479,1.17437,1.17462,1564.42
2026-05-12 09:15:00+00:00,1.17459,1.17474,1.17438,1.17459,1070.13
2026-05-12 09:30:00+00:00,1.17459,1.17517,1.17453,1.17454,2463.61
2026-05-12 09:45:00+00:00,1.17455,1.17494,1.17443,1.17474,1387.37
2026-05-12 10:00:00+00:00,1.17474,1.17488,1.17453,1.17484,1387.43
2026-05-12 10:15:00+00:00,1.17484,1.17484,1.17453,1.17481,1496.7
2026-05-12 10:30:00+00:00,1.17483,1.17491,1.17444,1.17459,1657.35
2026-05-12 10:45:00+00:00,1.17459,1.17464,1.17404,1.17407,1168.75
2026-05-12 11:00:00+00:00,1.17408,1.17447,1.17348,1.17415,1682.2
2026-05-12 11:15:00+00:00,1.17417,1.1744,1.17403,1.17415,808.87
2026-05-12 11:30:00+00:00,1.17414,1.17475,1.17414,1.17463,779.85
2026-05-12 11:45:00+00:00,1.17463,1.17482,1.17417,1.17437,1176.25
2026-05-12 12:00:00+00:00,1.17437,1.17443,1.17378,1.17418,1485.0
2026-05-12 12:15:00+00:00,1.17417,1.17439,1.17389,1.17404,1562.4
2026-05-12 12:30:00+00:00,1.17404,1.17474,1.17357,1.17471,2892.56
2026-05-12 12:45:00+00:00,1.1747,1.17499,1.17435,1.17475,1916.6000000000001
2026-05-12 13:00:00+00:00,1.17475,1.175,1.17406,1.17406,1813.47
2026-05-12 13:15:00+00:00,1.17404,1.17407,1.17337,1.17395,2083.05
2026-05-12 13:30:00+00:00,1.17395,1.17422,1.17359,1.17369,2420.65
2026-05-12 13:45:00+00:00,1.17372,1.17391,1.17269,1.17299,2124.77
2026-05-12 14:00:00+00:00,1.17299,1.17355,1.17278,1.17351,2586.31
2026-05-12 14:15:00+00:00,1.1735,1.17359,1.17299,1.17331,1663.74
2026-05-12 14:30:00+00:00,1.17331,1.1735,1.17288,1.17328,1943.55
2026-05-12 14:45:00+00:00,1.17327,1.1736,1.17279,1.17359,2437.38
2026-05-12 15:00:00+00:00,1.1736,1.17365,1.17277,1.17278,2601.73
2026-05-12 15:15:00+00:00,1.17278,1.1729,1.17216,1.17239,2380.59
2026-05-12 15:30:00+00:00,1.17243,1.17321,1.17238,1.17313,1712.16
2026-05-12 15:45:00+00:00,1.17315,1.17336,1.17293,1.17324,1294.74
2026-05-12 16:00:00+00:00,1.17326,1.17374,1.17315,1.17371,1268.55
2026-05-12 16:15:00+00:00,1.17369,1.17385,1.17348,1.17358,966.1899999999999
2026-05-12 16:30:00+00:00,1.17358,1.17358,1.17313,1.17318,1008.5699999999999
2026-05-12 16:45:00+00:00,1.17318,1.17319,1.17277,1.17284,1225.29
2026-05-12 17:00:00+00:00,1.17285,1.17328,1.17272,1.17307,1087.43
2026-05-12 17:15:00+00:00,1.17307,1.17332,1.17298,1.17305,976.5
2026-05-12 17:30:00+00:00,1.17305,1.17324,1.17299,1.17318,1353.15
2026-05-12 17:45:00+00:00,1.17318,1.17336,1.17302,1.17331,705.51
2026-05-12 18:00:00+00:00,1.17332,1.17348,1.17288,1.1732,960.79
2026-05-12 18:15:00+00:00,1.17318,1.17371,1.17315,1.17358,802.53
2026-05-12 18:30:00+00:00,1.1736,1.17389,1.17359,1.17385,696.15
2026-05-12 18:45:00+00:00,1.17382,1.1741,1.17366,1.17404,750.15
2026-05-12 19:00:00+00:00,1.17406,1.17447,1.17399,1.17436,570.51
2026-05-12 19:15:00+00:00,1.17437,1.17443,1.17407,1.17422,555.75
2026-05-12 19:30:00+00:00,1.17423,1.17468,1.17423,1.17429,585.82
2026-05-12 19:45:00+00:00,1.17427,1.17435,1.17396,1.17402,750.86
2026-05-12 20:00:00+00:00,1.17403,1.17408,1.17382,1.17389,497.96999999999997
2026-05-12 20:15:00+00:00,1.1739,1.17396,1.17386,1.17387,168.3
2026-05-12 20:30:00+00:00,1.17387,1.17388,1.17377,1.1738,246.15
2026-05-12 20:45:00+00:00,1.17378,1.17408,1.17373,1.17373,765.0
2026-05-12 21:00:00+00:00,1.17374,1.17379,1.17328,1.1735,161.41
2026-05-12 21:15:00+00:00,1.17375,1.174,1.17347,1.1736,243.9
2026-05-12 21:30:00+00:00,1.1736,1.17376,1.1735,1.17363,131.85
2026-05-12 21:45:00+00:00,1.17366,1.174,1.17364,1.17375,476.73
2026-05-12 22:00:00+00:00,1.17377,1.17399,1.17372,1.17375,255.15
2026-05-12 22:15:00+00:00,1.1738,1.17394,1.1738,1.17388,139.95000000000002
2026-05-12 22:30:00+00:00,1.17389,1.17395,1.17387,1.1739,161.76
2026-05-12 22:45:00+00:00,1.17389,1.17399,1.17388,1.17391,114.7
2026-05-12 23:00:00+00:00,1.17393,1.17411,1.17386,1.17387,159.55
2026-05-12 23:15:00+00:00,1.17387,1.17389,1.17369,1.17385,110.47
2026-05-12 23:30:00+00:00,1.17385,1.1739,1.17368,1.17369,98.1
2026-05-12 23:45:00+00:00,1.1737,1.17379,1.17345,1.17349,225.45
2026-05-13 00:00:00+00:00,1.17348,1.17379,1.17328,1.17334,664.7
2026-05-13 00:15:00+00:00,1.17334,1.17373,1.17333,1.17353,697.27
2026-05-13 00:30:00+00:00,1.17353,1.17365,1.17335,1.17356,660.6
2026-05-13 00:45:00+00:00,1.17356,1.17386,1.17328,1.1738,989.37
2026-05-13 01:00:00+00:00,1.17381,1.17388,1.17338,1.17339,954.82
2026-05-13 01:15:00+00:00,1.17339,1.17385,1.17318,1.17371,1041.8
2026-05-13 01:30:00+00:00,1.1737,1.17392,1.17364,1.17379,660.6
2026-05-13 01:45:00+00:00,1.17379,1.17417,1.17376,1.17386,606.15
2026-05-13 02:00:00+00:00,1.17385,1.17416,1.17375,1.17376,560.25
2026-05-13 02:15:00+00:00,1.17376,1.17382,1.17369,1.17379,441.0
2026-05-13 02:30:00+00:00,1.17381,1.17381,1.17366,1.17367,241.65
2026-05-13 02:45:00+00:00,1.17367,1.17388,1.17362,1.1737,463.95
2026-05-13 03:00:00+00:00,1.17369,1.17375,1.17325,1.17342,621.27
2026-05-13 03:15:00+00:00,1.17347,1.17359,1.17337,1.17354,576.48
2026-05-13 03:30:00+00:00,1.17353,1.17376,1.17352,1.17358,375.75
2026-05-13 03:45:00+00:00,1.17358,1.17366,1.17342,1.17344,402.49
2026-05-13 04:00:00+00:00,1.17345,1.17351,1.1734,1.17343,230.4
2026-05-13 04:15:00+00:00,1.17345,1.17351,1.17334,1.17337,232.25
2026-05-13 04:30:00+00:00,1.17336,1.17342,1.1732,1.17335,297.9
2026-05-13 04:45:00+00:00,1.17334,1.17346,1.17333,1.17343,257.49
2026-05-13 05:00:00+00:00,1.17344,1.17364,1.1734,1.1735,387.48
2026-05-13 05:15:00+00:00,1.1735,1.17369,1.17341,1.17363,479.7
2026-05-13 05:30:00+00:00,1.17364,1.17368,1.17328,1.17333,445.7
2026-05-13 05:45:00+00:00,1.17334,1.17352,1.17325,1.17339,515.91
2026-05-13 06:00:00+00:00,1.1734,1.17342,1.17263,1.1727,1116.32
2026-05-13 06:15:00+00:00,1.17268,1.17289,1.17247,1.17266,719.41
2026-05-13 06:30:00+00:00,1.17266,1.17266,1.17222,1.17247,865.87
2026-05-13 06:45:00+00:00,1.17248,1.17249,1.1718,1.17199,1001.07
2026-05-13 07:00:00+00:00,1.172,1.17233,1.17172,1.17184,1370.85
2026-05-13 07:15:00+00:00,1.17186,1.17196,1.1717,1.17172,805.22
2026-05-13 07:30:00+00:00,1.17172,1.17175,1.17109,1.17125,1026.63
2026-05-13 07:45:00+00:00,1.17126,1.17147,1.17069,1.17069,1090.31
2026-05-13 08:00:00+00:00,1.17069,1.17095,1.17051,1.17084,1321.79
2026-05-13 08:15:00+00:00,1.17084,1.17116,1.17084,1.17107,779.54
2026-05-13 08:30:00+00:00,1.17106,1.17115,1.17054,1.17063,703.89
2026-05-13 08:45:00+00:00,1.17065,1.17066,1.17002,1.17028,1532.95
2026-05-13 09:00:00+00:00,1.17028,1.17042,1.16996,1.16998,1278.68
2026-05-13 09:15:00+00:00,1.16999,1.17011,1.16956,1.16956,1197.1
2026-05-13 09:30:00+00:00,1.16955,1.17012,1.16954,1.16996,927.35
2026-05-13 09:45:00+00:00,1.16996,1.17067,1.16995,1.17059,927.21
2026-05-13 10:00:00+00:00,1.17062,1.17066,1.17018,1.1705,1710.27
2026-05-13 10:15:00+00:00,1.17052,1.17072,1.1703,1.17052,1525.89
2026-05-13 10:30:00+00:00,1.17051,1.17099,1.17046,1.17092,946.8
2026-05-13 10:45:00+00:00,1.1709,1.17144,1.17081,1.17126,1190.21
2026-05-13 11:00:00+00:00,1.17128,1.17152,1.17113,1.1714,769.41
2026-05-13 11:15:00+00:00,1.17141,1.1715,1.17118,1.17134,617.31
2026-05-13 11:30:00+00:00,1.17133,1.17171,1.17129,1.17168,559.71
2026-05-13 11:45:00+00:00,1.17167,1.1717,1.17114,1.1712,734.58
2026-05-13 12:00:00+00:00,1.17121,1.1716,1.17119,1.17124,708.9300000000001
2026-05-13 12:15:00+00:00,1.17123,1.17123,1.17033,1.17033,1307.1399999999999
2026-05-13 12:30:00+00:00,1.17033,1.17107,1.1697,1.1705,2850.91
2026-05-13 12:45:00+00:00,1.17052,1.17056,1.16977,1.17016,1452.77
2026-05-13 13:00:00+00:00,1.17019,1.17055,1.17015,1.17039,1435.01
2026-05-13 13:15:00+00:00,1.17036,1.17047,1.17009,1.17033,1183.64
2026-05-13 13:30:00+00:00,1.17031,1.17091,1.17027,1.1709,2337.95
2026-05-13 13:45:00+00:00,1.17089,1.17122,1.17064,1.17102,1765.75
2026-05-13 14:00:00+00:00,1.17101,1.17125,1.17065,1.17103,2181.31
2026-05-13 14:15:00+00:00,1.17105,1.17111,1.17053,1.17102,1403.17
2026-05-13 14:30:00+00:00,1.17102,1.17114,1.17054,1.17057,1291.06
2026-05-13 14:45:00+00:00,1.17059,1.17101,1.17029,1.17077,1801.6
2026-05-13 15:00:00+00:00,1.17075,1.17117,1.17073,1.17086,1420.1
2026-05-13 15:15:00+00:00,1.17089,1.17132,1.17084,1.1711,992.1
2026-05-13 15:30:00+00:00,1.1711,1.17162,1.1709,1.17145,1362.8899999999999
2026-05-13 15:45:00+00:00,1.17144,1.17148,1.17105,1.17108,1006.87
2026-05-13 16:00:00+00:00,1.17107,1.1713,1.17101,1.1712,1094.39
2026-05-13 16:15:00+00:00,1.1712,1.17174,1.17095,1.17165,1389.95
2026-05-13 16:30:00+00:00,1.17165,1.17179,1.17108,1.1711,1076.19
2026-05-13 16:45:00+00:00,1.17111,1.1713,1.17079,1.17085,867.87
2026-05-13 17:00:00+00:00,1.17083,1.17106,1.1708,1.17095,673.86
2026-05-13 17:15:00+00:00,1.17094,1.17108,1.17092,1.17098,377.67
2026-05-13 17:30:00+00:00,1.171,1.171,1.17066,1.1707,454.14
2026-05-13 17:45:00+00:00,1.17071,1.1708,1.17039,1.17042,645.3
2026-05-13 18:00:00+00:00,1.17041,1.17076,1.17039,1.1706,880.65
2026-05-13 18:15:00+00:00,1.17058,1.17076,1.17055,1.17067,849.29
2026-05-13 18:30:00+00:00,1.17065,1.17092,1.17062,1.17085,650.37
2026-05-13 18:45:00+00:00,1.17086,1.17106,1.17042,1.17075,910.44
2026-05-13 19:00:00+00:00,1.17074,1.17103,1.17074,1.171,438.75
2026-05-13 19:15:00+00:00,1.17097,1.17111,1.17089,1.1711,570.06
2026-05-13 19:30:00+00:00,1.1711,1.17128,1.17099,1.17102,576.9
2026-05-13 19:45:00+00:00,1.17102,1.17114,1.17087,1.17095,687.26
2026-05-13 20:00:00+00:00,1.17095,1.17121,1.17088,1.17117,429.75
2026-05-13 20:15:00+00:00,1.17119,1.17131,1.17114,1.17122,206.37
2026-05-13 20:30:00+00:00,1.17123,1.17132,1.1711,1.1713,147.81
2026-05-13 20:45:00+00:00,1.17131,1.17139,1.17104,1.17104,507.69
2026-05-13 21:00:00+00:00,1.17103,1.1715,1.17059,1.1714,122.64
2026-05-13 21:15:00+00:00,1.1714,1.17153,1.17133,1.17136,175.32
2026-05-13 21:30:00+00:00,1.17136,1.17167,1.17132,1.1715,209.88
2026-05-13 21:45:00+00:00,1.17151,1.17151,1.1713,1.1713,216.0
2026-05-13 22:00:00+00:00,1.17131,1.17174,1.17127,1.17172,240.3
2026-05-13 22:15:00+00:00,1.17175,1.17181,1.17167,1.17176,199.8
2026-05-13 22:30:00+00:00,1.1718,1.17185,1.17174,1.17181,167.64
2026-05-13 22:45:00+00:00,1.1718,1.1718,1.17168,1.17173,159.96
2026-05-13 23:00:00+00:00,1.17175,1.17181,1.17165,1.17172,158.64
2026-05-13 23:15:00+00:00,1.1717,1.17177,1.17165,1.17167,100.71
2026-05-13 23:30:00+00:00,1.17165,1.17166,1.17153,1.17157,122.07000000000001
2026-05-13 23:45:00+00:00,1.17157,1.17163,1.17152,1.17157,185.01
2026-05-14 00:00:00+00:00,1.17155,1.17178,1.17141,1.17176,634.01
2026-05-14 00:15:00+00:00,1.17178,1.17185,1.1715,1.17163,486.09
2026-05-14 00:30:00+00:00,1.17167,1.17178,1.17155,1.17161,415.17
2026-05-14 00:45:00+00:00,1.1716,1.17174,1.17152,1.17171,506.1
2026-05-14 01:00:00+00:00,1.17168,1.17173,1.17142,1.17154,931.77
2026-05-14 01:15:00+00:00,1.17155,1.17165,1.17149,1.17159,583.38
2026-05-14 01:30:00+00:00,1.17158,1.17175,1.1715,1.17167,580.05
2026-05-14 01:45:00+00:00,1.17168,1.17173,1.17125,1.17137,757.1700000000001
2026-05-14 02:00:00+00:00,1.17136,1.17154,1.1713,1.17132,769.05
2026-05-14 02:15:00+00:00,1.17131,1.17142,1.17114,1.1714,571.5
2026-05-14 02:30:00+00:00,1.17139,1.17144,1.17131,1.17138,374.85
2026-05-14 02:45:00+00:00,1.17138,1.1714,1.17121,1.17121,973.4399999999999
2026-05-14 03:00:00+00:00,1.17122,1.1713,1.17096,1.17117,674.1
2026-05-14 03:15:00+00:00,1.17115,1.17145,1.17115,1.17144,403.78
2026-05-14 03:30:00+00:00,1.17145,1.1715,1.17136,1.17141,442.8
2026-05-14 03:45:00+00:00,1.17139,1.17149,1.1712,1.17123,355.48
2026-05-14 04:00:00+00:00,1.17123,1.17166,1.17115,1.17147,779.76
2026-05-14 04:15:00+00:00,1.17147,1.17161,1.17135,1.17151,542.0600000000001
2026-05-14 04:30:00+00:00,1.1715,1.17155,1.17144,1.17149,239.31
2026-05-14 04:45:00+00:00,1.17151,1.17172,1.17141,1.17144,329.76
2026-05-14 05:00:00+00:00,1.17144,1.17153,1.1712,1.1712,1088.55
2026-05-14 05:15:00+00:00,1.17122,1.17136,1.17121,1.17131,519.75
2026-05-14 05:30:00+00:00,1.17131,1.17135,1.17115,1.17126,504.3
2026-05-14 05:45:00+00:00,1.17126,1.17161,1.171,1.17101,1028.7
2026-05-14 06:00:00+00:00,1.17101,1.17123,1.17065,1.17076,917.29
2026-05-14 06:15:00+00:00,1.17077,1.17147,1.17072,1.17133,968.13
2026-05-14 06:30:00+00:00,1.17132,1.17156,1.17115,1.17147,601.29
2026-05-14 06:45:00+00:00,1.17148,1.17214,1.17147,1.17181,1457.17
2026-05-14 07:00:00+00:00,1.17181,1.17184,1.17128,1.17136,1589.78
2026-05-14 07:15:00+00:00,1.17135,1.17135,1.17089,1.17113,1353.36
2026-05-14 07:30:00+00:00,1.17113,1.17162,1.17111,1.17137,1032.84
2026-05-14 07:45:00+00:00,1.17137,1.17157,1.17058,1.17074,1148.38
2026-05-14 08:00:00+00:00,1.17073,1.17097,1.17047,1.17072,1345.77
2026-05-14 08:15:00+00:00,1.17075,1.17129,1.17073,1.17121,945.0899999999999
2026-05-14 08:30:00+00:00,1.17118,1.17138,1.17086,1.17095,1088.05
2026-05-14 08:45:00+00:00,1.17094,1.17119,1.17091,1.17109,946.39
2026-05-14 09:00:00+00:00,1.17109,1.17131,1.17091,1.1712,819.8000000000001
2026-05-14 09:15:00+00:00,1.1712,1.17126,1.17095,1.171,585.95
2026-05-14 09:30:00+00:00,1.17099,1.17106,1.17055,1.17086,1407.57
2026-05-14 09:45:00+00:00,1.17087,1.17115,1.17069,1.17072,743.98
2026-05-14 10:00:00+00:00,1.17072,1.17128,1.17065,1.1709,1278.46
2026-05-14 10:15:00+00:00,1.17093,1.17102,1.17071,1.17098,1160.88
2026-05-14 10:30:00+00:00,1.17099,1.17107,1.17047,1.17061,926.1
2026-05-14 10:45:00+00:00,1.17062,1.17102,1.1706,1.17086,1302.24
2026-05-14 11:00:00+00:00,1.17085,1.17089,1.17043,1.17075,1119.57
2026-05-14 11:15:00+00:00,1.17073,1.17074,1.17042,1.17046,977.8
2026-05-14 11:30:00+00:00,1.17046,1.17055,1.16995,1.17006,813.27
2026-05-14 11:45:00+00:00,1.17007,1.17039,1.16993,1.16996,805.86
2026-05-14 12:00:00+00:00,1.16995,1.17054,1.16994,1.17053,1586.52
2026-05-14 12:15:00+00:00,1.17051,1.17056,1.17027,1.1704,1210.72
2026-05-14 12:30:00+00:00,1.1704,1.17048,1.16961,1.16963,1175.94
2026-05-14 12:45:00+00:00,1.16962,1.17011,1.16962,1.16971,962.95
2026-05-14 13:00:00+00:00,1.1697,1.16988,1.16943,1.16972,1231.8700000000001
2026-05-14 13:15:00+00:00,1.1697,1.16973,1.16921,1.16948,942.81
2026-05-14 13:30:00+00:00,1.16946,1.16948,1.16855,1.16932,2243.2
2026-05-14 13:45:00+00:00,1.16933,1.16996,1.16882,1.16897,3710.61
2026-05-14 14:00:00+00:00,1.16894,1.16964,1.16861,1.16958,2508.91
2026-05-14 14:15:00+00:00,1.16959,1.17001,1.16927,1.16962,2287.7
2026-05-14 14:30:00+00:00,1.16962,1.16964,1.16933,1.16953,1445.1399999999999
2026-05-14 14:45:00+00:00,1.16954,1.16964,1.16785,1.16785,3828.83
2026-05-14 15:00:00+00:00,1.16785,1.16809,1.16729,1.16751,3048.5
2026-05-14 15:15:00+00:00,1.1675,1.1676,1.16716,1.16752,1615.63
2026-05-14 15:30:00+00:00,1.16751,1.16786,1.16744,1.16758,1608.52
2026-05-14 15:45:00+00:00,1.16758,1.16779,1.1675,1.16773,1131.98
2026-05-14 16:00:00+00:00,1.16772,1.16784,1.16736,1.16779,1883.51
2026-05-14 16:15:00+00:00,1.16779,1.16814,1.16724,1.16741,1957.65
2026-05-14 16:30:00+00:00,1.16741,1.16753,1.16707,1.16729,1526.8999999999999
2026-05-14 16:45:00+00:00,1.16729,1.16764,1.16727,1.16763,1188.43
2026-05-14 17:00:00+00:00,1.16764,1.16799,1.16758,1.16769,1378.57
2026-05-14 17:15:00+00:00,1.16768,1.16788,1.1676,1.16779,940.5
2026-05-14 17:30:00+00:00,1.16778,1.16804,1.16769,1.168,921.48
2026-05-14 17:45:00+00:00,1.16799,1.16807,1.16773,1.16779,656.55
2026-05-14 18:00:00+00:00,1.16778,1.1678,1.16748,1.1678,1169.64
2026-05-14 18:15:00+00:00,1.16779,1.16783,1.16758,1.16766,731.7
2026-05-14 18:30:00+00:00,1.16767,1.16773,1.16738,1.16751,739.17
2026-05-14 18:45:00+00:00,1.1675,1.16774,1.16742,1.16774,585.9
2026-05-14 19:00:00+00:00,1.16774,1.16789,1.16766,1.16769,476.1
2026-05-14 19:15:00+00:00,1.16769,1.1677,1.16737,1.16737,687.6700000000001
2026-05-14 19:30:00+00:00,1.16738,1.16748,1.16699,1.16703,970.2
2026-05-14 19:45:00+00:00,1.16701,1.16708,1.16686,1.16706,1035.0
2026-05-14 20:00:00+00:00,1.16706,1.1672,1.16678,1.16682,502.65
2026-05-14 20:15:00+00:00,1.16683,1.16697,1.16658,1.16668,322.78000000000003
2026-05-14 20:30:00+00:00,1.16667,1.16682,1.16661,1.16671,227.7
2026-05-14 20:45:00+00:00,1.16672,1.16694,1.16666,1.16675,428.71000000000004
2026-05-14 21:00:00+00:00,1.16673,1.16682,1.16657,1.1667,73.3
2026-05-14 21:15:00+00:00,1.1667,1.16708,1.16668,1.16707,228.6
2026-05-14 21:30:00+00:00,1.16708,1.16731,1.16687,1.16692,312.78
2026-05-14 21:45:00+00:00,1.16693,1.16705,1.16682,1.167,326.7
2026-05-14 22:00:00+00:00,1.167,1.1671,1.16688,1.1669,293.31
2026-05-14 22:15:00+00:00,1.16691,1.16704,1.16686,1.16698,136.8
2026-05-14 22:30:00+00:00,1.16695,1.16709,1.16693,1.16708,244.35000000000002
2026-05-14 22:45:00+00:00,1.16708,1.16709,1.16693,1.16695,169.01
2026-05-14 23:00:00+00:00,1.16697,1.16697,1.16628,1.16629,373.32
2026-05-14 23:15:00+00:00,1.16628,1.16641,1.16621,1.16639,378.05
2026-05-14 23:30:00+00:00,1.1664,1.16642,1.16621,1.1664,179.55
2026-05-14 23:45:00+00:00,1.16638,1.16649,1.16613,1.16615,407.75
2026-05-15 00:00:00+00:00,1.16616,1.16626,1.1657,1.16598,999.9200000000001
2026-05-15 00:15:00+00:00,1.16598,1.16634,1.16587,1.16587,602.1
2026-05-15 00:30:00+00:00,1.16588,1.16591,1.16525,1.16543,862.66
2026-05-15 00:45:00+00:00,1.16544,1.16564,1.16521,1.16553,967.23
2026-05-15 01:00:00+00:00,1.16552,1.16564,1.16536,1.16552,940.04
2026-05-15 01:15:00+00:00,1.16551,1.16552,1.1649,1.16493,1296.41
2026-05-15 01:30:00+00:00,1.16494,1.1652,1.16458,1.16506,1485.44
2026-05-15 01:45:00+00:00,1.16505,1.1651,1.16465,1.16467,924.75
2026-05-15 02:00:00+00:00,1.16468,1.16485,1.16455,1.1648,847.85
2026-05-15 02:15:00+00:00,1.16479,1.16535,1.16474,1.16509,653.31
2026-05-15 02:30:00+00:00,1.16509,1.16537,1.16502,1.16535,493.08
2026-05-15 02:45:00+00:00,1.16534,1.16575,1.16529,1.16534,790.2
2026-05-15 03:00:00+00:00,1.16534,1.16549,1.16516,1.16518,424.0
2026-05-15 03:15:00+00:00,1.16517,1.16525,1.16504,1.16524,281.79
2026-05-15 03:30:00+00:00,1.16525,1.16536,1.16498,1.16523,432.0
2026-05-15 03:45:00+00:00,1.16521,1.16526,1.16514,1.1652,391.5
2026-05-15 04:00:00+00:00,1.16518,1.16525,1.16505,1.16525,323.6
2026-05-15 04:15:00+00:00,1.16524,1.16525,1.16512,1.16515,196.65
2026-05-15 04:30:00+00:00,1.16516,1.16518,1.1649,1.16493,350.55
2026-05-15 04:45:00+00:00,1.16492,1.16494,1.16463,1.16472,490.59000000000003
2026-05-15 05:00:00+00:00,1.16473,1.16473,1.16428,1.16451,1414.42
2026-05-15 05:15:00+00:00,1.16451,1.16479,1.16433,1.16472,755.04
2026-05-15 05:30:00+00:00,1.16472,1.16475,1.1644,1.1644,838.4
2026-05-15 05:45:00+00:00,1.16441,1.16441,1.16326,1.16326,2077.77
2026-05-15 06:00:00+00:00,1.16325,1.16434,1.16323,1.16409,1966.21
2026-05-15 06:15:00+00:00,1.1641,1.1643,1.16376,1.16382,1323.89
2026-05-15 06:30:00+00:00,1.16383,1.16432,1.16369,1.16391,1248.31
2026-05-15 06:45:00+00:00,1.16392,1.1642,1.16327,1.16348,1195.37
2026-05-15 07:00:00+00:00,1.16348,1.16459,1.16318,1.16433,1948.82
2026-05-15 07:15:00+00:00,1.16432,1.16489,1.16416,1.16425,1485.1499999999999
2026-05-15 07:30:00+00:00,1.16425,1.1643,1.16386,1.16403,982.74
2026-05-15 07:45:00+00:00,1.16402,1.16409,1.16358,1.16365,1071.22
2026-05-15 08:00:00+00:00,1.16365,1.16382,1.16328,1.16344,1350.47
2026-05-15 08:15:00+00:00,1.16344,1.16349,1.16309,1.16326,1258.78
2026-05-15 08:30:00+00:00,1.16326,1.16359,1.16308,1.16359,1193.31
2026-05-15 08:45:00+00:00,1.1636,1.16364,1.16303,1.16329,1030.97
2026-05-15 09:00:00+00:00,1.1633,1.16334,1.16197,1.162,1764.14
2026-05-15 09:15:00+00:00,1.162,1.16265,1.1617,1.16249,1953.0
2026-05-15 09:30:00+00:00,1.16248,1.16264,1.16222,1.16232,1099.52
2026-05-15 09:45:00+00:00,1.16233,1.16288,1.1622,1.16279,1756.66
2026-05-15 10:00:00+00:00,1.16281,1.16358,1.16272,1.16351,1261.26
2026-05-15 10:15:00+00:00,1.1635,1.16406,1.1633,1.16373,1273.67
2026-05-15 10:30:00+00:00,1.16373,1.1645,1.16362,1.16447,1533.69
2026-05-15 10:45:00+00:00,1.16446,1.16554,1.16439,1.1649,2839.74
2026-05-15 11:00:00+00:00,1.1649,1.165,1.16406,1.16459,1593.77
2026-05-15 11:15:00+00:00,1.16459,1.16469,1.16395,1.16398,830.3100000000001
2026-05-15 11:30:00+00:00,1.16398,1.16402,1.16328,1.16328,1345.65
2026-05-15 11:45:00+00:00,1.16329,1.16343,1.16291,1.16316,1273.18
2026-05-15 12:00:00+00:00,1.16314,1.1632,1.16261,1.16273,1396.6399999999999
2026-05-15 12:15:00+00:00,1.16272,1.1631,1.16263,1.16294,1294.09
2026-05-15 12:30:00+00:00,1.16293,1.16295,1.16201,1.16204,1606.99
2026-05-15 12:45:00+00:00,1.16204,1.1629,1.16188,1.16262,1613.55
2026-05-15 13:00:00+00:00,1.16264,1.16295,1.1623,1.16285,1487.02
2026-05-15 13:15:00+00:00,1.16285,1.16321,1.16259,1.1629,1567.87
2026-05-15 13:30:00+00:00,1.16291,1.163,1.16233,1.16235,2362.14
2026-05-15 13:45:00+00:00,1.16233,1.16257,1.16188,1.16233,2433.93
2026-05-15 14:00:00+00:00,1.16234,1.163,1.16212,1.16264,2304.41
2026-05-15 14:15:00+00:00,1.16264,1.16378,1.16264,1.16324,2504.37
2026-05-15 14:30:00+00:00,1.16321,1.16337,1.16268,1.16271,1861.76
2026-05-15 14:45:00+00:00,1.16269,1.16307,1.16233,1.16294,2067.12
2026-05-15 15:00:00+00:00,1.16294,1.16308,1.16245,1.16283,2167.16
2026-05-15 15:15:00+00:00,1.16283,1.16296,1.16204,1.16231,1700.77
2026-05-15 15:30:00+00:00,1.16232,1.1626,1.16219,1.16232,1610.04
2026-05-15 15:45:00+00:00,1.16232,1.16263,1.16207,1.16262,1505.15
2026-05-15 16:00:00+00:00,1.16263,1.16271,1.1623,1.16243,1820.55
2026-05-15 16:15:00+00:00,1.16245,1.16277,1.16238,1.16276,1207.65
2026-05-15 16:30:00+00:00,1.16275,1.16312,1.16267,1.1631,1834.33
2026-05-15 16:45:00+00:00,1.1631,1.16313,1.16269,1.163,981.45
2026-05-15 17:00:00+00:00,1.16298,1.16338,1.16286,1.16338,1108.76
2026-05-15 17:15:00+00:00,1.16339,1.16355,1.16319,1.16325,894.6
2026-05-15 17:30:00+00:00,1.16322,1.16334,1.16283,1.16284,853.01
2026-05-15 17:45:00+00:00,1.16285,1.16301,1.16265,1.16267,770.6899999999999
2026-05-15 18:00:00+00:00,1.16267,1.16271,1.16232,1.16249,962.55
2026-05-15 18:15:00+00:00,1.16247,1.16249,1.16208,1.16216,1370.5
2026-05-15 18:30:00+00:00,1.16216,1.16217,1.16168,1.16202,1338.6
2026-05-15 18:45:00+00:00,1.16201,1.16238,1.16194,1.16218,1173.65
2026-05-15 19:00:00+00:00,1.16221,1.16225,1.16199,1.162,639.45
2026-05-15 19:15:00+00:00,1.162,1.16221,1.16194,1.16213,577.35
2026-05-15 19:30:00+00:00,1.16212,1.16231,1.16191,1.16194,811.8
2026-05-15 19:45:00+00:00,1.16195,1.16225,1.16191,1.16212,1095.35
2026-05-15 20:00:00+00:00,1.16214,1.16224,1.16191,1.16214,652.05
2026-05-15 20:15:00+00:00,1.16215,1.16223,1.16204,1.16206,337.62
2026-05-15 20:30:00+00:00,1.16207,1.16247,1.16207,1.16246,372.75
2026-05-15 20:45:00+00:00,1.16249,1.16256,1.16226,1.16234,661.35
2026-05-17 21:00:00+00:00,1.16179,1.16204,1.16157,1.16192,80.49
2026-05-17 21:15:00+00:00,1.16192,1.16215,1.16181,1.16181,31.38
2026-05-17 21:30:00+00:00,1.16181,1.1619,1.16175,1.16187,162.45
2026-05-17 21:45:00+00:00,1.16189,1.16226,1.16176,1.16204,292.74
2026-05-17 22:00:00+00:00,1.16204,1.16236,1.16204,1.1622,980.74
2026-05-17 22:15:00+00:00,1.16222,1.16234,1.16205,1.16205,471.18
2026-05-17 22:30:00+00:00,1.16205,1.16234,1.16203,1.16233,337.57
2026-05-17 22:45:00+00:00,1.16234,1.16235,1.16223,1.16229,105.3
2026-05-17 23:00:00+00:00,1.16229,1.16234,1.162,1.16209,452.58
2026-05-17 23:15:00+00:00,1.16209,1.16217,1.16191,1.16195,266.71999999999997
2026-05-17 23:30:00+00:00,1.16196,1.16196,1.16117,1.16145,703.4200000000001
2026-05-17 23:45:00+00:00,1.16143,1.16148,1.16121,1.16134,1049.24
2026-05-18 00:00:00+00:00,1.16137,1.1621,1.16133,1.16154,1897.46
2026-05-18 00:15:00+00:00,1.16154,1.16175,1.16139,1.1615,1400.5
2026-05-18 00:30:00+00:00,1.16148,1.16159,1.16102,1.16106,1161.97
2026-05-18 00:45:00+00:00,1.16104,1.16127,1.16082,1.16116,1287.66
2026-05-18 01:00:00+00:00,1.16114,1.16135,1.16083,1.16111,1514.39
2026-05-18 01:15:00+00:00,1.16113,1.16138,1.16098,1.16129,1600.45
2026-05-18 01:30:00+00:00,1.16129,1.16165,1.16123,1.16144,1267.52
2026-05-18 01:45:00+00:00,1.16145,1.16187,1.16123,1.16173,1177.49
2026-05-18 02:00:00+00:00,1.16172,1.16173,1.16129,1.16164,886.31
2026-05-18 02:15:00+00:00,1.16164,1.16183,1.16158,1.16176,509.92
2026-05-18 02:30:00+00:00,1.16175,1.16195,1.16157,1.16165,532.35
2026-05-18 02:45:00+00:00,1.16164,1.16174,1.16138,1.16155,549.09
2026-05-18 03:00:00+00:00,1.16154,1.16175,1.16153,1.16174,656.34
2026-05-18 03:15:00+00:00,1.16173,1.16205,1.16167,1.16201,599.0699999999999
2026-05-18 03:30:00+00:00,1.16201,1.16214,1.16178,1.16214,560.3
2026-05-18 03:45:00+00:00,1.16215,1.16224,1.16203,1.16218,487.8
2026-05-18 04:00:00+00:00,1.16216,1.16261,1.16215,1.16254,543.9399999999999
2026-05-18 04:15:00+00:00,1.16254,1.16259,1.16207,1.16211,549.05
2026-05-18 04:30:00+00:00,1.16212,1.16232,1.16207,1.16221,429.18
2026-05-18 04:45:00+00:00,1.16218,1.16227,1.1619,1.16207,465.94
2026-05-18 05:00:00+00:00,1.16206,1.16218,1.16182,1.16184,730.44
2026-05-18 05:15:00+00:00,1.16184,1.16209,1.16167,1.162,684.88
2026-05-18 05:30:00+00:00,1.16202,1.1622,1.16185,1.162,603.49
2026-05-18 05:45:00+00:00,1.162,1.1623,1.16196,1.16229,677.84
2026-05-18 06:00:00+00:00,1.16228,1.1628,1.16218,1.1628,1096.2
2026-05-18 06:15:00+00:00,1.1628,1.16335,1.16279,1.16306,843.45
2026-05-18 06:30:00+00:00,1.16305,1.16361,1.16298,1.1635,950.38
2026-05-18 06:45:00+00:00,1.16348,1.16365,1.16339,1.16358,1262.83
2026-05-18 07:00:00+00:00,1.16357,1.16366,1.16314,1.16328,1187.83
2026-05-18 07:15:00+00:00,1.16327,1.16395,1.16316,1.16369,1246.7
2026-05-18 07:30:00+00:00,1.16367,1.16401,1.16353,1.16358,1155.55
2026-05-18 07:45:00+00:00,1.16357,1.16366,1.16313,1.16317,1260.52
2026-05-18 08:00:00+00:00,1.16318,1.16336,1.1629,1.16333,1108.6200000000001
2026-05-18 08:15:00+00:00,1.16334,1.16377,1.16332,1.16377,890.19
2026-05-18 08:30:00+00:00,1.16377,1.16452,1.1637,1.16378,1190.71
2026-05-18 08:45:00+00:00,1.1638,1.16452,1.16377,1.16414,1070.91
2026-05-18 09:00:00+00:00,1.16413,1.16426,1.16374,1.16384,1170.79
2026-05-18 09:15:00+00:00,1.16382,1.16398,1.16373,1.16395,555.85
2026-05-18 09:30:00+00:00,1.16394,1.16411,1.16375,1.16386,648.95
2026-05-18 09:45:00+00:00,1.16385,1.16391,1.16351,1.16351,559.9
2026-05-18 10:00:00+00:00,1.16349,1.16367,1.1632,1.16353,652.88
2026-05-18 10:15:00+00:00,1.16353,1.16363,1.16336,1.1636,672.33
2026-05-18 10:30:00+00:00,1.16361,1.16364,1.1632,1.16341,639.45
2026-05-18 10:45:00+00:00,1.16341,1.16344,1.16261,1.16269,833.4200000000001
2026-05-18 11:00:00+00:00,1.16267,1.16307,1.16264,1.16296,1187.1200000000001
2026-05-18 11:15:00+00:00,1.16296,1.16334,1.16281,1.16307,615.1800000000001
2026-05-18 11:30:00+00:00,1.16305,1.16495,1.16303,1.1649,3259.35
2026-05-18 11:45:00+00:00,1.16491,1.16493,1.16386,1.16416,2338.98
2026-05-18 12:00:00+00:00,1.16418,1.16491,1.16408,1.16474,1374.69
2026-05-18 12:15:00+00:00,1.16474,1.16474,1.16427,1.16464,1517.6399999999999
2026-05-18 12:30:00+00:00,1.16463,1.16545,1.16457,1.16534,3001.54
2026-05-18 12:45:00+00:00,1.16534,1.16572,1.16488,1.16512,2282.33
2026-05-18 13:00:00+00:00,1.16513,1.16538,1.16466,1.16502,2127.53
2026-05-18 13:15:00+00:00,1.16501,1.16501,1.16453,1.16497,1419.47
2026-05-18 13:30:00+00:00,1.16498,1.16504,1.16437,1.16465,2260.92
2026-05-18 13:45:00+00:00,1.16466,1.1656,1.16462,1.16511,2729.0499999999997
2026-05-18 14:00:00+00:00,1.16513,1.16531,1.16428,1.16453,2690.25
2026-05-18 14:15:00+00:00,1.16451,1.16472,1.16419,1.16455,2284.72
2026-05-18 14:30:00+00:00,1.16455,1.16474,1.16413,1.16427,2194.1
2026-05-18 14:45:00+00:00,1.16427,1.16469,1.16419,1.16419,1653.78
2026-05-18 15:00:00+00:00,1.16418,1.16423,1.16332,1.16394,2917.22
2026-05-18 15:15:00+00:00,1.16394,1.16425,1.16367,1.16405,2267.94
2026-05-18 15:30:00+00:00,1.16403,1.16491,1.16389,1.16474,1957.8600000000001
2026-05-18 15:45:00+00:00,1.16475,1.16529,1.16452,1.16485,2092.24
2026-05-18 16:00:00+00:00,1.16484,1.16541,1.16439,1.1654,1779.67
2026-05-18 16:15:00+00:00,1.1654,1.16561,1.16486,1.16496,2206.12
2026-05-18 16:30:00+00:00,1.16495,1.1654,1.16481,1.16504,1513.48
2026-05-18 16:45:00+00:00,1.16507,1.16543,1.16504,1.16513,1115.87
2026-05-18 17:00:00+00:00,1.16512,1.16531,1.16497,1.16498,1194.38
2026-05-18 17:15:00+00:00,1.16497,1.16534,1.16493,1.16514,727.65
2026-05-18 17:30:00+00:00,1.16514,1.16533,1.16498,1.16516,903.73
2026-05-18 17:45:00+00:00,1.16518,1.16521,1.16481,1.16481,602.1
2026-05-18 18:00:00+00:00,1.16483,1.16488,1.16451,1.16456,995.85
2026-05-18 18:15:00+00:00,1.16456,1.16456,1.16366,1.16389,1384.05
2026-05-18 18:30:00+00:00,1.1639,1.16398,1.16356,1.16373,1433.7
2026-05-18 18:45:00+00:00,1.16371,1.16372,1.16287,1.16292,1280.85
2026-05-18 19:00:00+00:00,1.16294,1.16562,1.16291,1.16459,3830.48
2026-05-18 19:15:00+00:00,1.16459,1.1651,1.16444,1.16474,1704.61
2026-05-18 19:30:00+00:00,1.16475,1.16526,1.16471,1.16517,1288.3
2026-05-18 19:45:00+00:00,1.16516,1.16554,1.16507,1.16509,1541.42
2026-05-18 20:00:00+00:00,1.16512,1.16574,1.16512,1.16572,872.55
2026-05-18 20:15:00+00:00,1.16576,1.16608,1.16574,1.16591,731.05
2026-05-18 20:30:00+00:00,1.16593,1.16593,1.16545,1.16576,482.4
2026-05-18 20:45:00+00:00,1.16574,1.16575,1.16544,1.16551,537.3
2026-05-18 21:00:00+00:00,1.16555,1.16555,1.16474,1.16493,139.82
2026-05-18 21:15:00+00:00,1.16487,1.16512,1.16485,1.16488,216.27
2026-05-18 21:30:00+00:00,1.16499,1.16569,1.16499,1.16557,765.89
2026-05-18 21:45:00+00:00,1.16557,1.16607,1.16557,1.16587,260.53
2026-05-18 22:00:00+00:00,1.16588,1.16616,1.16581,1.16594,429.81
2026-05-18 22:15:00+00:00,1.16595,1.166,1.16585,1.16589,163.8
2026-05-18 22:30:00+00:00,1.16589,1.16602,1.16581,1.16585,387.45
2026-05-18 22:45:00+00:00,1.16587,1.16589,1.16576,1.16577,188.1
2026-05-18 23:00:00+00:00,1.16576,1.16585,1.16564,1.16566,298.35
2026-05-18 23:15:00+00:00,1.16567,1.16581,1.1656,1.16579,183.15
2026-05-18 23:30:00+00:00,1.16579,1.16582,1.16554,1.16574,399.93
2026-05-18 23:45:00+00:00,1.16572,1.16573,1.16545,1.16547,252.9
2026-05-19 00:00:00+00:00,1.16547,1.16558,1.16495,1.16507,1206.82
2026-05-19 00:15:00+00:00,1.16507,1.1654,1.16489,1.16504,974.7
2026-05-19 00:30:00+00:00,1.16505,1.16508,1.1645,1.16457,668.83
2026-05-19 00:45:00+00:00,1.16456,1.16464,1.16436,1.16444,501.41
2026-05-19 01:00:00+00:00,1.16443,1.16459,1.16429,1.16448,927.25
2026-05-19 01:15:00+00:00,1.16448,1.1647,1.16438,1.16461,924.8
2026-05-19 01:30:00+00:00,1.16461,1.16527,1.16442,1.16521,1195.65
2026-05-19 01:45:00+00:00,1.16521,1.16521,1.16462,1.16463,864.9
2026-05-19 02:00:00+00:00,1.16461,1.16461,1.16407,1.16431,938.93
2026-05-19 02:15:00+00:00,1.1643,1.1647,1.16419,1.16449,758.7
2026-05-19 02:30:00+00:00,1.16449,1.16467,1.16434,1.16445,811.35
2026-05-19 02:45:00+00:00,1.16445,1.16456,1.16415,1.16431,650.73
2026-05-19 03:00:00+00:00,1.1643,1.16435,1.16405,1.16427,669.83
2026-05-19 03:15:00+00:00,1.16426,1.16455,1.16421,1.16446,433.59000000000003
2026-05-19 03:30:00+00:00,1.16447,1.16451,1.16435,1.16435,321.75
2026-05-19 03:45:00+00:00,1.16436,1.16436,1.16408,1.16409,618.8
2026-05-19 04:00:00+00:00,1.16411,1.16429,1.16403,1.16421,592.46
2026-05-19 04:15:00+00:00,1.1642,1.16431,1.16404,1.16409,377.15
2026-05-19 04:30:00+00:00,1.1641,1.16423,1.16374,1.16374,457.69
2026-05-19 04:45:00+00:00,1.16377,1.16382,1.16351,1.16364,517.19
2026-05-19 05:00:00+00:00,1.16365,1.16394,1.16352,1.16384,770.9399999999999
2026-05-19 05:15:00+00:00,1.16386,1.16388,1.16334,1.16352,966.9
2026-05-19 05:30:00+00:00,1.16354,1.16393,1.16342,1.16384,829.52
2026-05-19 05:45:00+00:00,1.16382,1.1643,1.16378,1.16418,935.27
2026-05-19 06:00:00+00:00,1.16419,1.16425,1.16378,1.16403,1574.19
2026-05-19 06:15:00+00:00,1.16402,1.16457,1.16399,1.16429,868.55
2026-05-19 06:30:00+00:00,1.16429,1.1643,1.16384,1.16422,1057.68
2026-05-19 06:45:00+00:00,1.16421,1.16424,1.16358,1.16365,1147.49
2026-05-19 07:00:00+00:00,1.16364,1.16365,1.16304,1.16343,1761.62
2026-05-19 07:15:00+00:00,1.16342,1.16346,1.16299,1.16316,830.25
2026-05-19 07:30:00+00:00,1.16315,1.16336,1.16304,1.16311,914.44
2026-05-19 07:45:00+00:00,1.16312,1.16375,1.1631,1.16347,1215.05
2026-05-19 08:00:00+00:00,1.16348,1.16359,1.1626,1.16279,1507.28
2026-05-19 08:15:00+00:00,1.1628,1.16322,1.16272,1.163,1455.53
2026-05-19 08:30:00+00:00,1.16301,1.16337,1.16259,1.16273,1167.58
2026-05-19 08:45:00+00:00,1.16272,1.16282,1.1622,1.16232,1078.49
2026-05-19 09:00:00+00:00,1.16231,1.16233,1.16163,1.16173,1380.9
2026-05-19 09:15:00+00:00,1.16172,1.16194,1.16148,1.16175,1144.31
2026-05-19 09:30:00+00:00,1.16177,1.16195,1.16147,1.16179,1161.34
2026-05-19 09:45:00+00:00,1.16179,1.16205,1.16163,1.16194,998.5
2026-05-19 10:00:00+00:00,1.16191,1.16259,1.16184,1.16253,927.3
2026-05-19 10:15:00+00:00,1.16253,1.16266,1.1623,1.16247,750.94
2026-05-19 10:30:00+00:00,1.16249,1.16253,1.16109,1.16124,2223.88
2026-05-19 10:45:00+00:00,1.16125,1.16233,1.16122,1.1622,1683.54
2026-05-19 11:00:00+00:00,1.16221,1.16223,1.1618,1.16182,1167.03
2026-05-19 11:15:00+00:00,1.16182,1.16202,1.16167,1.16188,978.9
2026-05-19 11:30:00+00:00,1.16188,1.16223,1.16188,1.16215,851.1899999999999
2026-05-19 11:45:00+00:00,1.16215,1.16222,1.16162,1.16166,915.69
2026-05-19 12:00:00+00:00,1.16162,1.16228,1.16151,1.16219,1529.52
2026-05-19 12:15:00+00:00,1.16217,1.16238,1.16201,1.16223,897.33
2026-05-19 12:30:00+00:00,1.16221,1.16236,1.16168,1.16181,2059.94
2026-05-19 12:45:00+00:00,1.16182,1.16216,1.16158,1.16165,1440.7
2026-05-19 13:00:00+00:00,1.16165,1.16178,1.16115,1.16146,2326.2200000000003
2026-05-19 13:15:00+00:00,1.16147,1.16152,1.16042,1.16055,2228.35
2026-05-19 13:30:00+00:00,1.16059,1.16097,1.16014,1.16091,2861.74
2026-05-19 13:45:00+00:00,1.16092,1.16154,1.16079,1.16134,3129.15
2026-05-19 14:00:00+00:00,1.16135,1.16168,1.1605,1.16051,3425.37
2026-05-19 14:15:00+00:00,1.16051,1.16064,1.15947,1.16006,3062.73
2026-05-19 14:30:00+00:00,1.16007,1.16013,1.15948,1.15962,2815.87
2026-05-19 14:45:00+00:00,1.15961,1.16008,1.15953,1.15955,2706.69
2026-05-19 15:00:00+00:00,1.15956,1.1598,1.15919,1.15948,2310.39
2026-05-19 15:15:00+00:00,1.1595,1.15981,1.15932,1.15958,2091.67
2026-05-19 15:30:00+00:00,1.15958,1.16029,1.15945,1.15998,1917.44
2026-05-19 15:45:00+00:00,1.15998,1.16027,1.15993,1.16018,1407.44
2026-05-19 16:00:00+00:00,1.16018,1.16025,1.15956,1.15989,1954.4099999999999
2026-05-19 16:15:00+00:00,1.15988,1.16058,1.15974,1.16051,1402.57
2026-05-19 16:30:00+00:00,1.16049,1.16093,1.16038,1.16084,1597.32
2026-05-19 16:45:00+00:00,1.16084,1.16088,1.16055,1.16069,937.3
2026-05-19 17:00:00+00:00,1.1607,1.16122,1.16066,1.16115,971.84
2026-05-19 17:15:00+00:00,1.16116,1.16119,1.16085,1.16093,836.1
2026-05-19 17:30:00+00:00,1.16092,1.16105,1.16072,1.16102,896.24
2026-05-19 17:45:00+00:00,1.16102,1.16115,1.16081,1.16106,984.85
2026-05-19 18:00:00+00:00,1.16106,1.16147,1.16104,1.16123,704.5699999999999
2026-05-19 18:15:00+00:00,1.16122,1.16127,1.16082,1.16084,1028.22
2026-05-19 18:30:00+00:00,1.16084,1.16096,1.16064,1.16092,1341.74
2026-05-19 18:45:00+00:00,1.16091,1.16091,1.16026,1.16032,1670.22
2026-05-19 19:00:00+00:00,1.16032,1.16066,1.16026,1.16053,1116.92
2026-05-19 19:15:00+00:00,1.16055,1.16062,1.16025,1.16046,800.55
2026-05-19 19:30:00+00:00,1.16045,1.16079,1.16037,1.16077,693.45
2026-05-19 19:45:00+00:00,1.16076,1.16078,1.16043,1.16062,527.24
2026-05-19 20:00:00+00:00,1.16062,1.16066,1.16033,1.16043,259.79
2026-05-19 20:15:00+00:00,1.16042,1.16049,1.16033,1.16047,165.44
2026-05-19 20:30:00+00:00,1.16048,1.16069,1.16048,1.16052,178.15
2026-05-19 20:45:00+00:00,1.16052,1.16066,1.16041,1.16041,803.12
2026-05-19 21:00:00+00:00,1.1603,1.16035,1.15952,1.16022,155.94
2026-05-19 21:15:00+00:00,1.16024,1.16073,1.16021,1.1607,255.46
2026-05-19 21:30:00+00:00,1.1607,1.16083,1.16065,1.16065,359.68
2026-05-19 21:45:00+00:00,1.16066,1.16077,1.16059,1.16068,83.55
2026-05-19 22:00:00+00:00,1.16069,1.16072,1.16054,1.16064,372.08
2026-05-19 22:15:00+00:00,1.16063,1.16081,1.16063,1.16079,97.75
2026-05-19 22:30:00+00:00,1.1608,1.16087,1.16066,1.16067,222.48000000000002
2026-05-19 22:45:00+00:00,1.16069,1.16088,1.16066,1.16085,199.8
2026-05-19 23:00:00+00:00,1.16084,1.16091,1.16074,1.16091,175.14
2026-05-19 23:15:00+00:00,1.1609,1.16105,1.16089,1.16101,88.2
2026-05-19 23:30:00+00:00,1.16102,1.16128,1.16098,1.16113,386.7
2026-05-19 23:45:00+00:00,1.16111,1.16113,1.16061,1.16067,415.32
2026-05-20 00:00:00+00:00,1.16067,1.16069,1.1603,1.16048,1703.85
2026-05-20 00:15:00+00:00,1.16048,1.16102,1.16038,1.16084,1384.96
2026-05-20 00:30:00+00:00,1.16086,1.16105,1.16035,1.16044,789.93
2026-05-20 00:45:00+00:00,1.16044,1.16059,1.16007,1.16012,1016.86
2026-05-20 01:00:00+00:00,1.16011,1.16023,1.1598,1.15987,1566.45
2026-05-20 01:15:00+00:00,1.15986,1.16004,1.15951,1.15957,1124.28
2026-05-20 01:30:00+00:00,1.15958,1.15975,1.15934,1.15954,1440.84
2026-05-20 01:45:00+00:00,1.15955,1.16026,1.15943,1.15971,1554.25
2026-05-20 02:00:00+00:00,1.15973,1.16003,1.15968,1.16001,651.71
2026-05-20 02:15:00+00:00,1.16001,1.16028,1.15982,1.1599,1122.52
2026-05-20 02:30:00+00:00,1.15991,1.15992,1.15943,1.15976,1292.87
2026-05-20 02:45:00+00:00,1.15973,1.15993,1.15967,1.15977,761.3100000000001
2026-05-20 03:00:00+00:00,1.15977,1.15983,1.15952,1.15973,762.12
2026-05-20 03:15:00+00:00,1.15975,1.16028,1.1597,1.16021,554.71
2026-05-20 03:30:00+00:00,1.16023,1.16053,1.16011,1.16048,764.55
2026-05-20 03:45:00+00:00,1.16047,1.16054,1.16017,1.1602,520.95
2026-05-20 04:00:00+00:00,1.16022,1.16067,1.16022,1.1605,668.51
2026-05-20 04:15:00+00:00,1.16047,1.16047,1.1602,1.16029,424.75
2026-05-20 04:30:00+00:00,1.16028,1.16029,1.15969,1.15985,677.74
2026-05-20 04:45:00+00:00,1.15983,1.15995,1.1597,1.1597,698.48
2026-05-20 05:00:00+00:00,1.1597,1.16014,1.15969,1.15985,734.62
2026-05-20 05:15:00+00:00,1.15986,1.16007,1.15946,1.15948,754.05
2026-05-20 05:30:00+00:00,1.15951,1.15992,1.15946,1.15955,1203.3
2026-05-20 05:45:00+00:00,1.15955,1.15955,1.15916,1.15954,1230.32
2026-05-20 06:00:00+00:00,1.15954,1.15983,1.15932,1.15981,1160.33
2026-05-20 06:15:00+00:00,1.15982,1.16058,1.15982,1.16047,1301.9
2026-05-20 06:30:00+00:00,1.16048,1.16049,1.15979,1.15995,1088.02
2026-05-20 06:45:00+00:00,1.15996,1.15998,1.1593,1.15964,1370.03
2026-05-20 07:00:00+00:00,1.15963,1.16014,1.15949,1.15982,1447.51
2026-05-20 07:15:00+00:00,1.15981,1.16002,1.15957,1.15973,1008.84
2026-05-20 07:30:00+00:00,1.15971,1.15979,1.15942,1.15942,969.96
2026-05-20 07:45:00+00:00,1.15942,1.15946,1.15918,1.15929,969.0
2026-05-20 08:00:00+00:00,1.1593,1.1595,1.1587,1.15875,1575.03
2026-05-20 08:15:00+00:00,1.15875,1.15896,1.15833,1.15887,1372.68
2026-05-20 08:30:00+00:00,1.15891,1.15943,1.15877,1.15932,1229.41
2026-05-20 08:45:00+00:00,1.15934,1.15942,1.159,1.15902,915.3
2026-05-20 09:00:00+00:00,1.15902,1.15944,1.15898,1.1593,869.64
2026-05-20 09:15:00+00:00,1.15929,1.15943,1.15902,1.15914,760.59
2026-05-20 09:30:00+00:00,1.15914,1.15928,1.15907,1.15909,604.08
2026-05-20 09:45:00+00:00,1.1591,1.15921,1.15879,1.15879,733.1600000000001
2026-05-20 10:00:00+00:00,1.15879,1.15936,1.15872,1.15929,766.44
2026-05-20 10:15:00+00:00,1.15928,1.15965,1.1592,1.15948,747.1800000000001
2026-05-20 10:30:00+00:00,1.15949,1.16026,1.15942,1.16003,925.87
2026-05-20 10:45:00+00:00,1.16001,1.16028,1.15996,1.16009,669.78
2026-05-20 11:00:00+00:00,1.16009,1.16009,1.15962,1.15981,722.97
2026-05-20 11:15:00+00:00,1.15983,1.16022,1.15963,1.16021,725.9399999999999
2026-05-20 11:30:00+00:00,1.16021,1.16054,1.16011,1.16018,698.94
2026-05-20 11:45:00+00:00,1.16019,1.16031,1.15978,1.16007,1080.13
2026-05-20 12:00:00+00:00,1.16008,1.16042,1.1599,1.16017,1030.9
2026-05-20 12:15:00+00:00,1.16018,1.16025,1.15957,1.15986,1264.99
2026-05-20 12:30:00+00:00,1.15988,1.16016,1.15965,1.15986,935.88
2026-05-20 12:45:00+00:00,1.15983,1.15998,1.15937,1.15953,780.42
2026-05-20 13:00:00+00:00,1.15951,1.15955,1.15918,1.15931,1073.47
2026-05-20 13:15:00+00:00,1.15935,1.15938,1.15903,1.15908,1084.0
2026-05-20 13:30:00+00:00,1.15906,1.15935,1.15892,1.15928,1987.1200000000001
2026-05-20 13:45:00+00:00,1.15927,1.1597,1.15889,1.15908,2701.05
2026-05-20 14:00:00+00:00,1.1591,1.15912,1.15826,1.15885,2783.14
2026-05-20 14:15:00+00:00,1.15885,1.16202,1.15885,1.1613,6598.7699999999995
2026-05-20 14:30:00+00:00,1.1613,1.16239,1.16114,1.16169,3950.13
2026-05-20 14:45:00+00:00,1.1617,1.1624,1.16156,1.16181,3649.3900000000003
2026-05-20 15:00:00+00:00,1.1618,1.16228,1.16129,1.16148,2630.98
2026-05-20 15:15:00+00:00,1.16149,1.1645,1.16145,1.16251,6722.33
2026-05-20 15:30:00+00:00,1.16252,1.16346,1.1625,1.1627,2815.0
2026-05-20 15:45:00+00:00,1.16272,1.16289,1.16171,1.16191,2341.34
2026-05-20 16:00:00+00:00,1.16189,1.16305,1.16186,1.16285,1871.2
2026-05-20 16:15:00+00:00,1.16285,1.16307,1.16215,1.16235,1964.93
2026-05-20 16:30:00+00:00,1.16237,1.16276,1.16197,1.16275,1706.78
2026-05-20 16:45:00+00:00,1.16274,1.16302,1.16227,1.16255,2382.5299999999997
2026-05-20 17:00:00+00:00,1.16256,1.16264,1.16185,1.16237,2757.14
2026-05-20 17:15:00+00:00,1.16238,1.16257,1.16212,1.16245,1568.14
2026-05-20 17:30:00+00:00,1.16246,1.16268,1.16199,1.16199,1449.27
2026-05-20 17:45:00+00:00,1.16199,1.16229,1.16176,1.16176,981.3100000000001
2026-05-20 18:00:00+00:00,1.16181,1.16238,1.16159,1.16237,1451.92
2026-05-20 18:15:00+00:00,1.16236,1.16278,1.1623,1.16277,1192.5
2026-05-20 18:30:00+00:00,1.16277,1.16328,1.16266,1.16266,1020.6700000000001
2026-05-20 18:45:00+00:00,1.1627,1.16356,1.16265,1.16309,1159.43
2026-05-20 19:00:00+00:00,1.16308,1.16341,1.16296,1.16301,911.02
2026-05-20 19:15:00+00:00,1.16302,1.16327,1.163,1.16325,526.5
2026-05-20 19:30:00+00:00,1.16326,1.16353,1.16301,1.16305,678.6
2026-05-20 19:45:00+00:00,1.16303,1.16323,1.16276,1.16279,1034.9
2026-05-20 20:00:00+00:00,1.16277,1.16283,1.16266,1.16279,461.26
2026-05-20 20:15:00+00:00,1.16279,1.16284,1.1626,1.16268,646.96
2026-05-20 20:30:00+00:00,1.1627,1.16273,1.16238,1.1624,310.18
2026-05-20 20:45:00+00:00,1.1624,1.16264,1.16218,1.16219,838.27
2026-05-20 21:00:00+00:00,1.16212,1.16236,1.1617,1.16228,446.25
2026-05-20 21:15:00+00:00,1.16232,1.16243,1.16214,1.16233,400.04999999999995
2026-05-20 21:30:00+00:00,1.16229,1.16251,1.16224,1.16246,448.99
2026-05-20 21:45:00+00:00,1.16246,1.16258,1.16223,1.16231,324.32
2026-05-20 22:00:00+00:00,1.1623,1.16277,1.16228,1.16276,276.43
2026-05-20 22:15:00+00:00,1.16276,1.16277,1.16258,1.16262,143.1
2026-05-20 22:30:00+00:00,1.16261,1.16269,1.16254,1.16265,149.4
2026-05-20 22:45:00+00:00,1.16265,1.16269,1.16257,1.16262,86.74
2026-05-20 23:00:00+00:00,1.16261,1.16274,1.16257,1.16262,153.06
2026-05-20 23:15:00+00:00,1.16262,1.16264,1.16237,1.16244,131.4
2026-05-20 23:30:00+00:00,1.16243,1.16245,1.16228,1.16229,161.55
2026-05-20 23:45:00+00:00,1.1623,1.16269,1.16229,1.16245,271.47
2026-05-21 00:00:00+00:00,1.16247,1.16263,1.16228,1.16257,997.54
2026-05-21 00:15:00+00:00,1.16258,1.16272,1.16221,1.16262,977.0799999999999
2026-05-21 00:30:00+00:00,1.16262,1.16267,1.16244,1.16263,404.55
2026-05-21 00:45:00+00:00,1.16265,1.16289,1.16262,1.16285,585.8100000000001
2026-05-21 01:00:00+00:00,1.16285,1.16344,1.16285,1.1633,708.9
2026-05-21 01:15:00+00:00,1.16332,1.16352,1.16322,1.16328,423.0
2026-05-21 01:30:00+00:00,1.16327,1.16343,1.16296,1.16311,1169.67
2026-05-21 01:45:00+00:00,1.16311,1.16315,1.16227,1.16257,1282.84
2026-05-21 02:00:00+00:00,1.16261,1.16284,1.16249,1.16251,1120.5
2026-05-21 02:15:00+00:00,1.16254,1.16254,1.16206,1.16211,790.99
2026-05-21 02:30:00+00:00,1.16209,1.16222,1.16182,1.16198,819.23
2026-05-21 02:45:00+00:00,1.16198,1.16202,1.16155,1.16174,656.9
2026-05-21 03:00:00+00:00,1.16176,1.16207,1.16173,1.16189,324.9
2026-05-21 03:15:00+00:00,1.16189,1.16225,1.16181,1.16204,314.22
2026-05-21 03:30:00+00:00,1.16203,1.16214,1.1618,1.16209,304.2
2026-05-21 03:45:00+00:00,1.16212,1.16215,1.16185,1.16189,319.8
2026-05-21 04:00:00+00:00,1.16187,1.16209,1.16183,1.16207,283.95
2026-05-21 04:15:00+00:00,1.16207,1.16216,1.16197,1.16211,236.59
2026-05-21 04:30:00+00:00,1.16211,1.16214,1.16201,1.16214,199.8
2026-05-21 04:45:00+00:00,1.16213,1.16234,1.16206,1.1622,290.25
2026-05-21 05:00:00+00:00,1.16222,1.16234,1.16213,1.16215,399.6
2026-05-21 05:15:00+00:00,1.16214,1.16219,1.16183,1.1619,409.84
2026-05-21 05:30:00+00:00,1.1619,1.16215,1.16186,1.16207,548.55
2026-05-21 05:45:00+00:00,1.16205,1.16222,1.16177,1.16216,861.64
2026-05-21 06:00:00+00:00,1.16216,1.16265,1.16212,1.16256,741.94
2026-05-21 06:15:00+00:00,1.16255,1.16267,1.16199,1.1625,1042.21
2026-05-21 06:30:00+00:00,1.16249,1.16258,1.16156,1.16169,906.92
2026-05-21 06:45:00+00:00,1.1617,1.16204,1.16162,1.16202,784.06
2026-05-21 07:00:00+00:00,1.16201,1.16208,1.16163,1.1618,1605.76
2026-05-21 07:15:00+00:00,1.16178,1.16178,1.15938,1.1597,4289.99
2026-05-21 07:30:00+00:00,1.15974,1.1604,1.15967,1.16033,2522.02
2026-05-21 07:45:00+00:00,1.16034,1.16089,1.16031,1.16071,1338.04
2026-05-21 08:00:00+00:00,1.16072,1.1626,1.16061,1.16259,2136.92
2026-05-21 08:15:00+00:00,1.16262,1.16353,1.16243,1.16337,3086.38
2026-05-21 08:30:00+00:00,1.16335,1.16335,1.16224,1.16229,1929.88
2026-05-21 08:45:00+00:00,1.1623,1.16286,1.16213,1.16236,1570.68
2026-05-21 09:00:00+00:00,1.16235,1.16288,1.16206,1.16278,1251.04
2026-05-21 09:15:00+00:00,1.16276,1.1632,1.16268,1.16317,943.2099999999999
2026-05-21 09:30:00+00:00,1.16317,1.16334,1.16265,1.16271,1025.11
2026-05-21 09:45:00+00:00,1.16271,1.16295,1.16258,1.16273,813.5799999999999
2026-05-21 10:00:00+00:00,1.16275,1.16302,1.16236,1.16244,830.59
2026-05-21 10:15:00+00:00,1.16243,1.16252,1.16085,1.16132,2368.2
2026-05-21 10:30:00+00:00,1.16134,1.16136,1.15998,1.16061,3039.28
2026-05-21 10:45:00+00:00,1.16062,1.16107,1.16038,1.16071,2185.17
2026-05-21 11:00:00+00:00,1.16072,1.16122,1.16061,1.16095,1170.95
2026-05-21 11:15:00+00:00,1.16094,1.16159,1.16085,1.16128,1447.8
2026-05-21 11:30:00+00:00,1.16128,1.16144,1.1607,1.16074,913.9399999999999
2026-05-21 11:45:00+00:00,1.16074,1.16078,1.15957,1.15988,1311.68
2026-05-21 12:00:00+00:00,1.15988,1.16032,1.1595,1.15975,1621.06
2026-05-21 12:15:00+00:00,1.15973,1.15984,1.15933,1.15944,1350.6599999999999
2026-05-21 12:30:00+00:00,1.15946,1.16065,1.15943,1.16063,2531.76
2026-05-21 12:45:00+00:00,1.16063,1.1609,1.15969,1.15971,1691.09
2026-05-21 13:00:00+00:00,1.15971,1.15999,1.15928,1.15953,1584.18
2026-05-21 13:15:00+00:00,1.15953,1.15958,1.15874,1.15894,1402.3
2026-05-21 13:30:00+00:00,1.15896,1.159,1.15763,1.15777,2705.27
2026-05-21 13:45:00+00:00,1.15776,1.1601,1.15774,1.15946,5018.04
2026-05-21 14:00:00+00:00,1.15947,1.15957,1.1588,1.15927,2501.51
2026-05-21 14:15:00+00:00,1.15928,1.15938,1.15841,1.15887,2938.34
2026-05-21 14:30:00+00:00,1.15887,1.15946,1.15858,1.15902,2199.06
2026-05-21 14:45:00+00:00,1.15902,1.15964,1.15897,1.15927,2234.7799999999997
2026-05-21 15:00:00+00:00,1.15928,1.15938,1.1582,1.15877,3408.58
2026-05-21 15:15:00+00:00,1.15877,1.15893,1.1585,1.15855,2034.76
2026-05-21 15:30:00+00:00,1.15853,1.15883,1.15829,1.15832,1338.93
2026-05-21 15:45:00+00:00,1.15831,1.15888,1.1583,1.15883,1256.46
2026-05-21 16:00:00+00:00,1.15883,1.15919,1.15844,1.15884,2060.67
2026-05-21 16:15:00+00:00,1.15886,1.15935,1.15865,1.15933,1311.11
2026-05-21 16:30:00+00:00,1.15933,1.15957,1.15922,1.15952,1059.27
2026-05-21 16:45:00+00:00,1.15952,1.15962,1.15936,1.15952,1072.4099999999999
2026-05-21 17:00:00+00:00,1.15953,1.16025,1.15926,1.16019,2543.21
2026-05-21 17:15:00+00:00,1.1602,1.16204,1.1602,1.16183,5443.29
2026-05-21 17:30:00+00:00,1.1618,1.16244,1.16147,1.16233,2762.57
2026-05-21 17:45:00+00:00,1.16231,1.163,1.16195,1.16246,2305.89
2026-05-21 18:00:00+00:00,1.16245,1.163,1.16187,1.16227,2791.33
2026-05-21 18:15:00+00:00,1.16227,1.16278,1.16207,1.16261,1364.17
2026-05-21 18:30:00+00:00,1.16263,1.1627,1.16235,1.16247,936.36
2026-05-21 18:45:00+00:00,1.16247,1.16252,1.1607,1.16113,3911.0
2026-05-21 19:00:00+00:00,1.16111,1.16163,1.16097,1.16146,2012.86
2026-05-21 19:15:00+00:00,1.16148,1.16207,1.16146,1.16197,948.88
2026-05-21 19:30:00+00:00,1.162,1.1624,1.16181,1.16181,1307.02
2026-05-21 19:45:00+00:00,1.16182,1.16241,1.1614,1.16211,1799.4299999999998
2026-05-21 20:00:00+00:00,1.16213,1.16228,1.16165,1.16174,656.29
2026-05-21 20:15:00+00:00,1.16173,1.16195,1.16158,1.16184,296.81
2026-05-21 20:30:00+00:00,1.16183,1.16185,1.1616,1.16174,300.38
2026-05-21 20:45:00+00:00,1.16173,1.16189,1.1616,1.16177,801.6800000000001
2026-05-21 21:00:00+00:00,1.16178,1.16205,1.16136,1.16203,246.31
2026-05-21 21:15:00+00:00,1.16199,1.16207,1.16196,1.16197,286.2
2026-05-21 21:30:00+00:00,1.16199,1.16215,1.16178,1.16179,659.43
2026-05-21 21:45:00+00:00,1.16179,1.16192,1.16176,1.16178,279.90000000000003
2026-05-21 22:00:00+00:00,1.16184,1.16197,1.16149,1.16163,183.09
2026-05-21 22:15:00+00:00,1.16162,1.1617,1.16161,1.16166,95.94
2026-05-21 22:30:00+00:00,1.16166,1.16186,1.16165,1.16183,150.6
2026-05-21 22:45:00+00:00,1.16186,1.16188,1.16173,1.16174,196.58
2026-05-21 23:00:00+00:00,1.16173,1.16184,1.16171,1.16177,145.79
2026-05-21 23:15:00+00:00,1.16177,1.16178,1.16158,1.16172,113.17
2026-05-21 23:30:00+00:00,1.16171,1.16172,1.16165,1.16168,109.8
2026-05-21 23:45:00+00:00,1.16167,1.1619,1.16167,1.16177,208.35
2026-05-22 00:00:00+00:00,1.16178,1.16179,1.16133,1.16137,840.21
2026-05-22 00:15:00+00:00,1.16138,1.16149,1.16128,1.1614,534.15
2026-05-22 00:30:00+00:00,1.16141,1.1615,1.16124,1.16146,389.25
2026-05-22 00:45:00+00:00,1.16149,1.16159,1.16134,1.16144,824.85
2026-05-22 01:00:00+00:00,1.16144,1.16153,1.16124,1.16142,545.56
2026-05-22 01:15:00+00:00,1.16144,1.16157,1.16123,1.16138,489.66
2026-05-22 01:30:00+00:00,1.16137,1.1615,1.16124,1.16138,630.13
2026-05-22 01:45:00+00:00,1.16141,1.16155,1.16098,1.16098,425.7
2026-05-22 02:00:00+00:00,1.16097,1.16116,1.16096,1.16107,331.2
2026-05-22 02:15:00+00:00,1.16109,1.16118,1.16101,1.16113,293.43
2026-05-22 02:30:00+00:00,1.16111,1.16142,1.16111,1.16133,308.25
2026-05-22 02:45:00+00:00,1.16134,1.16142,1.16098,1.16116,343.26
2026-05-22 03:00:00+00:00,1.16115,1.16129,1.16088,1.16092,351.63
2026-05-22 03:15:00+00:00,1.1609,1.16108,1.16086,1.16103,297.45
2026-05-22 03:30:00+00:00,1.16103,1.16114,1.16101,1.16113,256.05
2026-05-22 03:45:00+00:00,1.16111,1.1612,1.16107,1.1612,146.7
2026-05-22 04:00:00+00:00,1.16119,1.16142,1.16112,1.1614,291.6
2026-05-22 04:15:00+00:00,1.16138,1.16149,1.1613,1.16133,218.25
2026-05-22 04:30:00+00:00,1.16133,1.16139,1.16128,1.16135,171.9
2026-05-22 04:45:00+00:00,1.16134,1.16154,1.16131,1.16151,242.55
2026-05-22 05:00:00+00:00,1.16152,1.16168,1.16146,1.1615,447.3
2026-05-22 05:15:00+00:00,1.16152,1.16157,1.16142,1.16144,260.58
2026-05-22 05:30:00+00:00,1.16144,1.16154,1.16137,1.16146,318.63
2026-05-22 05:45:00+00:00,1.16148,1.16168,1.16071,1.1609,820.16
2026-05-22 06:00:00+00:00,1.16089,1.16144,1.16074,1.16124,944.16
2026-05-22 06:15:00+00:00,1.16124,1.16128,1.16091,1.16122,963.36
2026-05-22 06:30:00+00:00,1.16123,1.16125,1.16052,1.16094,895.12
2026-05-22 06:45:00+00:00,1.16096,1.16107,1.16056,1.16098,879.5500000000001
2026-05-22 07:00:00+00:00,1.16096,1.16097,1.16012,1.16019,1014.0799999999999
2026-05-22 07:15:00+00:00,1.16021,1.16085,1.16021,1.16085,583.25
2026-05-22 07:30:00+00:00,1.16082,1.16082,1.16047,1.16062,1030.05
2026-05-22 07:45:00+00:00,1.16062,1.16093,1.16051,1.16083,706.11
2026-05-22 08:00:00+00:00,1.16081,1.16104,1.16058,1.16061,882.44
2026-05-22 08:15:00+00:00,1.16063,1.16157,1.16061,1.16111,1368.25
2026-05-22 08:30:00+00:00,1.16112,1.16122,1.16032,1.16072,1652.8
2026-05-22 08:45:00+00:00,1.16075,1.16102,1.16058,1.16076,856.0699999999999
2026-05-22 09:00:00+00:00,1.16076,1.16079,1.15993,1.15997,1045.25
2026-05-22 09:15:00+00:00,1.15998,1.16009,1.1596,1.15992,741.29
2026-05-22 09:30:00+00:00,1.15992,1.16039,1.15981,1.16021,681.5
2026-05-22 09:45:00+00:00,1.16021,1.16056,1.16021,1.16041,596.25
2026-05-22 10:00:00+00:00,1.16042,1.16077,1.16026,1.16036,575.37
2026-05-22 10:15:00+00:00,1.16033,1.16057,1.16001,1.16002,634.05
2026-05-22 10:30:00+00:00,1.16001,1.16013,1.15972,1.15985,904.95
2026-05-22 10:45:00+00:00,1.15984,1.15995,1.1595,1.15973,801.6800000000001
2026-05-22 11:00:00+00:00,1.15976,1.15976,1.15933,1.15953,803.76
2026-05-22 11:15:00+00:00,1.15953,1.15967,1.15936,1.15939,517.5
2026-05-22 11:30:00+00:00,1.15938,1.15986,1.15932,1.15979,768.42
2026-05-22 11:45:00+00:00,1.15978,1.16021,1.15954,1.15963,1704.44
2026-05-22 12:00:00+00:00,1.15963,1.16067,1.15945,1.16044,2477.24
2026-05-22 12:15:00+00:00,1.16044,1.16069,1.15963,1.15983,2205.47
2026-05-22 12:30:00+00:00,1.15982,1.1601,1.15978,1.15999,820.49
2026-05-22 12:45:00+00:00,1.16,1.16049,1.16,1.16042,839.15
2026-05-22 13:00:00+00:00,1.16041,1.16183,1.16038,1.16127,2407.27
2026-05-22 13:15:00+00:00,1.16128,1.16139,1.16077,1.1611,1367.72
2026-05-22 13:30:00+00:00,1.16109,1.16115,1.16024,1.16041,2412.94
2026-05-22 13:45:00+00:00,1.1604,1.16056,1.15993,1.16035,1388.67
2026-05-22 14:00:00+00:00,1.16036,1.16038,1.1589,1.15898,3217.09
2026-05-22 14:15:00+00:00,1.15898,1.15966,1.15881,1.15965,1505.14
2026-05-22 14:30:00+00:00,1.15965,1.16017,1.15955,1.16007,1572.45
2026-05-22 14:45:00+00:00,1.16007,1.16023,1.15947,1.15977,1346.0900000000001
2026-05-22 15:00:00+00:00,1.15976,1.16047,1.15956,1.16034,1523.02
2026-05-22 15:15:00+00:00,1.16033,1.16055,1.15992,1.16026,1191.72
2026-05-22 15:30:00+00:00,1.16026,1.16038,1.15982,1.1601,1585.04
2026-05-22 15:45:00+00:00,1.16011,1.16044,1.15993,1.16026,1184.76
2026-05-22 16:00:00+00:00,1.16027,1.16077,1.15994,1.16068,1185.72
2026-05-22 16:15:00+00:00,1.16066,1.16093,1.16051,1.16093,967.89
2026-05-22 16:30:00+00:00,1.16091,1.16107,1.16053,1.16067,879.74
2026-05-22 16:45:00+00:00,1.16067,1.1611,1.16067,1.1611,875.26
2026-05-22 17:00:00+00:00,1.1611,1.16152,1.16109,1.16136,1211.28
2026-05-22 17:15:00+00:00,1.16136,1.16173,1.16085,1.16162,2133.64
2026-05-22 17:30:00+00:00,1.16162,1.1619,1.16112,1.16131,1720.13
2026-05-22 17:45:00+00:00,1.16133,1.1615,1.16106,1.16132,901.64
2026-05-22 18:00:00+00:00,1.16132,1.16148,1.16095,1.16117,970.8
2026-05-22 18:15:00+00:00,1.16115,1.16122,1.16099,1.16104,501.98
2026-05-22 18:30:00+00:00,1.16102,1.1615,1.16092,1.16117,768.51
2026-05-22 18:45:00+00:00,1.16116,1.16139,1.16109,1.16117,681.75
2026-05-22 19:00:00+00:00,1.16117,1.16138,1.16078,1.16084,899.66
2026-05-22 19:15:00+00:00,1.16082,1.16102,1.16079,1.16082,349.02
2026-05-22 19:30:00+00:00,1.16083,1.16088,1.16066,1.16069,530.19
2026-05-22 19:45:00+00:00,1.16068,1.16072,1.16052,1.16057,598.39
2026-05-22 20:00:00+00:00,1.16061,1.16065,1.16041,1.16047,270.79
2026-05-22 20:15:00+00:00,1.16049,1.16059,1.16034,1.16038,192.49
2026-05-22 20:30:00+00:00,1.16038,1.16038,1.15997,1.16014,379.92
2026-05-22 20:45:00+00:00,1.16015,1.16035,1.15978,1.15989,966.43
2026-05-24 21:00:00+00:00,1.16388,1.16389,1.16343,1.16348,192.8
2026-05-24 21:15:00+00:00,1.16349,1.16379,1.1633,1.1633,100.56
2026-05-24 21:30:00+00:00,1.16331,1.16374,1.16306,1.16337,271.52
2026-05-24 21:45:00+00:00,1.16322,1.16339,1.16297,1.16331,179.38
2026-05-24 22:00:00+00:00,1.1633,1.16374,1.1631,1.1636,771.56
2026-05-24 22:15:00+00:00,1.1636,1.16417,1.16343,1.16406,708.67
2026-05-24 22:30:00+00:00,1.16407,1.1644,1.16404,1.16436,935.39
2026-05-24 22:45:00+00:00,1.16438,1.16449,1.16416,1.16429,474.3
2026-05-24 23:00:00+00:00,1.1643,1.16461,1.16429,1.16446,538.14
2026-05-24 23:15:00+00:00,1.16446,1.16456,1.16441,1.16451,379.77
2026-05-24 23:30:00+00:00,1.1645,1.16455,1.1644,1.16447,502.84000000000003
2026-05-24 23:45:00+00:00,1.16447,1.16455,1.16412,1.16416,765.67
2026-05-25 00:00:00+00:00,1.16415,1.16422,1.16378,1.16389,747.77
2026-05-25 00:15:00+00:00,1.16389,1.16423,1.16381,1.16417,678.05
2026-05-25 00:30:00+00:00,1.1642,1.16431,1.16383,1.16392,344.25
2026-05-25 00:45:00+00:00,1.16396,1.16488,1.16353,1.16366,1406.21
2026-05-25 01:00:00+00:00,1.16366,1.16436,1.16353,1.16433,1368.93
2026-05-25 01:15:00+00:00,1.16433,1.16469,1.16428,1.16461,964.03
2026-05-25 01:30:00+00:00,1.16461,1.16461,1.16394,1.16399,1030.82
2026-05-25 01:45:00+00:00,1.16399,1.16415,1.16382,1.1639,698.91
2026-05-25 02:00:00+00:00,1.16391,1.16424,1.16388,1.16402,696.98
2026-05-25 02:15:00+00:00,1.16402,1.16421,1.16393,1.16415,526.79
2026-05-25 02:30:00+00:00,1.16417,1.16417,1.16392,1.16403,379.35
2026-05-25 02:45:00+00:00,1.16404,1.16408,1.16364,1.16376,282.15
2026-05-25 03:00:00+00:00,1.16375,1.16395,1.16359,1.16373,866.54
2026-05-25 03:15:00+00:00,1.16371,1.16389,1.16361,1.1637,645.78
2026-05-25 03:30:00+00:00,1.1637,1.16397,1.1637,1.16373,533.25
2026-05-25 03:45:00+00:00,1.16371,1.16376,1.16359,1.16372,574.74
2026-05-25 04:00:00+00:00,1.1637,1.16376,1.16354,1.16362,481.95
2026-05-25 04:15:00+00:00,1.16363,1.16372,1.16359,1.16369,342.0
2026-05-25 04:30:00+00:00,1.16372,1.164,1.1637,1.16399,486.67
2026-05-25 04:45:00+00:00,1.16399,1.16436,1.16399,1.16418,420.04
2026-05-25 05:00:00+00:00,1.16418,1.16451,1.1641,1.1643,869.77
2026-05-25 05:15:00+00:00,1.16428,1.16436,1.1642,1.16432,473.24
2026-05-25 05:30:00+00:00,1.16431,1.16448,1.16421,1.16428,586.17
2026-05-25 05:45:00+00:00,1.16428,1.16439,1.1638,1.16391,598.73
2026-05-25 06:00:00+00:00,1.1639,1.16406,1.1638,1.16405,839.22
2026-05-25 06:15:00+00:00,1.16405,1.16412,1.16375,1.16388,656.79
2026-05-25 06:30:00+00:00,1.16387,1.16426,1.16375,1.16406,738.01
2026-05-25 06:45:00+00:00,1.16406,1.16445,1.16398,1.16408,947.69
2026-05-25 07:00:00+00:00,1.16408,1.16418,1.16355,1.16368,1002.58
2026-05-25 07:15:00+00:00,1.16368,1.1637,1.16296,1.16337,1242.4
2026-05-25 07:30:00+00:00,1.16338,1.1638,1.16334,1.16355,1149.6299999999999
2026-05-25 07:45:00+00:00,1.16355,1.16375,1.16337,1.16373,655.2
2026-05-25 08:00:00+00:00,1.16374,1.16404,1.16329,1.16392,862.2
2026-05-25 08:15:00+00:00,1.16391,1.16407,1.16382,1.16402,1120.95
2026-05-25 08:30:00+00:00,1.16404,1.16442,1.164,1.16423,1036.35
2026-05-25 08:45:00+00:00,1.16422,1.16442,1.1642,1.16435,640.35
2026-05-25 09:00:00+00:00,1.16436,1.16451,1.1641,1.16413,566.55
2026-05-25 09:15:00+00:00,1.16414,1.16437,1.16403,1.16422,409.05
2026-05-25 09:30:00+00:00,1.16423,1.16447,1.16419,1.16446,339.75
2026-05-25 09:45:00+00:00,1.16447,1.16447,1.16403,1.16414,348.3
2026-05-25 10:00:00+00:00,1.16413,1.16432,1.16411,1.16425,551.54
2026-05-25 10:15:00+00:00,1.16426,1.16443,1.16418,1.16418,337.05
2026-05-25 10:30:00+00:00,1.16417,1.16438,1.16413,1.16436,311.84999999999997
2026-05-25 10:45:00+00:00,1.16438,1.16438,1.16416,1.16427,348.75
2026-05-25 11:00:00+00:00,1.16429,1.1643,1.16402,1.16417,392.40000000000003
2026-05-25 11:15:00+00:00,1.16417,1.16447,1.16416,1.16443,308.25
2026-05-25 11:30:00+00:00,1.16443,1.16498,1.16442,1.16498,582.3299999999999
2026-05-25 11:45:00+00:00,1.16496,1.16506,1.16434,1.16437,1116.8
2026-05-25 12:00:00+00:00,1.16438,1.16463,1.16425,1.16455,827.22
2026-05-25 12:15:00+00:00,1.16457,1.16467,1.16434,1.1644,779.39
2026-05-25 12:30:00+00:00,1.16439,1.16505,1.16439,1.16504,835.3
2026-05-25 12:45:00+00:00,1.16503,1.16527,1.16474,1.16481,822.18
2026-05-25 13:00:00+00:00,1.16481,1.16497,1.16461,1.1647,602.58
2026-05-25 13:15:00+00:00,1.16471,1.16471,1.16437,1.16439,619.74
2026-05-25 13:30:00+00:00,1.16441,1.16444,1.16414,1.16418,951.78
2026-05-25 13:45:00+00:00,1.16416,1.1643,1.16387,1.16389,651.89
2026-05-25 14:00:00+00:00,1.16388,1.16416,1.16384,1.16391,554.43
2026-05-25 14:15:00+00:00,1.16392,1.16428,1.16392,1.16413,506.25
2026-05-25 14:30:00+00:00,1.16411,1.16448,1.16402,1.16444,483.29999999999995
2026-05-25 14:45:00+00:00,1.16442,1.16463,1.16406,1.16418,1103.84
2026-05-25 15:00:00+00:00,1.16419,1.16484,1.16395,1.16441,1454.8999999999999
2026-05-25 15:15:00+00:00,1.16443,1.16478,1.16436,1.16455,785.52
2026-05-25 15:30:00+00:00,1.16454,1.16458,1.1644,1.1645,401.4
2026-05-25 15:45:00+00:00,1.16448,1.16457,1.16418,1.1642,566.29
2026-05-25 16:00:00+00:00,1.16422,1.16426,1.16378,1.16399,641.25
2026-05-25 16:15:00+00:00,1.16397,1.16399,1.1638,1.16382,411.52
2026-05-25 16:30:00+00:00,1.16381,1.16394,1.16365,1.16382,856.25
2026-05-25 16:45:00+00:00,1.16381,1.16415,1.16381,1.1641,500.17
2026-05-25 17:00:00+00:00,1.16412,1.16424,1.16401,1.1642,273.61
2026-05-25 17:15:00+00:00,1.16421,1.16441,1.16419,1.16436,317.33
2026-05-25 17:30:00+00:00,1.16436,1.16439,1.16424,1.16431,235.21
2026-05-25 17:45:00+00:00,1.16432,1.16436,1.16416,1.16433,192.32
2026-05-25 18:00:00+00:00,1.16434,1.16437,1.16419,1.16434,173.04
2026-05-25 18:15:00+00:00,1.16435,1.16436,1.16423,1.16425,72.0
2026-05-25 18:30:00+00:00,1.16424,1.16432,1.16414,1.16419,117.9
2026-05-25 18:45:00+00:00,1.16418,1.16438,1.16418,1.16433,114.75
2026-05-25 19:00:00+00:00,1.16432,1.16435,1.1642,1.16424,205.65
2026-05-25 19:15:00+00:00,1.16423,1.16431,1.16422,1.1643,136.8
2026-05-25 19:30:00+00:00,1.16429,1.16435,1.16419,1.16427,165.6
2026-05-25 19:45:00+00:00,1.16428,1.16428,1.16417,1.1642,108.45
2026-05-25 20:00:00+00:00,1.16421,1.1643,1.16421,1.16429,81.0
2026-05-25 20:15:00+00:00,1.16429,1.16433,1.16417,1.1643,75.44
2026-05-25 20:30:00+00:00,1.16431,1.16433,1.16413,1.16424,188.53
2026-05-25 20:45:00+00:00,1.16425,1.16434,1.16423,1.16431,324.72
2026-05-25 21:00:00+00:00,1.16431,1.16431,1.16354,1.16381,327.55
2026-05-25 21:15:00+00:00,1.16384,1.16418,1.1636,1.16398,215.6
2026-05-25 21:30:00+00:00,1.16395,1.16434,1.16386,1.16393,391.04
2026-05-25 21:45:00+00:00,1.16393,1.16403,1.16355,1.16396,561.24
2026-05-25 22:00:00+00:00,1.16395,1.16429,1.1638,1.16408,706.03
2026-05-25 22:15:00+00:00,1.16411,1.16411,1.16396,1.16398,57.33
2026-05-25 22:30:00+00:00,1.164,1.16411,1.1639,1.16411,71.32000000000001
2026-05-25 22:45:00+00:00,1.16411,1.16415,1.16407,1.16407,128.7
2026-05-25 23:00:00+00:00,1.16407,1.16424,1.16407,1.1642,316.43
2026-05-25 23:15:00+00:00,1.1642,1.1643,1.16405,1.16408,150.75
2026-05-25 23:30:00+00:00,1.16406,1.16408,1.16369,1.16373,290.28
2026-05-25 23:45:00+00:00,1.16375,1.16396,1.16356,1.16356,452.25
2026-05-26 00:00:00+00:00,1.16358,1.16396,1.16347,1.16381,1192.29
2026-05-26 00:15:00+00:00,1.16383,1.16387,1.16337,1.16356,792.24
2026-05-26 00:30:00+00:00,1.16355,1.16365,1.16349,1.16357,542.25
2026-05-26 00:45:00+00:00,1.16355,1.16394,1.16351,1.16386,714.75
2026-05-26 01:00:00+00:00,1.16385,1.16396,1.16348,1.16393,804.39
2026-05-26 01:15:00+00:00,1.16392,1.16395,1.1636,1.16366,495.45
2026-05-26 01:30:00+00:00,1.16366,1.16367,1.16301,1.16311,802.38
2026-05-26 01:45:00+00:00,1.16312,1.16341,1.16306,1.16337,624.15
2026-05-26 02:00:00+00:00,1.16336,1.1635,1.16322,1.16324,449.57
2026-05-26 02:15:00+00:00,1.16326,1.16336,1.16321,1.16329,359.1
2026-05-26 02:30:00+00:00,1.1633,1.16339,1.16314,1.16316,524.19
2026-05-26 02:45:00+00:00,1.16316,1.16343,1.16311,1.16338,365.56
2026-05-26 03:00:00+00:00,1.16339,1.16351,1.16336,1.16346,314.27
2026-05-26 03:15:00+00:00,1.16344,1.16371,1.16343,1.16343,373.55
2026-05-26 03:30:00+00:00,1.16344,1.16352,1.16341,1.16347,227.56
2026-05-26 03:45:00+00:00,1.16347,1.1636,1.1634,1.16358,396.7
2026-05-26 04:00:00+00:00,1.16356,1.16359,1.16332,1.16356,189.9
2026-05-26 04:15:00+00:00,1.16355,1.16355,1.16329,1.16329,126.45
2026-05-26 04:30:00+00:00,1.16331,1.16342,1.16321,1.16327,261.45
2026-05-26 04:45:00+00:00,1.16327,1.16331,1.16294,1.16295,278.87
2026-05-26 05:00:00+00:00,1.16296,1.16302,1.16284,1.16288,368.37
2026-05-26 05:15:00+00:00,1.16287,1.16297,1.1628,1.16295,335.18
2026-05-26 05:30:00+00:00,1.16293,1.16307,1.16288,1.16296,473.59999999999997
2026-05-26 05:45:00+00:00,1.16296,1.16298,1.16273,1.16278,488.88
2026-05-26 06:00:00+00:00,1.16277,1.16299,1.1627,1.16299,551.52
2026-05-26 06:15:00+00:00,1.16298,1.16355,1.16287,1.16328,848.9
2026-05-26 06:30:00+00:00,1.16328,1.16361,1.16325,1.16361,826.67
2026-05-26 06:45:00+00:00,1.16361,1.16375,1.16339,1.16352,883.81
2026-05-26 07:00:00+00:00,1.16353,1.16363,1.16239,1.16302,1618.06
2026-05-26 07:15:00+00:00,1.163,1.16338,1.16289,1.16338,777.99
2026-05-26 07:30:00+00:00,1.16338,1.16403,1.16327,1.16356,1410.5800000000002
2026-05-26 07:45:00+00:00,1.16355,1.16396,1.16333,1.16369,961.62
2026-05-26 08:00:00+00:00,1.16371,1.16406,1.16349,1.16385,1081.73
2026-05-26 08:15:00+00:00,1.16386,1.16421,1.16375,1.16391,714.77
2026-05-26 08:30:00+00:00,1.16391,1.16412,1.16346,1.16347,975.1800000000001
2026-05-26 08:45:00+00:00,1.16347,1.1641,1.16342,1.16364,969.4200000000001
2026-05-26 09:00:00+00:00,1.16362,1.1639,1.16326,1.16378,1045.63
2026-05-26 09:15:00+00:00,1.16379,1.16423,1.16368,1.16417,1399.87
2026-05-26 09:30:00+00:00,1.16418,1.16432,1.16397,1.16407,723.15
2026-05-26 09:45:00+00:00,1.16408,1.1644,1.164,1.16427,636.51
2026-05-26 10:00:00+00:00,1.16424,1.16436,1.16398,1.16426,764.4399999999999
2026-05-26 10:15:00+00:00,1.16426,1.16435,1.16406,1.16428,743.62
2026-05-26 10:30:00+00:00,1.16429,1.16451,1.16375,1.16403,1397.53
2026-05-26 10:45:00+00:00,1.16404,1.16434,1.16391,1.16413,854.8299999999999
2026-05-26 11:00:00+00:00,1.16415,1.16448,1.16403,1.16432,612.77
2026-05-26 11:15:00+00:00,1.16431,1.16445,1.16397,1.16399,608.61
2026-05-26 11:30:00+00:00,1.164,1.16421,1.16347,1.16347,1342.07
2026-05-26 11:45:00+00:00,1.16348,1.16363,1.16333,1.16345,901.1
2026-05-26 12:00:00+00:00,1.16347,1.1636,1.16311,1.16337,1134.9
2026-05-26 12:15:00+00:00,1.16334,1.16352,1.16321,1.16351,697.95
2026-05-26 12:30:00+00:00,1.16352,1.16365,1.16332,1.16339,859.95
2026-05-26 12:45:00+00:00,1.16337,1.16346,1.16315,1.16317,884.27
2026-05-26 13:00:00+00:00,1.16318,1.16329,1.16285,1.16307,1027.6299999999999
2026-05-26 13:15:00+00:00,1.16307,1.16329,1.16264,1.16266,1073.01
2026-05-26 13:30:00+00:00,1.16266,1.163,1.16253,1.1628,2124.59
2026-05-26 13:45:00+00:00,1.16282,1.16313,1.16171,1.16256,2667.39
2026-05-26 14:00:00+00:00,1.16256,1.16297,1.1622,1.16247,2559.32
2026-05-26 14:15:00+00:00,1.16247,1.16263,1.16212,1.16243,1532.44
2026-05-26 14:30:00+00:00,1.16243,1.16289,1.16227,1.16259,2031.87
2026-05-26 14:45:00+00:00,1.16257,1.16286,1.16238,1.16249,1762.4299999999998
2026-05-26 15:00:00+00:00,1.16248,1.16257,1.16197,1.16229,1705.71
2026-05-26 15:15:00+00:00,1.16228,1.16229,1.16175,1.16207,1436.95
2026-05-26 15:30:00+00:00,1.16207,1.16224,1.16163,1.16197,1653.13
2026-05-26 15:45:00+00:00,1.16198,1.16219,1.16189,1.16194,1486.61
2026-05-26 16:00:00+00:00,1.16194,1.16258,1.16194,1.16249,949.22
2026-05-26 16:15:00+00:00,1.1625,1.16286,1.16246,1.16271,795.87
2026-05-26 16:30:00+00:00,1.16271,1.16294,1.16249,1.16252,877.89
2026-05-26 16:45:00+00:00,1.16251,1.1626,1.16224,1.16239,821.14
2026-05-26 17:00:00+00:00,1.16239,1.16273,1.16228,1.16264,687.19
2026-05-26 17:15:00+00:00,1.16264,1.16276,1.1624,1.1624,857.68
2026-05-26 17:30:00+00:00,1.16239,1.1626,1.16221,1.16227,583.9300000000001
2026-05-26 17:45:00+00:00,1.16228,1.16241,1.16213,1.1624,551.18
2026-05-26 18:00:00+00:00,1.16239,1.16265,1.16233,1.16259,442.87
2026-05-26 18:15:00+00:00,1.16258,1.16274,1.16253,1.16269,429.99
2026-05-26 18:30:00+00:00,1.1627,1.16286,1.16262,1.16279,737.2
2026-05-26 18:45:00+00:00,1.16277,1.16309,1.16277,1.16295,503.55
2026-05-26 19:00:00+00:00,1.16294,1.163,1.16272,1.16283,524.36
2026-05-26 19:15:00+00:00,1.16284,1.16304,1.1628,1.16293,465.28
2026-05-26 19:30:00+00:00,1.16293,1.16316,1.16293,1.16312,319.05
2026-05-26 19:45:00+00:00,1.16311,1.16325,1.16307,1.16318,597.5699999999999
2026-05-26 20:00:00+00:00,1.16319,1.16328,1.16312,1.16319,427.88
2026-05-26 20:15:00+00:00,1.1632,1.16324,1.16303,1.16303,189.89999999999998
2026-05-26 20:30:00+00:00,1.16305,1.16319,1.16305,1.16309,110.17999999999999
2026-05-26 20:45:00+00:00,1.16308,1.16318,1.1628,1.16281,374.67
2026-05-26 21:00:00+00:00,1.16279,1.16287,1.1625,1.16279,908.82
2026-05-26 21:15:00+00:00,1.1628,1.16311,1.16279,1.16309,767.11
2026-05-26 21:30:00+00:00,1.16308,1.16314,1.16291,1.16302,1156.76
2026-05-26 21:45:00+00:00,1.16302,1.16306,1.16281,1.16303,859.3
2026-05-26 22:00:00+00:00,1.16298,1.1633,1.16298,1.1632,502.43
2026-05-26 22:15:00+00:00,1.1632,1.16328,1.16311,1.16323,207.85
2026-05-26 22:30:00+00:00,1.16322,1.16328,1.16319,1.16328,110.2
2026-05-26 22:45:00+00:00,1.16328,1.16333,1.16326,1.16332,46.17
2026-05-26 23:00:00+00:00,1.16331,1.16339,1.16329,1.16337,96.68
2026-05-26 23:15:00+00:00,1.16337,1.16367,1.16337,1.16367,91.8
2026-05-26 23:30:00+00:00,1.16368,1.16392,1.16363,1.16392,112.05
2026-05-26 23:45:00+00:00,1.16392,1.16398,1.16359,1.16362,389.63
2026-05-27 00:00:00+00:00,1.16363,1.16388,1.16359,1.16386,703.14
2026-05-27 00:15:00+00:00,1.16386,1.16405,1.16377,1.16392,556.45
2026-05-27 00:30:00+00:00,1.16394,1.16397,1.16375,1.16387,536.1899999999999
2026-05-27 00:45:00+00:00,1.16388,1.16404,1.16375,1.16379,944.21
2026-05-27 01:00:00+00:00,1.16378,1.16392,1.16372,1.16386,763.85
2026-05-27 01:15:00+00:00,1.16385,1.16392,1.16366,1.1637,445.95
2026-05-27 01:30:00+00:00,1.1637,1.1637,1.16326,1.16345,937.98
2026-05-27 01:45:00+00:00,1.16346,1.16347,1.16329,1.16337,424.37
2026-05-27 02:00:00+00:00,1.16339,1.16382,1.16339,1.16357,908.34
2026-05-27 02:15:00+00:00,1.16357,1.1637,1.16342,1.16347,418.5
2026-05-27 02:30:00+00:00,1.16347,1.16362,1.1634,1.16343,343.35
2026-05-27 02:45:00+00:00,1.16343,1.16384,1.16342,1.16383,472.21000000000004
2026-05-27 03:00:00+00:00,1.16384,1.16424,1.16381,1.16391,668.29
2026-05-27 03:15:00+00:00,1.16391,1.16396,1.16375,1.16389,326.17
2026-05-27 03:30:00+00:00,1.1639,1.16395,1.16367,1.16381,339.23
2026-05-27 03:45:00+00:00,1.1638,1.16393,1.16371,1.16386,264.69
2026-05-27 04:00:00+00:00,1.16386,1.16401,1.16382,1.16397,210.15
2026-05-27 04:15:00+00:00,1.16397,1.16408,1.16393,1.16393,308.25
2026-05-27 04:30:00+00:00,1.16394,1.16417,1.16392,1.16416,285.75
2026-05-27 04:45:00+00:00,1.16417,1.16422,1.164,1.16411,392.85
2026-05-27 05:00:00+00:00,1.1641,1.16433,1.16407,1.16426,574.58
2026-05-27 05:15:00+00:00,1.16425,1.16442,1.16415,1.16436,337.68
2026-05-27 05:30:00+00:00,1.1644,1.16441,1.16406,1.16411,973.3399999999999
2026-05-27 05:45:00+00:00,1.16411,1.16428,1.16386,1.16394,711.53
2026-05-27 06:00:00+00:00,1.16395,1.16414,1.16371,1.16384,898.38
2026-05-27 06:15:00+00:00,1.16384,1.16407,1.16376,1.164,895.59
2026-05-27 06:30:00+00:00,1.16399,1.16464,1.16387,1.16462,801.52
2026-05-27 06:45:00+00:00,1.16462,1.16492,1.16441,1.16454,928.64
2026-05-27 07:00:00+00:00,1.16456,1.16488,1.16441,1.16445,1068.86
2026-05-27 07:15:00+00:00,1.16445,1.16462,1.1642,1.16451,816.02
2026-05-27 07:30:00+00:00,1.16452,1.16478,1.16436,1.16473,793.37
2026-05-27 07:45:00+00:00,1.16473,1.16475,1.16401,1.16406,886.6999999999999
2026-05-27 08:00:00+00:00,1.16407,1.16445,1.16382,1.16434,1094.33
2026-05-27 08:15:00+00:00,1.16436,1.1647,1.16424,1.16469,820.17
2026-05-27 08:30:00+00:00,1.16471,1.16471,1.16433,1.16457,726.99
2026-05-27 08:45:00+00:00,1.16457,1.1646,1.16428,1.16449,657.65
2026-05-27 09:00:00+00:00,1.16446,1.16454,1.16423,1.16438,862.35
2026-05-27 09:15:00+00:00,1.1644,1.16469,1.16437,1.16453,661.05
2026-05-27 09:30:00+00:00,1.16451,1.16456,1.16433,1.16443,449.55
2026-05-27 09:45:00+00:00,1.16445,1.16485,1.16439,1.16445,629.09
2026-05-27 10:00:00+00:00,1.16444,1.16446,1.16427,1.16436,534.3
2026-05-27 10:15:00+00:00,1.16434,1.16439,1.16365,1.16375,740.6999999999999
2026-05-27 10:30:00+00:00,1.16374,1.16406,1.1636,1.16383,804.06
2026-05-27 10:45:00+00:00,1.16383,1.16396,1.16359,1.16389,761.45
2026-05-27 11:00:00+00:00,1.16391,1.16407,1.16361,1.16404,976.26
2026-05-27 11:15:00+00:00,1.16405,1.16418,1.16367,1.16378,793.77
2026-05-27 11:30:00+00:00,1.16377,1.16394,1.16356,1.16386,1085.71
2026-05-27 11:45:00+00:00,1.16387,1.16397,1.16329,1.16375,1346.85
2026-05-27 12:00:00+00:00,1.16376,1.16394,1.16359,1.16373,1116.38
2026-05-27 12:15:00+00:00,1.16374,1.166,1.16343,1.16562,5736.38
2026-05-27 12:30:00+00:00,1.16559,1.16614,1.16534,1.16536,3531.83
2026-05-27 12:45:00+00:00,1.16536,1.1655,1.16417,1.16435,1871.01
2026-05-27 13:00:00+00:00,1.16437,1.16479,1.16426,1.16452,2308.55
2026-05-27 13:15:00+00:00,1.16454,1.16475,1.16397,1.1641,1947.6299999999999
2026-05-27 13:30:00+00:00,1.16411,1.16458,1.16392,1.16418,2147.47
2026-05-27 13:45:00+00:00,1.1642,1.1646,1.16375,1.16412,2282.55
2026-05-27 14:00:00+00:00,1.16411,1.16488,1.16365,1.16482,2377.7599999999998
2026-05-27 14:15:00+00:00,1.16483,1.16521,1.16439,1.16488,2271.17
2026-05-27 14:30:00+00:00,1.16486,1.16517,1.16415,1.16486,3643.61
2026-05-27 14:45:00+00:00,1.16486,1.16507,1.16249,1.16254,4119.4
2026-05-27 15:00:00+00:00,1.16255,1.16338,1.16223,1.16332,2640.29
2026-05-27 15:15:00+00:00,1.16334,1.16345,1.16292,1.16337,1704.09
2026-05-27 15:30:00+00:00,1.16337,1.16362,1.16301,1.16308,1808.73
2026-05-27 15:45:00+00:00,1.16308,1.16337,1.16263,1.16301,1834.22
2026-05-27 16:00:00+00:00,1.16302,1.16302,1.1624,1.16292,1999.36
2026-05-27 16:15:00+00:00,1.16291,1.1632,1.16281,1.16285,1164.6
2026-05-27 16:30:00+00:00,1.16287,1.16326,1.16274,1.16311,849.6
2026-05-27 16:45:00+00:00,1.16311,1.16328,1.16303,1.16321,677.45
2026-05-27 17:00:00+00:00,1.16323,1.16328,1.16229,1.16232,1487.6399999999999
2026-05-27 17:15:00+00:00,1.16234,1.16256,1.16221,1.16235,919.57
2026-05-27 17:30:00+00:00,1.16233,1.1626,1.16222,1.16253,696.15
2026-05-27 17:45:00+00:00,1.16253,1.16286,1.16253,1.16272,839.34
2026-05-27 18:00:00+00:00,1.16272,1.16274,1.16229,1.16241,871.19
2026-05-27 18:15:00+00:00,1.16241,1.16247,1.16225,1.16244,990.0
2026-05-27 18:30:00+00:00,1.16246,1.16281,1.16237,1.16278,1714.05
2026-05-27 18:45:00+00:00,1.16276,1.16302,1.16266,1.16293,1249.2
2026-05-27 19:00:00+00:00,1.16293,1.16314,1.16282,1.16301,488.7
2026-05-27 19:15:00+00:00,1.16303,1.16319,1.16295,1.16308,479.7
2026-05-27 19:30:00+00:00,1.16309,1.16316,1.16288,1.1629,525.74
2026-05-27 19:45:00+00:00,1.16288,1.16298,1.16266,1.16286,409.05
2026-05-27 20:00:00+00:00,1.16286,1.16306,1.1628,1.16285,447.61
2026-05-27 20:15:00+00:00,1.16285,1.16292,1.16277,1.16278,125.10000000000001
2026-05-27 20:30:00+00:00,1.16279,1.16289,1.16262,1.16276,130.5
2026-05-27 20:45:00+00:00,1.16275,1.16277,1.16232,1.16232,653.54
2026-05-27 21:00:00+00:00,1.16232,1.16281,1.16232,1.16262,196.27
2026-05-27 21:15:00+00:00,1.16269,1.16282,1.16258,1.1627,428.23
2026-05-27 21:30:00+00:00,1.16271,1.16291,1.1627,1.16284,519.9300000000001
2026-05-27 21:45:00+00:00,1.16285,1.16299,1.16237,1.1628,758.9399999999999
2026-05-27 22:00:00+00:00,1.1628,1.16298,1.16261,1.16296,186.57
2026-05-27 22:15:00+00:00,1.16298,1.16302,1.16276,1.16279,148.46
2026-05-27 22:30:00+00:00,1.16278,1.16293,1.16268,1.1627,202.5
2026-05-27 22:45:00+00:00,1.1627,1.1627,1.16255,1.16257,272.7
2026-05-27 23:00:00+00:00,1.16257,1.16279,1.16254,1.16274,233.55
2026-05-27 23:15:00+00:00,1.16274,1.16285,1.16215,1.16216,739.89
2026-05-27 23:30:00+00:00,1.16217,1.16226,1.16204,1.16219,406.35
2026-05-27 23:45:00+00:00,1.16218,1.16218,1.16158,1.16174,434.92
2026-05-28 00:00:00+00:00,1.16175,1.16207,1.16164,1.162,795.82
2026-05-28 00:15:00+00:00,1.162,1.16232,1.16197,1.16231,607.05
2026-05-28 00:30:00+00:00,1.16233,1.16233,1.16194,1.16197,616.53
2026-05-28 00:45:00+00:00,1.16198,1.16213,1.16167,1.16209,860.53
2026-05-28 01:00:00+00:00,1.16205,1.16211,1.16177,1.16193,1102.95
2026-05-28 01:15:00+00:00,1.16193,1.16202,1.16183,1.16184,708.3
2026-05-28 01:30:00+00:00,1.16184,1.16195,1.16158,1.16161,568.8
2026-05-28 01:45:00+00:00,1.1616,1.1616,1.16092,1.16098,784.81
2026-05-28 02:00:00+00:00,1.16098,1.16126,1.16094,1.16125,913.95
2026-05-28 02:15:00+00:00,1.16125,1.16141,1.16119,1.16136,267.3
2026-05-28 02:30:00+00:00,1.16135,1.16151,1.16112,1.16117,457.64
2026-05-28 02:45:00+00:00,1.16115,1.16127,1.16103,1.16126,629.1
2026-05-28 03:00:00+00:00,1.16127,1.16137,1.16056,1.16056,733.49
2026-05-28 03:15:00+00:00,1.16055,1.16056,1.16008,1.1601,1054.95
2026-05-28 03:30:00+00:00,1.1601,1.16011,1.15927,1.15929,1632.04
2026-05-28 03:45:00+00:00,1.15927,1.15941,1.1587,1.15871,945.84
2026-05-28 04:00:00+00:00,1.1587,1.15911,1.15861,1.15909,1191.31
2026-05-28 04:15:00+00:00,1.1591,1.15917,1.15878,1.15879,983.2
2026-05-28 04:30:00+00:00,1.1588,1.15926,1.15878,1.15915,1393.65
2026-05-28 04:45:00+00:00,1.15916,1.15923,1.15901,1.15918,736.2
2026-05-28 05:00:00+00:00,1.15918,1.15932,1.15889,1.15907,804.64
2026-05-28 05:15:00+00:00,1.15907,1.15949,1.159,1.15942,815.89
2026-05-28 05:30:00+00:00,1.15942,1.16001,1.15941,1.15997,1442.45
2026-05-28 05:45:00+00:00,1.15998,1.16019,1.1599,1.15992,741.27
2026-05-28 06:00:00+00:00,1.15991,1.16048,1.15985,1.16042,1282.58
2026-05-28 06:15:00+00:00,1.1604,1.16092,1.16031,1.16068,997.02
2026-05-28 06:30:00+00:00,1.16069,1.16096,1.16054,1.16077,930.1
2026-05-28 06:45:00+00:00,1.16079,1.16122,1.1606,1.16101,717.37
2026-05-28 07:00:00+00:00,1.16101,1.16177,1.16101,1.16171,1293.1
2026-05-28 07:15:00+00:00,1.16171,1.16171,1.16122,1.16123,1278.33
2026-05-28 07:30:00+00:00,1.16125,1.1614,1.161,1.16124,953.93
2026-05-28 07:45:00+00:00,1.16125,1.16138,1.16112,1.16118,673.1800000000001
2026-05-28 08:00:00+00:00,1.16118,1.16158,1.16093,1.1611,904.27
2026-05-28 08:15:00+00:00,1.1611,1.16121,1.16065,1.16094,797.92
2026-05-28 08:30:00+00:00,1.16095,1.1612,1.16089,1.16108,720.97
2026-05-28 08:45:00+00:00,1.16108,1.16167,1.16101,1.16155,651.46
2026-05-28 09:00:00+00:00,1.16154,1.16181,1.16145,1.16181,779.8
2026-05-28 09:15:00+00:00,1.16179,1.16192,1.16155,1.16178,710.1800000000001
2026-05-28 09:30:00+00:00,1.16178,1.16184,1.16143,1.16165,608.49
2026-05-28 09:45:00+00:00,1.16163,1.16178,1.16128,1.1613,634.05
2026-05-28 10:00:00+00:00,1.16128,1.16139,1.16089,1.16128,701.26
2026-05-28 10:15:00+00:00,1.16128,1.16155,1.16097,1.16147,840.39
2026-05-28 10:30:00+00:00,1.16144,1.16147,1.16055,1.1606,626.72
2026-05-28 10:45:00+00:00,1.1606,1.16107,1.16036,1.16036,1366.6299999999999
2026-05-28 11:00:00+00:00,1.16034,1.16081,1.16033,1.16077,1161.88
2026-05-28 11:15:00+00:00,1.16077,1.1611,1.16076,1.16106,501.34
2026-05-28 11:30:00+00:00,1.16106,1.16119,1.1608,1.16112,533.28
2026-05-28 11:45:00+00:00,1.16113,1.16226,1.16103,1.16169,1865.12
2026-05-28 12:00:00+00:00,1.16168,1.16197,1.16155,1.16192,970.48
2026-05-28 12:15:00+00:00,1.16192,1.16257,1.16189,1.16242,924.6
2026-05-28 12:30:00+00:00,1.16241,1.16342,1.16234,1.16324,2496.41
2026-05-28 12:45:00+00:00,1.16324,1.1638,1.1632,1.16364,1712.63
2026-05-28 13:00:00+00:00,1.16367,1.16431,1.16326,1.16327,2148.1
2026-05-28 13:15:00+00:00,1.16325,1.16354,1.16325,1.16327,1554.91
2026-05-28 13:30:00+00:00,1.16329,1.16385,1.1632,1.16374,2489.55
2026-05-28 13:45:00+00:00,1.16372,1.16384,1.1629,1.16302,1733.14
2026-05-28 14:00:00+00:00,1.16303,1.16541,1.16268,1.16462,3605.13
2026-05-28 14:15:00+00:00,1.16459,1.16578,1.16417,1.1654,5647.73
2026-05-28 14:30:00+00:00,1.16542,1.16567,1.16466,1.16517,4076.6
2026-05-28 14:45:00+00:00,1.16517,1.16554,1.16429,1.16475,4354.44
2026-05-28 15:00:00+00:00,1.16477,1.16551,1.16475,1.16535,2421.62
2026-05-28 15:15:00+00:00,1.16535,1.16546,1.16504,1.16529,1757.39
2026-05-28 15:30:00+00:00,1.16531,1.16567,1.16498,1.16511,1378.56
2026-05-28 15:45:00+00:00,1.1651,1.16536,1.16477,1.1648,1153.83
2026-05-28 16:00:00+00:00,1.1648,1.16506,1.16454,1.16503,1151.55
2026-05-28 16:15:00+00:00,1.16505,1.1661,1.16493,1.16571,2113.18
2026-05-28 16:30:00+00:00,1.16571,1.16595,1.16538,1.16562,1252.32
2026-05-28 16:45:00+00:00,1.16563,1.16588,1.16534,1.16567,1255.08
2026-05-28 17:00:00+00:00,1.16568,1.16573,1.16532,1.16548,900.9000000000001
2026-05-28 17:15:00+00:00,1.16547,1.16548,1.16508,1.16509,646.65
2026-05-28 17:30:00+00:00,1.16511,1.16538,1.16509,1.16512,672.69
2026-05-28 17:45:00+00:00,1.16513,1.16543,1.16513,1.16533,664.83
2026-05-28 18:00:00+00:00,1.16531,1.16548,1.16499,1.16521,954.9
2026-05-28 18:15:00+00:00,1.16519,1.16552,1.16483,1.1649,1611.99
2026-05-28 18:30:00+00:00,1.16489,1.16492,1.16465,1.16473,711.0
2026-05-28 18:45:00+00:00,1.16475,1.16501,1.16472,1.16479,596.25
2026-05-28 19:00:00+00:00,1.16478,1.16491,1.16462,1.1647,736.94
2026-05-28 19:15:00+00:00,1.16472,1.1649,1.16469,1.16488,395.1
2026-05-28 19:30:00+00:00,1.16488,1.16511,1.16488,1.16499,628.0600000000001
2026-05-28 19:45:00+00:00,1.16497,1.16514,1.16467,1.16476,1012.66
2026-05-28 20:00:00+00:00,1.16476,1.16481,1.16448,1.1647,543.15
2026-05-28 20:15:00+00:00,1.16472,1.16477,1.1646,1.16465,388.35
2026-05-28 20:30:00+00:00,1.16465,1.16482,1.16463,1.16476,283.5
2026-05-28 20:45:00+00:00,1.16475,1.16509,1.16475,1.16508,323.23
2026-05-28 21:00:00+00:00,1.16495,1.16523,1.1648,1.16503,153.28
2026-05-28 21:15:00+00:00,1.16502,1.16514,1.16498,1.16506,336.15
2026-05-28 21:30:00+00:00,1.16507,1.16511,1.16501,1.16503,730.8
2026-05-28 21:45:00+00:00,1.16506,1.16511,1.16499,1.16508,726.75
2026-05-28 22:00:00+00:00,1.16508,1.16519,1.16502,1.16517,266.4
2026-05-28 22:15:00+00:00,1.16517,1.1652,1.16511,1.16513,88.2
2026-05-28 22:30:00+00:00,1.16513,1.16513,1.16501,1.16506,152.28
2026-05-28 22:45:00+00:00,1.16505,1.16514,1.16497,1.16499,82.35
2026-05-28 23:00:00+00:00,1.16499,1.16528,1.16499,1.16515,348.19
2026-05-28 23:15:00+00:00,1.16516,1.1652,1.16511,1.16514,72.9
2026-05-28 23:30:00+00:00,1.16514,1.16524,1.16506,1.16515,143.1
2026-05-28 23:45:00+00:00,1.16514,1.1653,1.16513,1.16523,180.45
2026-05-29 00:00:00+00:00,1.16523,1.16545,1.1652,1.16532,672.75
2026-05-29 00:15:00+00:00,1.1653,1.16556,1.16522,1.16537,485.1
2026-05-29 00:30:00+00:00,1.16537,1.16537,1.16496,1.16515,500.85
2026-05-29 00:45:00+00:00,1.16514,1.16519,1.16472,1.16486,592.2
2026-05-29 01:00:00+00:00,1.16488,1.16557,1.16477,1.16549,995.85
2026-05-29 01:15:00+00:00,1.1655,1.16563,1.16536,1.16538,778.5
2026-05-29 01:30:00+00:00,1.16538,1.16538,1.16491,1.16494,733.5
2026-05-29 01:45:00+00:00,1.16492,1.16493,1.16432,1.16446,921.0
2026-05-29 02:00:00+00:00,1.16446,1.16474,1.16434,1.16471,634.5
2026-05-29 02:15:00+00:00,1.16471,1.16478,1.16456,1.16464,414.0
2026-05-29 02:30:00+00:00,1.16464,1.16491,1.16457,1.16485,279.45
2026-05-29 02:45:00+00:00,1.16485,1.16491,1.16448,1.16448,339.3
2026-05-29 03:00:00+00:00,1.16449,1.16451,1.16401,1.16408,675.9200000000001
2026-05-29 03:15:00+00:00,1.16409,1.16416,1.16395,1.16409,484.83
2026-05-29 03:30:00+00:00,1.1641,1.16412,1.16362,1.16383,510.21
2026-05-29 03:45:00+00:00,1.16384,1.1639,1.16358,1.16371,518.88
2026-05-29 04:00:00+00:00,1.16371,1.16391,1.16367,1.16376,509.85
2026-05-29 04:15:00+00:00,1.16377,1.1638,1.16354,1.16357,399.15
2026-05-29 04:30:00+00:00,1.16358,1.16392,1.16341,1.16388,451.38
2026-05-29 04:45:00+00:00,1.16386,1.1639,1.16369,1.16389,280.35
2026-05-29 05:00:00+00:00,1.1639,1.16425,1.1638,1.16422,457.2
2026-05-29 05:15:00+00:00,1.16421,1.16435,1.16412,1.16413,364.05
2026-05-29 05:30:00+00:00,1.16414,1.16423,1.16395,1.16399,481.05
2026-05-29 05:45:00+00:00,1.164,1.16427,1.16395,1.16421,402.75
2026-05-29 06:00:00+00:00,1.16421,1.16478,1.16421,1.16478,972.45
2026-05-29 06:15:00+00:00,1.16476,1.16477,1.1645,1.16455,651.15
2026-05-29 06:30:00+00:00,1.16455,1.16501,1.1645,1.16492,1147.03
2026-05-29 06:45:00+00:00,1.16492,1.16543,1.16486,1.16532,829.5
2026-05-29 07:00:00+00:00,1.16531,1.16532,1.16483,1.16491,1230.75
2026-05-29 07:15:00+00:00,1.1649,1.16505,1.16413,1.16435,1161.6
2026-05-29 07:30:00+00:00,1.16436,1.16444,1.16378,1.16432,1315.84
2026-05-29 07:45:00+00:00,1.16432,1.16446,1.16396,1.16417,1034.65
2026-05-29 08:00:00+00:00,1.16416,1.16417,1.1634,1.16349,1647.25
2026-05-29 08:15:00+00:00,1.1635,1.1639,1.16337,1.16389,1031.85
2026-05-29 08:30:00+00:00,1.16388,1.16397,1.16356,1.16373,1064.43
2026-05-29 08:45:00+00:00,1.16372,1.16372,1.16248,1.1628,1674.8
2026-05-29 09:00:00+00:00,1.16281,1.16363,1.16266,1.16362,1221.75
2026-05-29 09:15:00+00:00,1.16361,1.16385,1.1634,1.16364,1163.74
2026-05-29 09:30:00+00:00,1.16364,1.16371,1.1633,1.16368,910.8399999999999
2026-05-29 09:45:00+00:00,1.16366,1.16427,1.16365,1.16416,876.15
2026-05-29 10:00:00+00:00,1.16414,1.16451,1.16378,1.16449,874.6899999999999
2026-05-29 10:15:00+00:00,1.16449,1.1645,1.164,1.16424,760.5
2026-05-29 10:30:00+00:00,1.16426,1.16443,1.16412,1.16425,614.25
2026-05-29 10:45:00+00:00,1.16425,1.16441,1.16407,1.16429,886.62
2026-05-29 11:00:00+00:00,1.16429,1.16448,1.16409,1.16422,851.35
2026-05-29 11:15:00+00:00,1.16423,1.16435,1.16398,1.16434,1033.74
2026-05-29 11:30:00+00:00,1.16431,1.16468,1.16405,1.16456,841.1999999999999
2026-05-29 11:45:00+00:00,1.16456,1.16481,1.16412,1.16475,1376.12
2026-05-29 12:00:00+00:00,1.16475,1.16486,1.1643,1.16458,994.65
2026-05-29 12:15:00+00:00,1.16456,1.16471,1.16438,1.16463,852.1
2026-05-29 12:30:00+00:00,1.16465,1.1647,1.16413,1.16451,1092.73
2026-05-29 12:45:00+00:00,1.1645,1.1649,1.16438,1.16488,960.85
2026-05-29 13:00:00+00:00,1.1649,1.16493,1.16463,1.16473,1503.04
2026-05-29 13:15:00+00:00,1.16473,1.16531,1.16472,1.16498,1178.9
2026-05-29 13:30:00+00:00,1.16496,1.16521,1.16479,1.16507,1273.3
2026-05-29 13:45:00+00:00,1.16507,1.16511,1.16448,1.16471,1479.08
2026-05-29 14:00:00+00:00,1.16473,1.16508,1.16433,1.16434,1783.73
2026-05-29 14:15:00+00:00,1.16434,1.1646,1.16418,1.16459,1758.59
2026-05-29 14:30:00+00:00,1.16459,1.1648,1.16403,1.16475,2444.78
2026-05-29 14:45:00+00:00,1.16475,1.16746,1.16467,1.16686,5834.21
2026-05-29 15:00:00+00:00,1.16685,1.16778,1.16673,1.16764,3596.15
2026-05-29 15:15:00+00:00,1.16764,1.16819,1.16739,1.1675,1855.33
2026-05-29 15:30:00+00:00,1.16752,1.16857,1.16741,1.16761,2591.67
2026-05-29 15:45:00+00:00,1.1676,1.16803,1.16757,1.1678,1572.3
2026-05-29 16:00:00+00:00,1.1678,1.16791,1.16695,1.16696,1270.15
2026-05-29 16:15:00+00:00,1.16693,1.1671,1.16676,1.16697,767.9200000000001
2026-05-29 16:30:00+00:00,1.16698,1.16745,1.16666,1.16708,1528.81
2026-05-29 16:45:00+00:00,1.16708,1.16722,1.16689,1.1672,844.65
2026-05-29 17:00:00+00:00,1.16719,1.16733,1.16687,1.16691,689.62
2026-05-29 17:15:00+00:00,1.16691,1.16703,1.16658,1.16678,826.65
2026-05-29 17:30:00+00:00,1.16677,1.16682,1.16631,1.16644,788.85
2026-05-29 17:45:00+00:00,1.16645,1.16655,1.16621,1.16621,888.75
2026-05-29 18:00:00+00:00,1.16621,1.1664,1.16614,1.1664,798.84
2026-05-29 18:15:00+00:00,1.16641,1.16659,1.16623,1.16645,582.3
2026-05-29 18:30:00+00:00,1.16644,1.16685,1.16644,1.16652,548.55
2026-05-29 18:45:00+00:00,1.16652,1.16677,1.16605,1.16641,1088.32
2026-05-29 19:00:00+00:00,1.16641,1.16691,1.16641,1.16679,611.55
2026-05-29 19:15:00+00:00,1.16677,1.16694,1.16654,1.16678,470.25
2026-05-29 19:30:00+00:00,1.1668,1.16687,1.16664,1.16675,599.85
2026-05-29 19:45:00+00:00,1.16677,1.16679,1.16636,1.16646,1017.0
2026-05-29 20:00:00+00:00,1.16645,1.16649,1.16616,1.1663,548.1
2026-05-29 20:15:00+00:00,1.16629,1.16629,1.16606,1.16612,222.75
2026-05-29 20:30:00+00:00,1.16611,1.16623,1.16602,1.16619,287.1
2026-05-29 20:45:00+00:00,1.16619,1.16619,1.16546,1.16546,710.34
2026-05-31 21:00:00+00:00,1.16527,1.16564,1.16519,1.16538,34.11
2026-05-31 21:15:00+00:00,1.16537,1.16552,1.16528,1.16536,37.34
2026-05-31 21:30:00+00:00,1.16537,1.16572,1.16533,1.16562,170.55
2026-05-31 21:45:00+00:00,1.16563,1.16607,1.16554,1.16583,172.35
2026-05-31 22:00:00+00:00,1.16582,1.16584,1.16511,1.16537,617.1
2026-05-31 22:15:00+00:00,1.16538,1.16557,1.16528,1.16529,257.4
2026-05-31 22:30:00+00:00,1.16532,1.16536,1.16519,1.16534,417.6
2026-05-31 22:45:00+00:00,1.16537,1.1655,1.16533,1.16542,576.45
2026-05-31 23:00:00+00:00,1.16539,1.16555,1.16533,1.16545,645.3
2026-05-31 23:15:00+00:00,1.16542,1.16554,1.16533,1.16551,588.6
2026-05-31 23:30:00+00:00,1.16553,1.16557,1.16536,1.16543,752.85
2026-05-31 23:45:00+00:00,1.16542,1.16546,1.16483,1.16485,1314.9
2026-06-01 00:00:00+00:00,1.16486,1.16534,1.16473,1.16512,1678.95
2026-06-01 00:15:00+00:00,1.16517,1.16519,1.16454,1.16475,1436.85
2026-06-01 00:30:00+00:00,1.16478,1.16485,1.16459,1.16472,1117.8
2026-06-01 00:45:00+00:00,1.16473,1.16484,1.16448,1.16476,631.29
2026-06-01 01:00:00+00:00,1.16477,1.16482,1.16441,1.16458,761.4
2026-06-01 01:15:00+00:00,1.16457,1.16468,1.16435,1.16437,483.3
2026-06-01 01:30:00+00:00,1.16439,1.16453,1.16422,1.16441,592.65
2026-06-01 01:45:00+00:00,1.1644,1.16448,1.1642,1.16447,310.95
2026-06-01 02:00:00+00:00,1.16447,1.16451,1.16436,1.16446,287.55
2026-06-01 02:15:00+00:00,1.16445,1.16453,1.16442,1.16445,179.1
2026-06-01 02:30:00+00:00,1.16445,1.16456,1.16436,1.16444,324.0
2026-06-01 02:45:00+00:00,1.16444,1.16468,1.16443,1.16463,461.7
2026-06-01 03:00:00+00:00,1.16462,1.16489,1.16456,1.16456,456.75
2026-06-01 03:15:00+00:00,1.16455,1.16479,1.16433,1.16475,578.47
2026-06-01 03:30:00+00:00,1.16474,1.16484,1.16415,1.16417,489.15
2026-06-01 03:45:00+00:00,1.16418,1.16442,1.16418,1.16437,315.45
2026-06-01 04:00:00+00:00,1.16436,1.16457,1.16433,1.16452,280.35
2026-06-01 04:15:00+00:00,1.16454,1.16473,1.16454,1.16472,222.3
2026-06-01 04:30:00+00:00,1.16473,1.16484,1.16466,1.16479,179.1
2026-06-01 04:45:00+00:00,1.16479,1.16482,1.16461,1.16481,220.5
2026-06-01 05:00:00+00:00,1.1648,1.16523,1.16477,1.16515,513.0
2026-06-01 05:15:00+00:00,1.16515,1.16522,1.16511,1.16513,247.5
2026-06-01 05:30:00+00:00,1.16514,1.1652,1.16503,1.1652,354.6
2026-06-01 05:45:00+00:00,1.16518,1.16532,1.16508,1.16512,337.5
2026-06-01 06:00:00+00:00,1.16514,1.1656,1.16514,1.16547,1221.75
2026-06-01 06:15:00+00:00,1.16546,1.16555,1.165,1.16512,780.97
2026-06-01 06:30:00+00:00,1.16515,1.1654,1.16509,1.16539,893.25
2026-06-01 06:45:00+00:00,1.16537,1.16648,1.16524,1.16644,1754.1
2026-06-01 07:00:00+00:00,1.16644,1.16647,1.16558,1.16583,1338.03
2026-06-01 07:15:00+00:00,1.16583,1.1661,1.16556,1.16583,1167.75
2026-06-01 07:30:00+00:00,1.16582,1.16588,1.16525,1.16534,753.3
2026-06-01 07:45:00+00:00,1.16533,1.16589,1.16518,1.16566,892.8
2026-06-01 08:00:00+00:00,1.16567,1.16587,1.16547,1.16582,951.3
2026-06-01 08:15:00+00:00,1.16582,1.166,1.16548,1.16586,829.8
2026-06-01 08:30:00+00:00,1.16587,1.16595,1.16569,1.1659,598.95
2026-06-01 08:45:00+00:00,1.16591,1.166,1.16531,1.16577,957.37
2026-06-01 09:00:00+00:00,1.16576,1.16605,1.1651,1.16521,1091.7
2026-06-01 09:15:00+00:00,1.16521,1.16545,1.16481,1.16497,767.25
2026-06-01 09:30:00+00:00,1.16495,1.16511,1.16486,1.16486,792.0
2026-06-01 09:45:00+00:00,1.16486,1.16513,1.16486,1.16507,729.9
2026-06-01 10:00:00+00:00,1.16508,1.1651,1.16486,1.1649,563.34
2026-06-01 10:15:00+00:00,1.16492,1.16495,1.16471,1.16485,639.0
2026-06-01 10:30:00+00:00,1.16483,1.16502,1.16473,1.16495,564.75
2026-06-01 10:45:00+00:00,1.16495,1.16501,1.16459,1.16473,502.65
2026-06-01 11:00:00+00:00,1.16473,1.16478,1.16415,1.16447,778.59
2026-06-01 11:15:00+00:00,1.16448,1.16466,1.16438,1.16463,588.6
2026-06-01 11:30:00+00:00,1.16464,1.16464,1.16429,1.16454,693.0
2026-06-01 11:45:00+00:00,1.16454,1.1648,1.16437,1.16461,741.6
2026-06-01 12:00:00+00:00,1.16462,1.16483,1.16455,1.1646,841.95
2026-06-01 12:15:00+00:00,1.1646,1.16501,1.16455,1.16498,900.0
2026-06-01 12:30:00+00:00,1.16499,1.16505,1.16449,1.16481,1267.2
2026-06-01 12:45:00+00:00,1.16481,1.1649,1.16458,1.16473,974.25
2026-06-01 13:00:00+00:00,1.16471,1.16481,1.16278,1.16321,3876.73
2026-06-01 13:15:00+00:00,1.16322,1.16379,1.16254,1.16273,3921.06
2026-06-01 13:30:00+00:00,1.16274,1.16294,1.16204,1.16207,3686.16
2026-06-01 13:45:00+00:00,1.16206,1.16227,1.16096,1.16097,3034.61
2026-06-01 14:00:00+00:00,1.16098,1.16152,1.16067,1.16141,3739.5
2026-06-01 14:15:00+00:00,1.1614,1.16181,1.1611,1.16143,2975.61
2026-06-01 14:30:00+00:00,1.16141,1.1618,1.16126,1.16172,2023.64
2026-06-01 14:45:00+00:00,1.16175,1.16183,1.16108,1.16173,1926.67
2026-06-01 15:00:00+00:00,1.16174,1.16197,1.16152,1.16165,2590.42
2026-06-01 15:15:00+00:00,1.16166,1.16227,1.1616,1.16217,1625.85
2026-06-01 15:30:00+00:00,1.16217,1.16286,1.16215,1.16249,3189.94
2026-06-01 15:45:00+00:00,1.16249,1.16255,1.16216,1.16229,1073.02
2026-06-01 16:00:00+00:00,1.16231,1.1626,1.16171,1.16188,1330.2
2026-06-01 16:15:00+00:00,1.16187,1.16223,1.16164,1.16213,1085.17
2026-06-01 16:30:00+00:00,1.16216,1.16242,1.16205,1.16211,1394.1
2026-06-01 16:45:00+00:00,1.16211,1.16304,1.16209,1.16296,1536.52
2026-06-01 17:00:00+00:00,1.16297,1.16301,1.16252,1.16263,1124.1
2026-06-01 17:15:00+00:00,1.16263,1.1632,1.16251,1.1632,1078.3899999999999
2026-06-01 17:30:00+00:00,1.16318,1.16379,1.16296,1.16354,2027.92
2026-06-01 17:45:00+00:00,1.16352,1.16371,1.16337,1.16346,1089.45
2026-06-01 18:00:00+00:00,1.16347,1.16352,1.16332,1.16341,676.35
2026-06-01 18:15:00+00:00,1.16339,1.16352,1.16328,1.16333,492.75
2026-06-01 18:30:00+00:00,1.16333,1.16347,1.16323,1.16344,424.35
2026-06-01 18:45:00+00:00,1.16344,1.16346,1.16306,1.16307,525.82
2026-06-01 19:00:00+00:00,1.16306,1.16337,1.16294,1.16314,411.75
2026-06-01 19:15:00+00:00,1.16317,1.16334,1.16315,1.1632,285.48
2026-06-01 19:30:00+00:00,1.1632,1.16333,1.16317,1.16317,424.8
2026-06-01 19:45:00+00:00,1.16316,1.16323,1.16265,1.16317,1222.65
2026-06-01 20:00:00+00:00,1.16314,1.16338,1.16311,1.16315,337.95
2026-06-01 20:15:00+00:00,1.16319,1.16321,1.16302,1.16313,252.9
2026-06-01 20:30:00+00:00,1.16313,1.16331,1.16307,1.16329,578.7
2026-06-01 20:45:00+00:00,1.16328,1.16332,1.16298,1.16299,662.98
2026-06-01 21:00:00+00:00,1.16301,1.16301,1.16278,1.16278,147.72
2026-06-01 21:15:00+00:00,1.16279,1.1632,1.16274,1.16313,134.1
2026-06-01 21:30:00+00:00,1.16316,1.16346,1.16308,1.1634,864.9
2026-06-01 21:45:00+00:00,1.1634,1.16354,1.16318,1.1632,730.8
2026-06-01 22:00:00+00:00,1.16322,1.16337,1.1632,1.16335,207.88
2026-06-01 22:15:00+00:00,1.16335,1.16338,1.1633,1.1633,87.63
2026-06-01 22:30:00+00:00,1.1633,1.16339,1.16326,1.16336,164.25
2026-06-01 22:45:00+00:00,1.1634,1.1634,1.16332,1.16337,116.1
2026-06-01 23:00:00+00:00,1.16336,1.16358,1.16336,1.16349,264.54
2026-06-01 23:15:00+00:00,1.1635,1.16354,1.16345,1.16346,87.24
2026-06-01 23:30:00+00:00,1.16348,1.16362,1.16328,1.1636,280.35
2026-06-01 23:45:00+00:00,1.1636,1.1636,1.16346,1.16352,158.85
2026-06-02 00:00:00+00:00,1.16352,1.16355,1.16298,1.16331,993.59
2026-06-02 00:15:00+00:00,1.16331,1.16343,1.16316,1.1633,593.55
2026-06-02 00:30:00+00:00,1.1633,1.16347,1.16317,1.16323,383.4
2026-06-02 00:45:00+00:00,1.16323,1.16327,1.16291,1.1631,728.5500000000001
2026-06-02 01:00:00+00:00,1.16313,1.16367,1.16311,1.16358,717.3
2026-06-02 01:15:00+00:00,1.16357,1.16357,1.16324,1.16335,461.25
2026-06-02 01:30:00+00:00,1.16335,1.16352,1.16323,1.16328,622.12
2026-06-02 01:45:00+00:00,1.16328,1.16328,1.16283,1.16305,913.5
2026-06-02 02:00:00+00:00,1.16306,1.16321,1.16301,1.16318,547.2
2026-06-02 02:15:00+00:00,1.16317,1.16341,1.16312,1.16337,337.5
2026-06-02 02:30:00+00:00,1.16338,1.16345,1.16302,1.16306,281.7
2026-06-02 02:45:00+00:00,1.16306,1.16316,1.16304,1.16309,304.65
2026-06-02 03:00:00+00:00,1.16309,1.16336,1.16306,1.16328,379.8
2026-06-02 03:15:00+00:00,1.16327,1.16336,1.16314,1.16329,388.8
2026-06-02 03:30:00+00:00,1.16329,1.16344,1.16324,1.16339,368.1
2026-06-02 03:45:00+00:00,1.16338,1.16351,1.16332,1.1634,346.5
2026-06-02 04:00:00+00:00,1.16341,1.16354,1.1634,1.1635,262.35
2026-06-02 04:15:00+00:00,1.1635,1.16363,1.16349,1.16358,278.1
2026-06-02 04:30:00+00:00,1.16358,1.16372,1.16358,1.16367,278.55
2026-06-02 04:45:00+00:00,1.16366,1.16387,1.16362,1.16377,291.59
2026-06-02 05:00:00+00:00,1.16378,1.16391,1.16377,1.16391,408.15
2026-06-02 05:15:00+00:00,1.16389,1.16396,1.16368,1.16375,447.75
2026-06-02 05:30:00+00:00,1.16376,1.16386,1.16374,1.16377,350.77
2026-06-02 05:45:00+00:00,1.16377,1.16377,1.16362,1.1637,261.0
2026-06-02 06:00:00+00:00,1.1637,1.1647,1.16369,1.1645,1082.83
2026-06-02 06:15:00+00:00,1.16451,1.16501,1.16446,1.1649,863.5500000000001
2026-06-02 06:30:00+00:00,1.16489,1.16522,1.16478,1.1648,1084.63
2026-06-02 06:45:00+00:00,1.1648,1.16505,1.16479,1.16503,1030.95
2026-06-02 07:00:00+00:00,1.16503,1.16507,1.16464,1.16464,929.25
2026-06-02 07:15:00+00:00,1.16466,1.16476,1.16448,1.16467,781.27
2026-06-02 07:30:00+00:00,1.16467,1.16488,1.16457,1.16482,504.9
2026-06-02 07:45:00+00:00,1.16483,1.16494,1.16469,1.16487,837.45
2026-06-02 08:00:00+00:00,1.16488,1.16524,1.16462,1.16462,1148.4
2026-06-02 08:15:00+00:00,1.16464,1.16475,1.1645,1.16461,830.25
2026-06-02 08:30:00+00:00,1.16462,1.16477,1.1645,1.16453,633.6
2026-06-02 08:45:00+00:00,1.16452,1.16453,1.16418,1.16435,539.1
2026-06-02 09:00:00+00:00,1.16434,1.16436,1.164,1.16411,748.8
2026-06-02 09:15:00+00:00,1.16412,1.16433,1.16402,1.16432,553.5
2026-06-02 09:30:00+00:00,1.16432,1.16448,1.16424,1.16437,586.57
2026-06-02 09:45:00+00:00,1.16436,1.16445,1.16409,1.16431,679.5
2026-06-02 10:00:00+00:00,1.16432,1.16453,1.16412,1.16437,598.05
2026-06-02 10:15:00+00:00,1.16436,1.16438,1.16382,1.16425,666.6700000000001
2026-06-02 10:30:00+00:00,1.16426,1.16438,1.16415,1.16437,493.2
2026-06-02 10:45:00+00:00,1.16439,1.1646,1.16424,1.16436,492.3
2026-06-02 11:00:00+00:00,1.16435,1.16458,1.16435,1.16441,442.8
2026-06-02 11:15:00+00:00,1.16442,1.16467,1.16438,1.16466,508.5
2026-06-02 11:30:00+00:00,1.16467,1.16503,1.16462,1.16502,496.35
2026-06-02 11:45:00+00:00,1.16501,1.16527,1.16492,1.16492,665.55
2026-06-02 12:00:00+00:00,1.16493,1.16511,1.16483,1.16486,999.8100000000001
2026-06-02 12:15:00+00:00,1.16486,1.16539,1.16475,1.16523,1142.1
2026-06-02 12:30:00+00:00,1.16521,1.16555,1.16492,1.16508,1213.42
2026-06-02 12:45:00+00:00,1.16509,1.16523,1.16491,1.16503,754.2
2026-06-02 13:00:00+00:00,1.16504,1.16523,1.16473,1.16484,1866.6
2026-06-02 13:15:00+00:00,1.16486,1.16501,1.16454,1.16456,1075.95
2026-06-02 13:30:00+00:00,1.16458,1.1648,1.16441,1.16441,1678.05
2026-06-02 13:45:00+00:00,1.16442,1.16451,1.16394,1.16433,1239.36
2026-06-02 14:00:00+00:00,1.16431,1.16431,1.16361,1.16415,1714.89
2026-06-02 14:15:00+00:00,1.16415,1.16435,1.16364,1.16396,1225.34
2026-06-02 14:30:00+00:00,1.16396,1.16498,1.16392,1.16464,1394.91
2026-06-02 14:45:00+00:00,1.16464,1.16467,1.16423,1.16434,1621.79
2026-06-02 15:00:00+00:00,1.16433,1.16445,1.16385,1.16415,1327.04
2026-06-02 15:15:00+00:00,1.16417,1.16451,1.16354,1.16368,1413.45
2026-06-02 15:30:00+00:00,1.16372,1.16408,1.16362,1.16402,1216.35
2026-06-02 15:45:00+00:00,1.16402,1.16417,1.16392,1.16404,906.3
2026-06-02 16:00:00+00:00,1.16406,1.16411,1.16357,1.16376,925.2
2026-06-02 16:15:00+00:00,1.16374,1.16381,1.16302,1.16306,817.2
2026-06-02 16:30:00+00:00,1.16307,1.16315,1.16267,1.16283,686.57
2026-06-02 16:45:00+00:00,1.16283,1.16294,1.16267,1.16282,616.95
2026-06-02 17:00:00+00:00,1.16282,1.16297,1.16247,1.16259,725.85
2026-06-02 17:15:00+00:00,1.1626,1.16269,1.16231,1.16244,855.28
2026-06-02 17:30:00+00:00,1.16242,1.16252,1.16222,1.1623,614.7
2026-06-02 17:45:00+00:00,1.16229,1.16229,1.16201,1.16215,371.25
2026-06-02 18:00:00+00:00,1.16215,1.16226,1.16176,1.16183,549.9
2026-06-02 18:15:00+00:00,1.16183,1.1621,1.16134,1.16204,921.37
2026-06-02 18:30:00+00:00,1.16205,1.16259,1.16205,1.16247,955.33
2026-06-02 18:45:00+00:00,1.16248,1.16298,1.16246,1.16283,558.45
2026-06-02 19:00:00+00:00,1.16284,1.16322,1.16284,1.16322,447.84
2026-06-02 19:15:00+00:00,1.16323,1.16328,1.16306,1.16316,479.25
2026-06-02 19:30:00+00:00,1.16317,1.16325,1.16307,1.16312,302.4
2026-06-02 19:45:00+00:00,1.16314,1.16325,1.16307,1.16323,551.7
2026-06-02 20:00:00+00:00,1.16323,1.16346,1.16321,1.16333,327.15
2026-06-02 20:15:00+00:00,1.16333,1.16335,1.16314,1.16318,198.9
2026-06-02 20:30:00+00:00,1.16318,1.16323,1.163,1.16311,212.85
2026-06-02 20:45:00+00:00,1.16313,1.16319,1.16302,1.1631,551.6
2026-06-02 21:00:00+00:00,1.16307,1.16307,1.16225,1.16292,1072.45
2026-06-02 21:15:00+00:00,1.16292,1.16303,1.16291,1.16294,198.0
2026-06-02 21:30:00+00:00,1.16293,1.16299,1.16292,1.16295,528.3
2026-06-02 21:45:00+00:00,1.16296,1.16315,1.16273,1.16276,431.1
2026-06-02 22:00:00+00:00,1.16287,1.16297,1.16268,1.1627,327.90999999999997
2026-06-02 22:15:00+00:00,1.16272,1.16288,1.16268,1.16284,77.17
2026-06-02 22:30:00+00:00,1.16284,1.16289,1.1628,1.16284,91.8
2026-06-02 22:45:00+00:00,1.16288,1.16288,1.1626,1.16264,407.6
2026-06-02 23:00:00+00:00,1.16262,1.16271,1.16245,1.16248,592.81
2026-06-02 23:15:00+00:00,1.1625,1.16252,1.1622,1.16229,367.17
2026-06-02 23:30:00+00:00,1.16229,1.16235,1.16197,1.16218,561.82
2026-06-02 23:45:00+00:00,1.16216,1.16219,1.16197,1.16211,441.9
2026-06-03 00:00:00+00:00,1.16209,1.16237,1.16203,1.16232,741.6
2026-06-03 00:15:00+00:00,1.16232,1.16272,1.16223,1.1627,585.0
2026-06-03 00:30:00+00:00,1.16272,1.16307,1.16268,1.16289,302.4
2026-06-03 00:45:00+00:00,1.16287,1.16292,1.16273,1.16285,417.6
2026-06-03 01:00:00+00:00,1.16287,1.16294,1.16261,1.16278,834.75
2026-06-03 01:15:00+00:00,1.16277,1.1631,1.16269,1.16305,416.7
2026-06-03 01:30:00+00:00,1.16305,1.16324,1.16284,1.16317,777.6
2026-06-03 01:45:00+00:00,1.16315,1.16335,1.16275,1.16294,551.25
2026-06-03 02:00:00+00:00,1.16294,1.16319,1.16292,1.16306,342.0
2026-06-03 02:15:00+00:00,1.16306,1.16308,1.16283,1.16285,330.75
2026-06-03 02:30:00+00:00,1.16286,1.16295,1.16271,1.1628,397.35
2026-06-03 02:45:00+00:00,1.16279,1.16284,1.16248,1.16279,612.4499999999999
2026-06-03 03:00:00+00:00,1.1628,1.16295,1.16273,1.16282,450.9
2026-06-03 03:15:00+00:00,1.16282,1.1629,1.16269,1.16269,256.05
2026-06-03 03:30:00+00:00,1.16269,1.16294,1.16263,1.16283,269.55
2026-06-03 03:45:00+00:00,1.16283,1.16288,1.16267,1.16275,216.0
2026-06-03 04:00:00+00:00,1.16276,1.1628,1.16254,1.16257,317.25
2026-06-03 04:15:00+00:00,1.16257,1.16263,1.16246,1.16246,312.3
2026-06-03 04:30:00+00:00,1.16247,1.16258,1.16245,1.16258,266.84999999999997
2026-06-03 04:45:00+00:00,1.16256,1.16259,1.16243,1.16255,248.85
2026-06-03 05:00:00+00:00,1.16253,1.16268,1.16245,1.16262,331.65
2026-06-03 05:15:00+00:00,1.16262,1.1627,1.16217,1.16221,534.6
2026-06-03 05:30:00+00:00,1.16223,1.1624,1.16212,1.16217,774.0
2026-06-03 05:45:00+00:00,1.16217,1.16231,1.16184,1.16186,673.65
2026-06-03 06:00:00+00:00,1.16185,1.16224,1.16143,1.16173,1300.5
2026-06-03 06:15:00+00:00,1.16173,1.16184,1.16122,1.1616,1161.0
2026-06-03 06:30:00+00:00,1.1616,1.16186,1.16134,1.16143,1163.7
2026-06-03 06:45:00+00:00,1.16143,1.16173,1.16131,1.16163,891.0
2026-06-03 07:00:00+00:00,1.16162,1.16207,1.16131,1.16182,1194.3
2026-06-03 07:15:00+00:00,1.16184,1.16197,1.16138,1.16138,682.58
2026-06-03 07:30:00+00:00,1.16137,1.16244,1.16128,1.16216,1997.3
2026-06-03 07:45:00+00:00,1.16218,1.16222,1.16157,1.16161,1113.3
2026-06-03 08:00:00+00:00,1.16161,1.16168,1.16119,1.16121,1332.86
2026-06-03 08:15:00+00:00,1.1612,1.16129,1.16096,1.1612,893.16
2026-06-03 08:30:00+00:00,1.1612,1.16153,1.16051,1.16061,1712.25
2026-06-03 08:45:00+00:00,1.16063,1.16104,1.16062,1.16079,924.73
2026-06-03 09:00:00+00:00,1.16081,1.16133,1.16077,1.16118,1019.25
2026-06-03 09:15:00+00:00,1.16118,1.16158,1.16108,1.16121,1025.32
2026-06-03 09:30:00+00:00,1.16121,1.16142,1.16095,1.16142,968.16
2026-06-03 09:45:00+00:00,1.1614,1.16154,1.16107,1.16133,936.97
2026-06-03 10:00:00+00:00,1.16136,1.16229,1.16127,1.16152,2318.84
2026-06-03 10:15:00+00:00,1.16152,1.16159,1.16133,1.16153,813.6
2026-06-03 10:30:00+00:00,1.16152,1.16177,1.16144,1.16165,773.1
2026-06-03 10:45:00+00:00,1.16167,1.1617,1.16145,1.16161,799.65
2026-06-03 11:00:00+00:00,1.16164,1.16188,1.16153,1.16182,765.0
2026-06-03 11:15:00+00:00,1.16181,1.16202,1.16172,1.16201,726.3
2026-06-03 11:30:00+00:00,1.16202,1.16208,1.16177,1.1618,525.15
2026-06-03 11:45:00+00:00,1.16178,1.16225,1.16163,1.16177,1075.95
2026-06-03 12:00:00+00:00,1.16178,1.16184,1.16123,1.16138,1422.67
2026-06-03 12:15:00+00:00,1.16137,1.16141,1.16068,1.16069,1198.34
2026-06-03 12:30:00+00:00,1.16068,1.16069,1.15964,1.16052,1925.1
2026-06-03 12:45:00+00:00,1.16052,1.16053,1.15974,1.16004,1291.5
2026-06-03 13:00:00+00:00,1.16006,1.16035,1.15989,1.16014,1499.17
2026-06-03 13:15:00+00:00,1.16015,1.16047,1.15972,1.16039,1697.4
2026-06-03 13:30:00+00:00,1.16041,1.16062,1.16022,1.16028,2171.92
2026-06-03 13:45:00+00:00,1.16027,1.16047,1.15987,1.1603,2419.54
2026-06-03 14:00:00+00:00,1.16026,1.16085,1.15999,1.16064,2379.59
2026-06-03 14:15:00+00:00,1.16063,1.16076,1.15994,1.16036,2310.29
2026-06-03 14:30:00+00:00,1.16036,1.16043,1.1596,1.15962,2080.79
2026-06-03 14:45:00+00:00,1.15961,1.16122,1.15947,1.1612,3896.02
2026-06-03 15:00:00+00:00,1.16121,1.16129,1.16024,1.1607,2416.11
2026-06-03 15:15:00+00:00,1.16069,1.16113,1.16051,1.16073,2288.92
2026-06-03 15:30:00+00:00,1.16072,1.16103,1.16041,1.16063,1441.79
2026-06-03 15:45:00+00:00,1.16064,1.16075,1.16041,1.16047,1155.15
2026-06-03 16:00:00+00:00,1.16049,1.16049,1.15971,1.15982,1547.35
2026-06-03 16:15:00+00:00,1.15982,1.16002,1.15956,1.15994,1231.41
2026-06-03 16:30:00+00:00,1.15994,1.16001,1.1595,1.15962,1170.45
2026-06-03 16:45:00+00:00,1.15962,1.16016,1.15956,1.16,1365.29
2026-06-03 17:00:00+00:00,1.16002,1.16035,1.15981,1.16003,1060.42
2026-06-03 17:15:00+00:00,1.16002,1.16005,1.15971,1.15972,606.6
2026-06-03 17:30:00+00:00,1.15971,1.15997,1.15969,1.15981,262.8
2026-06-03 17:45:00+00:00,1.15981,1.15993,1.15967,1.15984,527.85
2026-06-03 18:00:00+00:00,1.15985,1.15992,1.15959,1.15962,607.05
2026-06-03 18:15:00+00:00,1.15963,1.15981,1.15952,1.15978,576.0
2026-06-03 18:30:00+00:00,1.15979,1.15979,1.15954,1.15971,728.17
2026-06-03 18:45:00+00:00,1.1597,1.15996,1.1597,1.15982,669.15
2026-06-03 19:00:00+00:00,1.15982,1.16,1.15977,1.15981,482.4
2026-06-03 19:15:00+00:00,1.1598,1.16009,1.1597,1.15972,627.63
2026-06-03 19:30:00+00:00,1.15973,1.15991,1.15972,1.1598,396.45
2026-06-03 19:45:00+00:00,1.15979,1.15989,1.15973,1.1598,476.1
2026-06-03 20:00:00+00:00,1.15981,1.15992,1.15969,1.15987,285.3
2026-06-03 20:15:00+00:00,1.15986,1.16004,1.15981,1.15993,298.35
2026-06-03 20:30:00+00:00,1.15993,1.16,1.15978,1.15982,217.35
2026-06-03 20:45:00+00:00,1.15982,1.15999,1.15965,1.15971,356.61
2026-06-03 21:00:00+00:00,1.15966,1.15986,1.15958,1.15971,233.3
2026-06-03 21:15:00+00:00,1.15972,1.15975,1.15967,1.15968,123.3
2026-06-03 21:30:00+00:00,1.15967,1.15991,1.15967,1.15991,711.0
2026-06-03 21:45:00+00:00,1.15995,1.16003,1.15967,1.15975,345.6
2026-06-03 22:00:00+00:00,1.15974,1.15989,1.15948,1.15956,375.47
2026-06-03 22:15:00+00:00,1.15957,1.15972,1.15945,1.15967,221.4
2026-06-03 22:30:00+00:00,1.15969,1.15987,1.15966,1.15974,229.5
2026-06-03 22:45:00+00:00,1.15974,1.16123,1.15968,1.16056,1102.54
2026-06-03 23:00:00+00:00,1.16056,1.16083,1.16012,1.16048,1264.26
2026-06-03 23:15:00+00:00,1.16048,1.16059,1.16037,1.16051,398.46
2026-06-03 23:30:00+00:00,1.16052,1.16072,1.16046,1.16068,361.78999999999996
2026-06-03 23:45:00+00:00,1.16068,1.16108,1.16067,1.16088,634.0500000000001
2026-06-04 00:00:00+00:00,1.1609,1.1611,1.16054,1.16085,1359.22
2026-06-04 00:15:00+00:00,1.16083,1.16125,1.16074,1.16094,949.95
2026-06-04 00:30:00+00:00,1.16094,1.16119,1.1608,1.16112,855.4499999999999
2026-06-04 00:45:00+00:00,1.16113,1.16115,1.16057,1.16066,663.75
2026-06-04 01:00:00+00:00,1.16067,1.16073,1.16039,1.16063,805.95
2026-06-04 01:15:00+00:00,1.16061,1.16085,1.16052,1.16077,793.35
2026-06-04 01:30:00+00:00,1.16078,1.16101,1.1607,1.16076,875.23
2026-06-04 01:45:00+00:00,1.16079,1.16098,1.16073,1.16094,635.4
2026-06-04 02:00:00+00:00,1.16094,1.16102,1.16076,1.16076,945.45
2026-06-04 02:15:00+00:00,1.16076,1.1608,1.16062,1.16076,633.6
2026-06-04 02:30:00+00:00,1.16077,1.16094,1.16075,1.16092,445.5
2026-06-04 02:45:00+00:00,1.16092,1.16111,1.16092,1.16101,356.85
2026-06-04 03:00:00+00:00,1.16101,1.16101,1.16039,1.16043,421.65
2026-06-04 03:15:00+00:00,1.16045,1.16062,1.16024,1.16035,308.25
2026-06-04 03:30:00+00:00,1.16033,1.16049,1.16026,1.16033,423.0
2026-06-04 03:45:00+00:00,1.16033,1.16061,1.16027,1.1606,251.55
2026-06-04 04:00:00+00:00,1.1606,1.1606,1.16039,1.16044,319.05
2026-06-04 04:15:00+00:00,1.16043,1.1606,1.16043,1.16058,356.4
2026-06-04 04:30:00+00:00,1.16058,1.16129,1.16058,1.1611,1283.85
2026-06-04 04:45:00+00:00,1.1611,1.16125,1.16083,1.16096,333.0
2026-06-04 05:00:00+00:00,1.16095,1.16104,1.16073,1.16084,508.95
2026-06-04 05:15:00+00:00,1.16081,1.16091,1.16054,1.16057,422.1
2026-06-04 05:30:00+00:00,1.16057,1.16088,1.16052,1.16082,558.9
2026-06-04 05:45:00+00:00,1.16082,1.16103,1.16074,1.16097,602.55
2026-06-04 06:00:00+00:00,1.16099,1.16124,1.16089,1.16122,940.95
2026-06-04 06:15:00+00:00,1.16121,1.16127,1.16069,1.16105,701.55
2026-06-04 06:30:00+00:00,1.16105,1.16148,1.16085,1.1613,1160.32
2026-06-04 06:45:00+00:00,1.16129,1.16129,1.16078,1.16107,1011.15
2026-06-04 07:00:00+00:00,1.16106,1.16126,1.16091,1.16105,1062.9
2026-06-04 07:15:00+00:00,1.16105,1.16114,1.16035,1.16063,815.85
2026-06-04 07:30:00+00:00,1.16062,1.16072,1.15984,1.16014,1159.65
2026-06-04 07:45:00+00:00,1.16013,1.16043,1.15998,1.1604,867.15
2026-06-04 08:00:00+00:00,1.16037,1.16076,1.16034,1.16053,1164.06
2026-06-04 08:15:00+00:00,1.16054,1.16108,1.16052,1.16103,1112.85
2026-06-04 08:30:00+00:00,1.16104,1.16139,1.16067,1.16075,1168.01
2026-06-04 08:45:00+00:00,1.16073,1.16138,1.16073,1.16131,759.6
2026-06-04 09:00:00+00:00,1.1613,1.16197,1.1613,1.16189,1491.3
2026-06-04 09:15:00+00:00,1.16189,1.16224,1.16181,1.16205,1153.16
2026-06-04 09:30:00+00:00,1.16207,1.16272,1.16191,1.16265,1198.8
2026-06-04 09:45:00+00:00,1.16267,1.16283,1.16242,1.16257,1111.72
2026-06-04 10:00:00+00:00,1.16255,1.16305,1.16251,1.16296,1120.77
2026-06-04 10:15:00+00:00,1.16295,1.16304,1.16258,1.16286,720.45
2026-06-04 10:30:00+00:00,1.16285,1.16334,1.1628,1.16323,990.45
2026-06-04 10:45:00+00:00,1.16322,1.16339,1.16276,1.16303,1186.84
2026-06-04 11:00:00+00:00,1.16304,1.16368,1.16301,1.16352,1200.59
2026-06-04 11:15:00+00:00,1.16353,1.16434,1.1635,1.16406,1368.0
2026-06-04 11:30:00+00:00,1.16407,1.16442,1.16368,1.16437,1535.87
2026-06-04 11:45:00+00:00,1.16438,1.1645,1.16409,1.16417,1288.79
2026-06-04 12:00:00+00:00,1.16416,1.16451,1.16344,1.16377,2195.6
2026-06-04 12:15:00+00:00,1.16379,1.16399,1.16366,1.16379,1163.87
2026-06-04 12:30:00+00:00,1.16384,1.16413,1.16379,1.16398,1080.22
2026-06-04 12:45:00+00:00,1.16398,1.16433,1.16368,1.16369,1296.3600000000001
2026-06-04 13:00:00+00:00,1.16369,1.16398,1.16341,1.16347,1315.84
2026-06-04 13:15:00+00:00,1.16348,1.16378,1.16339,1.16363,1317.15
2026-06-04 13:30:00+00:00,1.16366,1.16394,1.16347,1.16394,1973.8600000000001
2026-06-04 13:45:00+00:00,1.16394,1.16397,1.16352,1.16359,1837.72
2026-06-04 14:00:00+00:00,1.16359,1.16398,1.16321,1.16334,2023.26
2026-06-04 14:15:00+00:00,1.16335,1.16348,1.16311,1.16315,1007.01
2026-06-04 14:30:00+00:00,1.16313,1.16327,1.1629,1.16313,938.87
2026-06-04 14:45:00+00:00,1.16313,1.16331,1.16294,1.16303,1362.96
2026-06-04 15:00:00+00:00,1.16304,1.16314,1.16235,1.16249,1650.15
2026-06-04 15:15:00+00:00,1.16249,1.16263,1.16223,1.16235,1017.45
2026-06-04 15:30:00+00:00,1.16237,1.16265,1.16223,1.16236,1070.32
2026-06-04 15:45:00+00:00,1.16235,1.16297,1.16226,1.16281,999.9
2026-06-04 16:00:00+00:00,1.16282,1.1629,1.16263,1.16275,793.35
2026-06-04 16:15:00+00:00,1.16276,1.16297,1.16267,1.16281,418.95
2026-06-04 16:30:00+00:00,1.16281,1.16288,1.16253,1.16263,586.8
2026-06-04 16:45:00+00:00,1.16262,1.16262,1.16231,1.16234,530.5500000000001
2026-06-04 17:00:00+00:00,1.16234,1.16239,1.1621,1.16214,620.55
2026-06-04 17:15:00+00:00,1.16213,1.1622,1.16199,1.16202,471.15
2026-06-04 17:30:00+00:00,1.16201,1.16218,1.16198,1.16206,664.65
2026-06-04 17:45:00+00:00,1.16204,1.1621,1.16194,1.16207,319.95
2026-06-04 18:00:00+00:00,1.16206,1.16224,1.16197,1.16203,417.15
2026-06-04 18:15:00+00:00,1.16204,1.16205,1.16163,1.16164,271.8
2026-06-04 18:30:00+00:00,1.16165,1.16177,1.16149,1.16162,518.4
2026-06-04 18:45:00+00:00,1.16162,1.16174,1.16132,1.1615,523.35
2026-06-04 19:00:00+00:00,1.16148,1.16161,1.16112,1.16118,598.95
2026-06-04 19:15:00+00:00,1.16122,1.16128,1.16119,1.16122,415.8
2026-06-04 19:30:00+00:00,1.16122,1.16128,1.16108,1.16113,340.2
2026-06-04 19:45:00+00:00,1.16113,1.16131,1.16105,1.16123,641.06
2026-06-04 20:00:00+00:00,1.16124,1.16135,1.16101,1.16101,301.5
2026-06-04 20:15:00+00:00,1.16099,1.16113,1.16087,1.16092,273.15
2026-06-04 20:30:00+00:00,1.1609,1.16106,1.16081,1.16103,194.39999999999998
2026-06-04 20:45:00+00:00,1.16104,1.16118,1.16095,1.16101,364.5
2026-06-04 21:00:00+00:00,1.16099,1.16127,1.1609,1.16102,218.70000000000002
2026-06-04 21:15:00+00:00,1.16104,1.16137,1.16101,1.16136,184.95
2026-06-04 21:30:00+00:00,1.16137,1.16153,1.16103,1.16125,541.03
2026-06-04 21:45:00+00:00,1.16125,1.16142,1.16122,1.16123,97.2
2026-06-04 22:00:00+00:00,1.16123,1.16135,1.16122,1.16125,177.3
2026-06-04 22:15:00+00:00,1.16126,1.16128,1.16118,1.16127,77.85
2026-06-04 22:30:00+00:00,1.16126,1.16129,1.16112,1.16112,84.6
2026-06-04 22:45:00+00:00,1.16113,1.16119,1.16107,1.16118,150.75
2026-06-04 23:00:00+00:00,1.16119,1.1613,1.16118,1.16127,162.0
2026-06-04 23:15:00+00:00,1.16128,1.16137,1.16127,1.16129,162.45
2026-06-04 23:30:00+00:00,1.1613,1.1613,1.16118,1.16124,158.85
2026-06-04 23:45:00+00:00,1.16124,1.16134,1.16119,1.16122,210.15
2026-06-05 00:00:00+00:00,1.16121,1.1614,1.16108,1.16114,733.95
2026-06-05 00:15:00+00:00,1.16116,1.16132,1.16109,1.16128,736.2
2026-06-05 00:30:00+00:00,1.16129,1.16133,1.16114,1.16114,577.8000000000001
2026-06-05 00:45:00+00:00,1.16115,1.16134,1.16109,1.16127,494.55
2026-06-05 01:00:00+00:00,1.16128,1.16139,1.16113,1.16118,780.75
2026-06-05 01:15:00+00:00,1.16118,1.16132,1.16097,1.16115,761.85
2026-06-05 01:30:00+00:00,1.16117,1.16141,1.16111,1.16134,896.4
2026-06-05 01:45:00+00:00,1.16134,1.16149,1.16129,1.16135,663.75
2026-06-05 02:00:00+00:00,1.16137,1.16159,1.16123,1.16153,457.2
2026-06-05 02:15:00+00:00,1.16154,1.16165,1.16146,1.1616,404.46
2026-06-05 02:30:00+00:00,1.16159,1.1616,1.16133,1.16141,336.6
2026-06-05 02:45:00+00:00,1.16142,1.16152,1.16135,1.16138,451.8
2026-06-05 03:00:00+00:00,1.16139,1.16149,1.16136,1.16141,305.55
2026-06-05 03:15:00+00:00,1.16142,1.16156,1.16137,1.16144,359.1
2026-06-05 03:30:00+00:00,1.16146,1.1615,1.16136,1.16137,220.05
2026-06-05 03:45:00+00:00,1.16139,1.16148,1.16135,1.16148,215.99
2026-06-05 04:00:00+00:00,1.16148,1.16156,1.16142,1.16145,402.75
2026-06-05 04:15:00+00:00,1.16147,1.16165,1.16137,1.16137,394.2
2026-06-05 04:30:00+00:00,1.16138,1.16159,1.16137,1.16152,477.45
2026-06-05 04:45:00+00:00,1.16154,1.1617,1.16148,1.1616,380.38
2026-06-05 05:00:00+00:00,1.16159,1.16163,1.16148,1.16155,402.52
2026-06-05 05:15:00+00:00,1.16156,1.16163,1.16151,1.16159,257.4
2026-06-05 05:30:00+00:00,1.16158,1.16192,1.16158,1.1617,376.2
2026-06-05 05:45:00+00:00,1.16171,1.1618,1.16152,1.16154,400.5
2026-06-05 06:00:00+00:00,1.16155,1.1616,1.16129,1.16148,781.65
2026-06-05 06:15:00+00:00,1.16151,1.16179,1.1613,1.16177,612.9
2026-06-05 06:30:00+00:00,1.16178,1.16217,1.16173,1.16217,716.85
2026-06-05 06:45:00+00:00,1.16218,1.16226,1.16185,1.16223,713.25
2026-06-05 07:00:00+00:00,1.1622,1.1627,1.16216,1.16261,913.95
2026-06-05 07:15:00+00:00,1.16262,1.16301,1.16259,1.16301,688.05
2026-06-05 07:30:00+00:00,1.16299,1.16371,1.16293,1.16332,1039.72
2026-06-05 07:45:00+00:00,1.1633,1.1636,1.16318,1.16319,784.35
2026-06-05 08:00:00+00:00,1.16319,1.16394,1.16317,1.16392,904.1800000000001
2026-06-05 08:15:00+00:00,1.16394,1.16398,1.16362,1.16377,1421.55
2026-06-05 08:30:00+00:00,1.16376,1.16397,1.16364,1.16377,793.8
2026-06-05 08:45:00+00:00,1.16379,1.1639,1.16364,1.16366,619.2
2026-06-05 09:00:00+00:00,1.16366,1.16438,1.16345,1.16419,1452.6
2026-06-05 09:15:00+00:00,1.16422,1.16442,1.16391,1.16393,895.95
2026-06-05 09:30:00+00:00,1.16395,1.16403,1.16376,1.16384,435.37
2026-06-05 09:45:00+00:00,1.16385,1.16396,1.16373,1.16386,362.7
2026-06-05 10:00:00+00:00,1.16385,1.16403,1.16384,1.16397,418.95
2026-06-05 10:15:00+00:00,1.16399,1.16423,1.16392,1.16421,483.3
2026-06-05 10:30:00+00:00,1.1642,1.16441,1.16403,1.16411,680.85
2026-06-05 10:45:00+00:00,1.16411,1.16424,1.16387,1.16403,539.55
2026-06-05 11:00:00+00:00,1.16401,1.16404,1.16352,1.1636,607.05
2026-06-05 11:15:00+00:00,1.1636,1.16394,1.16353,1.16389,572.17
2026-06-05 11:30:00+00:00,1.16388,1.16395,1.16342,1.16357,840.6
2026-06-05 11:45:00+00:00,1.16358,1.16419,1.16354,1.16415,810.0
2026-06-05 12:00:00+00:00,1.16416,1.16427,1.16384,1.16405,1349.32
2026-06-05 12:15:00+00:00,1.16404,1.16407,1.16344,1.16344,1166.85
2026-06-05 12:30:00+00:00,1.16346,1.16352,1.16053,1.1607,6782.65
2026-06-05 12:45:00+00:00,1.16069,1.16082,1.15861,1.15863,3708.02
2026-06-05 13:00:00+00:00,1.15864,1.15995,1.1584,1.15955,6321.96
2026-06-05 13:15:00+00:00,1.15954,1.15989,1.15837,1.15846,3138.65
2026-06-05 13:30:00+00:00,1.15846,1.15866,1.15768,1.15808,4369.58
2026-06-05 13:45:00+00:00,1.15811,1.15854,1.15717,1.15719,3617.29
2026-06-05 14:00:00+00:00,1.15718,1.15805,1.15608,1.15622,4331.96
2026-06-05 14:15:00+00:00,1.15622,1.15623,1.15538,1.15557,2775.18
2026-06-05 14:30:00+00:00,1.15557,1.15618,1.15496,1.15515,2611.84
2026-06-05 14:45:00+00:00,1.15514,1.156,1.15514,1.15588,2825.83
2026-06-05 15:00:00+00:00,1.15591,1.156,1.1546,1.15465,2414.33
2026-06-05 15:15:00+00:00,1.15465,1.15509,1.15438,1.15466,2783.25
2026-06-05 15:30:00+00:00,1.15464,1.1548,1.15344,1.15364,1879.56
2026-06-05 15:45:00+00:00,1.15365,1.15366,1.15314,1.15325,1623.53
2026-06-05 16:00:00+00:00,1.15324,1.15325,1.15263,1.15281,2609.91
2026-06-05 16:15:00+00:00,1.1528,1.15305,1.15231,1.15267,2245.59
2026-06-05 16:30:00+00:00,1.15266,1.15266,1.15223,1.15247,1442.02
2026-06-05 16:45:00+00:00,1.15247,1.15329,1.15244,1.15321,1664.09
2026-06-05 17:00:00+00:00,1.15322,1.1533,1.15266,1.15288,1392.75
2026-06-05 17:15:00+00:00,1.15288,1.15296,1.1526,1.15271,1385.73
2026-06-05 17:30:00+00:00,1.1527,1.15276,1.1522,1.15224,1162.79
2026-06-05 17:45:00+00:00,1.15223,1.15254,1.15194,1.15241,1214.1
2026-06-05 18:00:00+00:00,1.15241,1.15251,1.15194,1.15209,1131.3
2026-06-05 18:15:00+00:00,1.15208,1.15259,1.15201,1.15223,1333.79
2026-06-05 18:30:00+00:00,1.15221,1.15267,1.15219,1.1523,971.1
2026-06-05 18:45:00+00:00,1.15228,1.15289,1.15209,1.15228,1545.3700000000001
2026-06-05 19:00:00+00:00,1.15228,1.15235,1.15187,1.15198,1293.75
2026-06-05 19:15:00+00:00,1.15197,1.15223,1.15183,1.15218,1101.82
2026-06-05 19:30:00+00:00,1.15219,1.15248,1.15204,1.1524,683.55
2026-06-05 19:45:00+00:00,1.15239,1.15272,1.15235,1.15251,737.94
2026-06-05 20:00:00+00:00,1.1525,1.15253,1.15179,1.1518,629.1
2026-06-05 20:15:00+00:00,1.1518,1.1524,1.15179,1.15234,371.92
2026-06-05 20:30:00+00:00,1.15236,1.15261,1.15216,1.15224,452.69
2026-06-05 20:45:00+00:00,1.15226,1.15246,1.15185,1.15193,1192.23
2026-06-07 21:00:00+00:00,1.15093,1.15113,1.15093,1.15113,54.08
2026-06-07 21:15:00+00:00,1.15113,1.15125,1.15089,1.15106,69.59
2026-06-07 21:30:00+00:00,1.15104,1.15121,1.15092,1.15096,135.82999999999998
2026-06-07 21:45:00+00:00,1.15097,1.15108,1.15081,1.15104,127.35
2026-06-07 22:00:00+00:00,1.15102,1.15169,1.15089,1.15169,929.02
2026-06-07 22:15:00+00:00,1.15168,1.15186,1.15131,1.15134,958.8199999999999
2026-06-07 22:30:00+00:00,1.15132,1.15164,1.15119,1.1514,382.5
2026-06-07 22:45:00+00:00,1.15138,1.15153,1.15104,1.1513,677.91
2026-06-07 23:00:00+00:00,1.15129,1.15177,1.15129,1.15175,761.4
2026-06-07 23:15:00+00:00,1.15174,1.15202,1.15173,1.15182,635.85
2026-06-07 23:30:00+00:00,1.15182,1.15204,1.15177,1.15195,312.97
2026-06-07 23:45:00+00:00,1.15192,1.15227,1.15184,1.15219,451.8
2026-06-08 00:00:00+00:00,1.15218,1.15245,1.15209,1.1523,566.1
2026-06-08 00:15:00+00:00,1.1523,1.15246,1.15208,1.15225,545.85
2026-06-08 00:30:00+00:00,1.15224,1.15281,1.15224,1.1528,753.35
2026-06-08 00:45:00+00:00,1.15281,1.15335,1.15275,1.15334,995.48
2026-06-08 01:00:00+00:00,1.15332,1.15347,1.15299,1.153,1267.65
2026-06-08 01:15:00+00:00,1.15302,1.15307,1.15177,1.15195,2345.38
2026-06-08 01:30:00+00:00,1.15195,1.15245,1.15117,1.15237,2532.37
2026-06-08 01:45:00+00:00,1.15238,1.1527,1.15214,1.15264,1334.25
2026-06-08 02:00:00+00:00,1.15265,1.15278,1.15204,1.1524,1084.05
2026-06-08 02:15:00+00:00,1.1524,1.153,1.15232,1.1529,726.75
2026-06-08 02:30:00+00:00,1.1529,1.15293,1.15258,1.15289,783.22
2026-06-08 02:45:00+00:00,1.15288,1.15315,1.15278,1.15285,665.1
2026-06-08 03:00:00+00:00,1.15286,1.15291,1.1526,1.15271,575.1
2026-06-08 03:15:00+00:00,1.15273,1.15286,1.15259,1.15275,380.25
2026-06-08 03:30:00+00:00,1.15274,1.15301,1.15272,1.15298,469.35
2026-06-08 03:45:00+00:00,1.15299,1.15324,1.15291,1.15323,379.8
2026-06-08 04:00:00+00:00,1.15322,1.15326,1.15298,1.15323,398.25
2026-06-08 04:15:00+00:00,1.15325,1.15334,1.1531,1.15333,230.85
2026-06-08 04:30:00+00:00,1.15334,1.15338,1.15302,1.15305,672.63
2026-06-08 04:45:00+00:00,1.15306,1.15323,1.15299,1.15312,418.95
2026-06-08 05:00:00+00:00,1.15314,1.15355,1.15311,1.15318,660.72
2026-06-08 05:15:00+00:00,1.15317,1.15397,1.15317,1.15344,855.45
2026-06-08 05:30:00+00:00,1.15344,1.15348,1.15246,1.15277,1505.7
2026-06-08 05:45:00+00:00,1.15277,1.15289,1.15175,1.15188,1411.42
2026-06-08 06:00:00+00:00,1.1519,1.15224,1.15159,1.15187,1725.52
2026-06-08 06:15:00+00:00,1.15188,1.15248,1.15185,1.15234,1416.79
2026-06-08 06:30:00+00:00,1.15234,1.15234,1.1516,1.1519,1434.19
2026-06-08 06:45:00+00:00,1.15188,1.15213,1.15135,1.15152,1344.15
2026-06-08 07:00:00+00:00,1.1515,1.15261,1.15142,1.15239,2174.85
2026-06-08 07:15:00+00:00,1.15235,1.15267,1.15201,1.15233,1626.75
2026-06-08 07:30:00+00:00,1.15232,1.15265,1.15193,1.15238,1507.05
2026-06-08 07:45:00+00:00,1.15238,1.15254,1.15164,1.15165,1466.77
2026-06-08 08:00:00+00:00,1.15163,1.15232,1.15141,1.1519,1634.39
2026-06-08 08:15:00+00:00,1.15189,1.15197,1.15143,1.15197,1381.72
2026-06-08 08:30:00+00:00,1.15198,1.15209,1.15112,1.15156,1369.8
2026-06-08 08:45:00+00:00,1.15155,1.15169,1.15078,1.15083,2234.91
2026-06-08 09:00:00+00:00,1.15081,1.15111,1.15054,1.15064,2197.12
2026-06-08 09:15:00+00:00,1.15066,1.15075,1.15016,1.15021,1122.3
2026-06-08 09:30:00+00:00,1.1502,1.15106,1.14999,1.15054,2507.59
2026-06-08 09:45:00+00:00,1.15054,1.15144,1.15047,1.15123,1323.9
2026-06-08 10:00:00+00:00,1.15125,1.1518,1.151,1.1517,1550.7
2026-06-08 10:15:00+00:00,1.15169,1.15201,1.15142,1.15174,1061.55
2026-06-08 10:30:00+00:00,1.15176,1.15321,1.15156,1.15245,2099.42
2026-06-08 10:45:00+00:00,1.15246,1.1528,1.15231,1.15244,1212.97
2026-06-08 11:00:00+00:00,1.15244,1.1535,1.15234,1.15344,1836.81
2026-06-08 11:15:00+00:00,1.15344,1.1542,1.15309,1.15406,3397.41
2026-06-08 11:30:00+00:00,1.15407,1.15438,1.15348,1.15358,1629.95
2026-06-08 11:45:00+00:00,1.15356,1.15389,1.15333,1.15364,1178.62
2026-06-08 12:00:00+00:00,1.15364,1.15434,1.15362,1.15372,2161.91
2026-06-08 12:15:00+00:00,1.15371,1.15403,1.15363,1.15392,1426.05
2026-06-08 12:30:00+00:00,1.15391,1.15437,1.15359,1.1541,1107.67
2026-06-08 12:45:00+00:00,1.15411,1.15425,1.1535,1.15421,1400.75
2026-06-08 13:00:00+00:00,1.15423,1.15468,1.15412,1.15437,1809.8799999999999
2026-06-08 13:15:00+00:00,1.15438,1.15545,1.15421,1.15494,2144.69
2026-06-08 13:30:00+00:00,1.15494,1.15524,1.15448,1.15453,2814.57
2026-06-08 13:45:00+00:00,1.15455,1.15475,1.15414,1.15414,2332.27
2026-06-08 14:00:00+00:00,1.15413,1.15444,1.15372,1.15383,2218.95
2026-06-08 14:15:00+00:00,1.15385,1.15393,1.15316,1.15367,2389.04
2026-06-08 14:30:00+00:00,1.15365,1.15401,1.15334,1.15358,2029.85
2026-06-08 14:45:00+00:00,1.15359,1.15427,1.15325,1.15426,2199.6
2026-06-08 15:00:00+00:00,1.15428,1.15479,1.15399,1.15451,1943.55
2026-06-08 15:15:00+00:00,1.15448,1.15474,1.15394,1.15396,1857.6
2026-06-08 15:30:00+00:00,1.15396,1.15415,1.15364,1.15401,1442.25
2026-06-08 15:45:00+00:00,1.15402,1.15469,1.15398,1.15441,1126.94
2026-06-08 16:00:00+00:00,1.15441,1.1546,1.1542,1.15434,1007.55
2026-06-08 16:15:00+00:00,1.15436,1.15442,1.1541,1.1541,1141.2
2026-06-08 16:30:00+00:00,1.15412,1.15436,1.15404,1.15422,922.95
2026-06-08 16:45:00+00:00,1.15421,1.1543,1.15389,1.15389,634.05
2026-06-08 17:00:00+00:00,1.1539,1.15409,1.1538,1.15405,1200.8700000000001
2026-06-08 17:15:00+00:00,1.15406,1.15414,1.1538,1.15394,933.0699999999999
2026-06-08 17:30:00+00:00,1.15395,1.15398,1.15355,1.15389,1152.45
2026-06-08 17:45:00+00:00,1.15391,1.15407,1.15377,1.15378,644.85
2026-06-08 18:00:00+00:00,1.15379,1.15421,1.15379,1.15397,665.1
2026-06-08 18:15:00+00:00,1.15397,1.15408,1.15386,1.15405,645.3
2026-06-08 18:30:00+00:00,1.15408,1.15416,1.15361,1.15365,722.7
2026-06-08 18:45:00+00:00,1.15363,1.15364,1.15276,1.15282,1062.62
2026-06-08 19:00:00+00:00,1.15282,1.15336,1.15281,1.15309,777.15
2026-06-08 19:15:00+00:00,1.1531,1.15327,1.15302,1.15321,795.6
2026-06-08 19:30:00+00:00,1.1532,1.15341,1.15304,1.15311,1163.74
2026-06-08 19:45:00+00:00,1.15311,1.15322,1.15291,1.15306,850.5
2026-06-08 20:00:00+00:00,1.15307,1.15323,1.15304,1.15316,327.6
2026-06-08 20:15:00+00:00,1.15315,1.15336,1.15302,1.15325,473.85
2026-06-08 20:30:00+00:00,1.15326,1.15326,1.15307,1.15314,238.5
2026-06-08 20:45:00+00:00,1.15315,1.1534,1.15309,1.15336,397.8
2026-06-08 21:00:00+00:00,1.15336,1.1538,1.15326,1.15336,561.15
2026-06-08 21:15:00+00:00,1.15327,1.15337,1.1532,1.15321,183.6
2026-06-08 21:30:00+00:00,1.15324,1.15372,1.15324,1.15364,178.2
2026-06-08 21:45:00+00:00,1.15364,1.15375,1.1535,1.15361,118.8
2026-06-08 22:00:00+00:00,1.15359,1.15364,1.15327,1.15338,280.34
2026-06-08 22:15:00+00:00,1.15339,1.1534,1.15328,1.15329,248.39999999999998
2026-06-08 22:30:00+00:00,1.15331,1.15333,1.15325,1.15325,105.3
2026-06-08 22:45:00+00:00,1.15326,1.15338,1.15323,1.15334,62.550000000000004
2026-06-08 23:00:00+00:00,1.15334,1.1534,1.15333,1.15335,100.8
2026-06-08 23:15:00+00:00,1.15334,1.15338,1.15308,1.15309,151.2
2026-06-08 23:30:00+00:00,1.15306,1.1531,1.15294,1.15301,194.4
2026-06-08 23:45:00+00:00,1.15303,1.15303,1.15277,1.15279,325.35
2026-06-09 00:00:00+00:00,1.15279,1.15302,1.15269,1.15284,1241.55
2026-06-09 00:15:00+00:00,1.15282,1.15298,1.15279,1.15287,752.4
2026-06-09 00:30:00+00:00,1.15288,1.15312,1.15276,1.15305,666.9
2026-06-09 00:45:00+00:00,1.15303,1.15315,1.15277,1.15311,656.1
2026-06-09 01:00:00+00:00,1.15312,1.1534,1.15303,1.1534,1079.1
2026-06-09 01:15:00+00:00,1.1534,1.15367,1.15333,1.15354,928.79
2026-06-09 01:30:00+00:00,1.15356,1.15375,1.1535,1.15366,891.9
2026-06-09 01:45:00+00:00,1.15366,1.15396,1.15365,1.15396,844.2
2026-06-09 02:00:00+00:00,1.15396,1.15403,1.15386,1.15395,543.6
2026-06-09 02:15:00+00:00,1.15394,1.15394,1.15366,1.15388,621.99
2026-06-09 02:30:00+00:00,1.15389,1.15395,1.15374,1.15386,642.15
2026-06-09 02:45:00+00:00,1.15386,1.15393,1.15371,1.15376,528.3
2026-06-09 03:00:00+00:00,1.15375,1.15396,1.15364,1.1539,581.85
2026-06-09 03:15:00+00:00,1.15393,1.15398,1.15347,1.15367,377.55
2026-06-09 03:30:00+00:00,1.15368,1.15375,1.15358,1.15372,472.5
2026-06-09 03:45:00+00:00,1.15374,1.15381,1.15349,1.15378,384.3
2026-06-09 04:00:00+00:00,1.15379,1.15396,1.15369,1.15393,311.4
2026-06-09 04:15:00+00:00,1.15393,1.15418,1.15388,1.15417,376.2
2026-06-09 04:30:00+00:00,1.15417,1.15464,1.15405,1.15458,520.2
2026-06-09 04:45:00+00:00,1.15458,1.15481,1.1545,1.15454,377.1
2026-06-09 05:00:00+00:00,1.15453,1.15459,1.15394,1.15396,827.1
2026-06-09 05:15:00+00:00,1.15396,1.15432,1.15396,1.15417,611.55
2026-06-09 05:30:00+00:00,1.15419,1.15472,1.15413,1.15455,1381.95
2026-06-09 05:45:00+00:00,1.15456,1.15475,1.15438,1.15446,1123.65
2026-06-09 06:00:00+00:00,1.15447,1.15501,1.15432,1.15497,1223.55
2026-06-09 06:15:00+00:00,1.15497,1.15533,1.15488,1.15496,1110.37
2026-06-09 06:30:00+00:00,1.15497,1.15497,1.15445,1.15462,1058.63
2026-06-09 06:45:00+00:00,1.15462,1.1547,1.15437,1.1544,1102.05
2026-06-09 07:00:00+00:00,1.1544,1.15468,1.15397,1.154,1381.95
2026-06-09 07:15:00+00:00,1.15398,1.15425,1.15374,1.15399,1142.55
2026-06-09 07:30:00+00:00,1.15399,1.15421,1.15382,1.15418,1091.25
2026-06-09 07:45:00+00:00,1.15417,1.15438,1.15388,1.1539,962.77
2026-06-09 08:00:00+00:00,1.15389,1.15427,1.15364,1.15394,1930.92
2026-06-09 08:15:00+00:00,1.15394,1.15454,1.15389,1.15444,1332.0
2026-06-09 08:30:00+00:00,1.15444,1.15472,1.1544,1.15463,1156.95
2026-06-09 08:45:00+00:00,1.15461,1.15526,1.15451,1.15505,864.45
2026-06-09 09:00:00+00:00,1.15508,1.15567,1.15502,1.1556,874.53
2026-06-09 09:15:00+00:00,1.15561,1.15595,1.15547,1.15559,999.67
2026-06-09 09:30:00+00:00,1.1556,1.15599,1.15555,1.15595,711.45
2026-06-09 09:45:00+00:00,1.15595,1.15637,1.15594,1.15613,566.64
2026-06-09 10:00:00+00:00,1.15612,1.15632,1.156,1.15625,1027.89
2026-06-09 10:15:00+00:00,1.15625,1.15661,1.15622,1.15651,545.39
2026-06-09 10:30:00+00:00,1.15653,1.15685,1.15646,1.15685,534.18
2026-06-09 10:45:00+00:00,1.15683,1.15691,1.15649,1.15652,622.73
2026-06-09 11:00:00+00:00,1.15653,1.15696,1.15653,1.15684,576.57
2026-06-09 11:15:00+00:00,1.15684,1.15726,1.15672,1.15722,466.65
2026-06-09 11:30:00+00:00,1.15724,1.1573,1.15672,1.15675,710.44
2026-06-09 11:45:00+00:00,1.15676,1.15741,1.15668,1.15725,898.47
2026-06-09 12:00:00+00:00,1.15726,1.15749,1.15703,1.1571,1129.49
2026-06-09 12:15:00+00:00,1.15709,1.15719,1.1569,1.15691,1060.67
2026-06-09 12:30:00+00:00,1.1569,1.15742,1.1569,1.15733,996.56
2026-06-09 12:45:00+00:00,1.15732,1.15749,1.15721,1.15736,894.14
2026-06-09 13:00:00+00:00,1.15737,1.1578,1.15737,1.15766,1615.57
2026-06-09 13:15:00+00:00,1.15765,1.15767,1.1571,1.15719,973.67
2026-06-09 13:30:00+00:00,1.15722,1.15724,1.15636,1.15649,1851.49
2026-06-09 13:45:00+00:00,1.15646,1.15764,1.15639,1.15663,2623.07
2026-06-09 14:00:00+00:00,1.15662,1.15734,1.15638,1.15638,3069.19
2026-06-09 14:15:00+00:00,1.15638,1.15669,1.1558,1.15629,2349.1
2026-06-09 14:30:00+00:00,1.1563,1.15692,1.15617,1.15624,2583.19
2026-06-09 14:45:00+00:00,1.15622,1.15664,1.15607,1.15622,2984.28
2026-06-09 15:00:00+00:00,1.15623,1.15673,1.15604,1.15642,2412.22
2026-06-09 15:15:00+00:00,1.15643,1.15645,1.15575,1.15583,1851.76
2026-06-09 15:30:00+00:00,1.15581,1.15599,1.15455,1.15534,3082.71
2026-06-09 15:45:00+00:00,1.15534,1.1557,1.15509,1.1555,2513.05
2026-06-09 16:00:00+00:00,1.15551,1.15573,1.15457,1.1546,2738.91
2026-06-09 16:15:00+00:00,1.15461,1.15473,1.15407,1.15458,2518.88
2026-06-09 16:30:00+00:00,1.15458,1.15474,1.15285,1.15356,4509.37
2026-06-09 16:45:00+00:00,1.15355,1.15409,1.15334,1.15407,3545.96
2026-06-09 17:00:00+00:00,1.1541,1.15452,1.154,1.15429,2580.54
2026-06-09 17:15:00+00:00,1.15428,1.15531,1.15419,1.15506,2367.68
2026-06-09 17:30:00+00:00,1.15506,1.15525,1.15483,1.15502,1512.93
2026-06-09 17:45:00+00:00,1.15503,1.1551,1.15461,1.1548,2050.93
2026-06-09 18:00:00+00:00,1.15481,1.15497,1.15462,1.15493,1363.56
2026-06-09 18:15:00+00:00,1.15494,1.1553,1.15478,1.15514,1629.57
2026-06-09 18:30:00+00:00,1.15515,1.1553,1.15492,1.15495,1229.57
2026-06-09 18:45:00+00:00,1.15495,1.15502,1.15482,1.15497,1161.9
2026-06-09 19:00:00+00:00,1.15498,1.15503,1.15461,1.15466,768.0699999999999
2026-06-09 19:15:00+00:00,1.15467,1.15468,1.15419,1.15428,970.23
2026-06-09 19:30:00+00:00,1.15428,1.15434,1.15408,1.15412,875.25
2026-06-09 19:45:00+00:00,1.15412,1.15439,1.15395,1.15414,1552.54
2026-06-09 20:00:00+00:00,1.15413,1.15436,1.15406,1.15429,536.4
2026-06-09 20:15:00+00:00,1.15429,1.15454,1.15429,1.15432,193.5
2026-06-09 20:30:00+00:00,1.15433,1.15439,1.15425,1.1543,142.87
2026-06-09 20:45:00+00:00,1.15434,1.15443,1.15423,1.15423,301.11
2026-06-09 21:00:00+00:00,1.15422,1.15434,1.15418,1.15422,117.3
2026-06-09 21:15:00+00:00,1.15423,1.15428,1.15396,1.15401,86.15
2026-06-09 21:30:00+00:00,1.15399,1.15399,1.15348,1.15348,76.74
2026-06-09 21:45:00+00:00,1.15348,1.1539,1.15348,1.15381,252.35999999999999
2026-06-09 22:00:00+00:00,1.15386,1.15397,1.15364,1.15391,283.76
2026-06-09 22:15:00+00:00,1.15393,1.15402,1.15383,1.15401,187.33
2026-06-09 22:30:00+00:00,1.15402,1.15402,1.15372,1.15373,435.6
2026-06-09 22:45:00+00:00,1.15374,1.15374,1.1536,1.15364,188.86
2026-06-09 23:00:00+00:00,1.15365,1.15391,1.15362,1.15383,164.7
2026-06-09 23:15:00+00:00,1.15385,1.15385,1.15346,1.15346,282.59999999999997
2026-06-09 23:30:00+00:00,1.15348,1.1537,1.15345,1.15364,457.4
2026-06-09 23:45:00+00:00,1.15365,1.15365,1.1533,1.1535,933.78
2026-06-10 00:00:00+00:00,1.15348,1.15413,1.15336,1.1541,1481.16
2026-06-10 00:15:00+00:00,1.1541,1.15419,1.15389,1.15411,805.63
2026-06-10 00:30:00+00:00,1.15413,1.15415,1.15334,1.15344,1202.6
2026-06-10 00:45:00+00:00,1.15343,1.15433,1.15332,1.15423,1232.43
2026-06-10 01:00:00+00:00,1.15424,1.15428,1.15384,1.15397,1435.05
2026-06-10 01:15:00+00:00,1.15398,1.15427,1.15382,1.15393,979.19
2026-06-10 01:30:00+00:00,1.15394,1.15404,1.15371,1.15383,1078.08
2026-06-10 01:45:00+00:00,1.15384,1.15403,1.15352,1.15376,1685.22
2026-06-10 02:00:00+00:00,1.15378,1.15405,1.15369,1.15401,702.6
2026-06-10 02:15:00+00:00,1.15402,1.15428,1.15393,1.15428,778.5
2026-06-10 02:30:00+00:00,1.1543,1.15442,1.15419,1.15439,790.2
2026-06-10 02:45:00+00:00,1.15438,1.15449,1.15416,1.15425,733.44
2026-06-10 03:00:00+00:00,1.15425,1.15481,1.15422,1.15474,681.3
2026-06-10 03:15:00+00:00,1.15476,1.15497,1.1546,1.15467,514.57
2026-06-10 03:30:00+00:00,1.15467,1.15479,1.15449,1.15452,575.1
2026-06-10 03:45:00+00:00,1.15451,1.15521,1.15449,1.15503,704.02
2026-06-10 04:00:00+00:00,1.15501,1.15505,1.15475,1.15475,445.27
2026-06-10 04:15:00+00:00,1.15476,1.15489,1.15467,1.15485,964.35
2026-06-10 04:30:00+00:00,1.15485,1.15487,1.15445,1.1545,908.39
2026-06-10 04:45:00+00:00,1.15452,1.15464,1.15444,1.15464,513.0
2026-06-10 05:00:00+00:00,1.15465,1.15487,1.15451,1.15466,776.24
2026-06-10 05:15:00+00:00,1.15467,1.15498,1.15452,1.15494,1316.47
2026-06-10 05:30:00+00:00,1.15494,1.15555,1.15491,1.15544,1333.8
2026-06-10 05:45:00+00:00,1.15544,1.1555,1.15527,1.15541,865.8
2026-06-10 06:00:00+00:00,1.15545,1.15581,1.15536,1.15565,1509.93
2026-06-10 06:15:00+00:00,1.15564,1.15575,1.15525,1.15557,1278.75
2026-06-10 06:30:00+00:00,1.15555,1.15565,1.15538,1.1555,984.01
2026-06-10 06:45:00+00:00,1.15549,1.15555,1.15483,1.15487,1285.03
2026-06-10 07:00:00+00:00,1.15486,1.15562,1.15465,1.15562,1566.45
2026-06-10 07:15:00+00:00,1.15561,1.15585,1.15527,1.15535,1041.09
2026-06-10 07:30:00+00:00,1.15533,1.15552,1.15528,1.1554,890.86
2026-06-10 07:45:00+00:00,1.15539,1.15551,1.15517,1.15537,991.5699999999999
2026-06-10 08:00:00+00:00,1.15537,1.15541,1.15481,1.15492,1602.6
2026-06-10 08:15:00+00:00,1.15494,1.15535,1.15491,1.15531,1331.14
2026-06-10 08:30:00+00:00,1.15531,1.15532,1.15499,1.15503,1009.44
2026-06-10 08:45:00+00:00,1.15501,1.15534,1.15483,1.15534,1159.22
2026-06-10 09:00:00+00:00,1.15537,1.15566,1.15506,1.15508,1533.84
2026-06-10 09:15:00+00:00,1.1551,1.15533,1.15506,1.15526,1036.89
2026-06-10 09:30:00+00:00,1.15524,1.15568,1.15524,1.15559,1153.06
2026-06-10 09:45:00+00:00,1.1556,1.15596,1.1556,1.15578,940.59
2026-06-10 10:00:00+00:00,1.15579,1.15592,1.15553,1.15559,850.83
2026-06-10 10:15:00+00:00,1.15561,1.15572,1.15546,1.1556,800.67
2026-06-10 10:30:00+00:00,1.1556,1.15571,1.15519,1.1553,845.78
2026-06-10 10:45:00+00:00,1.15528,1.15548,1.15501,1.15518,825.3199999999999
2026-06-10 11:00:00+00:00,1.15519,1.15524,1.15361,1.15473,3166.55
2026-06-10 11:15:00+00:00,1.15472,1.1549,1.15399,1.15433,3014.17
2026-06-10 11:30:00+00:00,1.15431,1.15447,1.15354,1.15378,1828.65
2026-06-10 11:45:00+00:00,1.15376,1.15406,1.1536,1.15366,1300.17
2026-06-10 12:00:00+00:00,1.15368,1.15427,1.15359,1.154,1449.53
2026-06-10 12:15:00+00:00,1.15401,1.15466,1.15394,1.15462,1597.9099999999999
2026-06-10 12:30:00+00:00,1.15464,1.15593,1.15424,1.15592,4080.13
2026-06-10 12:45:00+00:00,1.15592,1.15646,1.15479,1.15484,2803.46
2026-06-10 13:00:00+00:00,1.15483,1.15551,1.15472,1.15546,2222.38
2026-06-10 13:15:00+00:00,1.15546,1.15595,1.15535,1.15572,1915.15
2026-06-10 13:30:00+00:00,1.15571,1.15708,1.15563,1.15707,3314.66
2026-06-10 13:45:00+00:00,1.15708,1.15731,1.15621,1.15624,2905.95
2026-06-10 14:00:00+00:00,1.15623,1.1567,1.15597,1.15633,2992.49
2026-06-10 14:15:00+00:00,1.15634,1.15636,1.15553,1.15569,2776.86
2026-06-10 14:30:00+00:00,1.1557,1.15594,1.1555,1.15565,2222.97
2026-06-10 14:45:00+00:00,1.15566,1.15595,1.155,1.15522,2571.06
2026-06-10 15:00:00+00:00,1.15523,1.15552,1.1547,1.1551,2214.03
2026-06-10 15:15:00+00:00,1.15511,1.15566,1.1547,1.15544,2465.7400000000002
2026-06-10 15:30:00+00:00,1.15547,1.15568,1.15502,1.15525,2416.34
2026-06-10 15:45:00+00:00,1.15523,1.15532,1.15343,1.15491,4994.7
2026-06-10 16:00:00+00:00,1.15494,1.15589,1.15486,1.15567,2565.11
2026-06-10 16:15:00+00:00,1.15567,1.1558,1.15543,1.1557,1977.5900000000001
2026-06-10 16:30:00+00:00,1.15573,1.15594,1.15555,1.15555,1603.66
2026-06-10 16:45:00+00:00,1.15553,1.15557,1.15519,1.15537,1278.15
2026-06-10 17:00:00+00:00,1.15538,1.15565,1.15496,1.15507,1386.41
2026-06-10 17:15:00+00:00,1.15508,1.15516,1.15484,1.15496,1407.42
2026-06-10 17:30:00+00:00,1.15494,1.15495,1.15446,1.1545,972.31
2026-06-10 17:45:00+00:00,1.15451,1.15531,1.15446,1.15524,2163.06
2026-06-10 18:00:00+00:00,1.15525,1.15576,1.15523,1.15539,1692.9099999999999
2026-06-10 18:15:00+00:00,1.15539,1.15545,1.15502,1.15507,1406.65
2026-06-10 18:30:00+00:00,1.15509,1.15515,1.15486,1.15501,1171.0
2026-06-10 18:45:00+00:00,1.15501,1.1552,1.15482,1.15482,955.08
2026-06-10 19:00:00+00:00,1.15482,1.15487,1.15433,1.15437,1132.83
2026-06-10 19:15:00+00:00,1.15439,1.15446,1.15428,1.15437,958.5
2026-06-10 19:30:00+00:00,1.15436,1.15472,1.15434,1.15466,1017.0
2026-06-10 19:45:00+00:00,1.15468,1.15468,1.15409,1.15414,1350.22
2026-06-10 20:00:00+00:00,1.15414,1.15414,1.15371,1.15373,645.75
2026-06-10 20:15:00+00:00,1.15374,1.15396,1.15369,1.15392,409.05
2026-06-10 20:30:00+00:00,1.15391,1.15399,1.15354,1.15364,277.64
2026-06-10 20:45:00+00:00,1.15364,1.1537,1.15345,1.1535,668.55
2026-06-10 21:00:00+00:00,1.15349,1.15387,1.15334,1.15387,178.65
2026-06-10 21:15:00+00:00,1.15386,1.15401,1.15358,1.1536,189.45
2026-06-10 21:30:00+00:00,1.15359,1.15372,1.15349,1.15368,32.4
2026-06-10 21:45:00+00:00,1.15368,1.15383,1.15343,1.15351,95.04
2026-06-10 22:00:00+00:00,1.15351,1.15354,1.15282,1.153,465.05
2026-06-10 22:15:00+00:00,1.15303,1.15314,1.15285,1.15307,470.90999999999997
2026-06-10 22:30:00+00:00,1.15305,1.15358,1.15303,1.15343,596.95
2026-06-10 22:45:00+00:00,1.15342,1.15366,1.15297,1.15298,599.83
2026-06-10 23:00:00+00:00,1.15297,1.15304,1.15255,1.15266,756.62
2026-06-10 23:15:00+00:00,1.15265,1.15365,1.1526,1.15357,2129.04
2026-06-10 23:30:00+00:00,1.15356,1.15378,1.15321,1.15362,708.29
2026-06-10 23:45:00+00:00,1.15362,1.15373,1.15336,1.15352,573.12
2026-06-11 00:00:00+00:00,1.15352,1.15409,1.15352,1.15391,1429.07
2026-06-11 00:15:00+00:00,1.15393,1.15426,1.15386,1.15411,1873.35
2026-06-11 00:30:00+00:00,1.1541,1.15422,1.15389,1.15401,1102.49
2026-06-11 00:45:00+00:00,1.15399,1.1543,1.15398,1.15423,1168.2
2026-06-11 01:00:00+00:00,1.15425,1.15524,1.15416,1.15521,1407.81
2026-06-11 01:15:00+00:00,1.15523,1.15556,1.15497,1.15548,1262.7
2026-06-11 01:30:00+00:00,1.15547,1.1556,1.15525,1.15542,735.75
2026-06-11 01:45:00+00:00,1.15542,1.15554,1.15528,1.15538,742.6700000000001
2026-06-11 02:00:00+00:00,1.1554,1.15541,1.15515,1.15517,947.79
2026-06-11 02:15:00+00:00,1.15516,1.15521,1.1547,1.15478,930.77
2026-06-11 02:30:00+00:00,1.1548,1.15486,1.1546,1.15473,1027.35
2026-06-11 02:45:00+00:00,1.15473,1.15486,1.1546,1.15479,824.85
2026-06-11 03:00:00+00:00,1.1548,1.15489,1.15442,1.15444,912.06
2026-06-11 03:15:00+00:00,1.15445,1.15472,1.15443,1.15471,749.37
2026-06-11 03:30:00+00:00,1.15469,1.15476,1.15458,1.15467,1033.19
2026-06-11 03:45:00+00:00,1.15468,1.15471,1.15448,1.15453,634.05
2026-06-11 04:00:00+00:00,1.15452,1.15459,1.15424,1.1545,597.03
2026-06-11 04:15:00+00:00,1.15451,1.15472,1.15448,1.15467,635.73
2026-06-11 04:30:00+00:00,1.15468,1.15487,1.1546,1.15482,486.0
2026-06-11 04:45:00+00:00,1.15483,1.15502,1.15473,1.15482,609.3
2026-06-11 05:00:00+00:00,1.15484,1.155,1.15464,1.15497,649.35
2026-06-11 05:15:00+00:00,1.15497,1.15512,1.15487,1.15499,719.1
2026-06-11 05:30:00+00:00,1.15501,1.15511,1.15481,1.15492,878.4
2026-06-11 05:45:00+00:00,1.15495,1.15495,1.15453,1.15473,1213.65
2026-06-11 06:00:00+00:00,1.15472,1.15472,1.15424,1.15461,1184.58
2026-06-11 06:15:00+00:00,1.15462,1.15473,1.15427,1.15432,787.54
2026-06-11 06:30:00+00:00,1.15434,1.15468,1.15427,1.15446,793.57
2026-06-11 06:45:00+00:00,1.15444,1.15457,1.15402,1.15416,842.73
2026-06-11 07:00:00+00:00,1.15417,1.15478,1.15412,1.1547,1429.73
2026-06-11 07:15:00+00:00,1.15469,1.15555,1.15465,1.1553,1194.24
2026-06-11 07:30:00+00:00,1.1553,1.15541,1.15465,1.15467,1280.67
2026-06-11 07:45:00+00:00,1.15466,1.15477,1.15441,1.15449,900.04
2026-06-11 08:00:00+00:00,1.15448,1.15453,1.15407,1.15411,1117.52
2026-06-11 08:15:00+00:00,1.15411,1.15418,1.15382,1.15387,1067.4
2026-06-11 08:30:00+00:00,1.15387,1.15401,1.15371,1.15382,936.45
2026-06-11 08:45:00+00:00,1.15382,1.15386,1.15305,1.1532,1231.08
2026-06-11 09:00:00+00:00,1.15322,1.15341,1.15299,1.15341,969.52
2026-06-11 09:15:00+00:00,1.15341,1.15369,1.15319,1.15321,847.46
2026-06-11 09:30:00+00:00,1.15323,1.15341,1.15303,1.15338,778.4
2026-06-11 09:45:00+00:00,1.15335,1.1537,1.1531,1.15338,906.7
2026-06-11 10:00:00+00:00,1.15336,1.15343,1.15254,1.1526,1260.8999999999999
2026-06-11 10:15:00+00:00,1.15262,1.15273,1.1523,1.15252,959.38
2026-06-11 10:30:00+00:00,1.15253,1.15288,1.15248,1.15269,737.55
2026-06-11 10:45:00+00:00,1.1527,1.15318,1.15265,1.15312,651.81
2026-06-11 11:00:00+00:00,1.15313,1.15395,1.15313,1.15387,1070.6200000000001
2026-06-11 11:15:00+00:00,1.15388,1.15391,1.15347,1.15376,792.49
2026-06-11 11:30:00+00:00,1.15373,1.15417,1.15365,1.15375,1402.49
2026-06-11 11:45:00+00:00,1.15374,1.15389,1.15354,1.15382,780.3
2026-06-11 12:00:00+00:00,1.15383,1.15402,1.15326,1.15333,1288.92
2026-06-11 12:15:00+00:00,1.15333,1.1539,1.15163,1.15265,3921.94
2026-06-11 12:30:00+00:00,1.15265,1.15351,1.15196,1.15306,3688.02
2026-06-11 12:45:00+00:00,1.15307,1.15434,1.15288,1.15398,3937.47
2026-06-11 13:00:00+00:00,1.15398,1.15404,1.1525,1.15254,2737.93
2026-06-11 13:15:00+00:00,1.15253,1.15322,1.15174,1.15302,2204.79
2026-06-11 13:30:00+00:00,1.153,1.15342,1.15265,1.15321,2898.3
2026-06-11 13:45:00+00:00,1.15318,1.15397,1.15292,1.15294,3056.92
2026-06-11 14:00:00+00:00,1.15296,1.15303,1.15208,1.15231,2246.97
2026-06-11 14:15:00+00:00,1.1523,1.15245,1.15204,1.15216,2276.71
2026-06-11 14:30:00+00:00,1.15214,1.15219,1.1515,1.15174,1948.63
2026-06-11 14:45:00+00:00,1.15175,1.15194,1.15146,1.15192,1947.1299999999999
2026-06-11 15:00:00+00:00,1.15191,1.15223,1.15138,1.1517,2968.36
2026-06-11 15:15:00+00:00,1.1517,1.15242,1.15168,1.1522,2300.19
2026-06-11 15:30:00+00:00,1.15219,1.1523,1.15171,1.15191,2100.76
2026-06-11 15:45:00+00:00,1.15191,1.15199,1.1514,1.15142,1701.9
2026-06-11 16:00:00+00:00,1.15144,1.1516,1.15081,1.15098,1635.46
2026-06-11 16:15:00+00:00,1.15097,1.15112,1.15071,1.15092,1500.8799999999999
2026-06-11 16:30:00+00:00,1.15091,1.15122,1.15078,1.15098,1433.82
2026-06-11 16:45:00+00:00,1.15097,1.15101,1.15081,1.15089,868.32
2026-06-11 17:00:00+00:00,1.15088,1.15092,1.15032,1.15048,1628.04
2026-06-11 17:15:00+00:00,1.15046,1.15236,1.15028,1.15228,2239.52
2026-06-11 17:30:00+00:00,1.15226,1.15664,1.15226,1.15604,8242.09
2026-06-11 17:45:00+00:00,1.15602,1.1563,1.1546,1.15509,5827.71
2026-06-11 18:00:00+00:00,1.15509,1.15539,1.15413,1.15522,6231.53
2026-06-11 18:15:00+00:00,1.15521,1.15603,1.15512,1.15554,4716.25
2026-06-11 18:30:00+00:00,1.15557,1.15578,1.1548,1.15576,2249.0
2026-06-11 18:45:00+00:00,1.15576,1.15665,1.15575,1.15577,2013.17
2026-06-11 19:00:00+00:00,1.15578,1.1575,1.15578,1.15741,3450.6
2026-06-11 19:15:00+00:00,1.15742,1.15813,1.15725,1.15806,2385.75
2026-06-11 19:30:00+00:00,1.15806,1.15896,1.15793,1.15795,3419.32
2026-06-11 19:45:00+00:00,1.15793,1.15807,1.15772,1.15787,1923.3400000000001
2026-06-11 20:00:00+00:00,1.15787,1.15833,1.15783,1.158,851.66
2026-06-11 20:15:00+00:00,1.15803,1.1583,1.15777,1.15801,596.68
2026-06-11 20:30:00+00:00,1.15803,1.15816,1.15767,1.1577,451.89
2026-06-11 20:45:00+00:00,1.15769,1.15803,1.15762,1.15775,841.05
2026-06-11 21:00:00+00:00,1.15775,1.15796,1.15729,1.15796,130.01
2026-06-11 21:15:00+00:00,1.15795,1.15795,1.15769,1.15773,25.02
2026-06-11 21:30:00+00:00,1.15776,1.15776,1.15757,1.15757,75.33
2026-06-11 21:45:00+00:00,1.1576,1.15793,1.15756,1.15759,119.68
2026-06-11 22:00:00+00:00,1.1576,1.15817,1.15756,1.15757,329.11
2026-06-11 22:15:00+00:00,1.15757,1.15765,1.15729,1.15749,399.96
2026-06-11 22:30:00+00:00,1.15749,1.15796,1.15732,1.15789,519.0
2026-06-11 22:45:00+00:00,1.15788,1.15849,1.15788,1.15848,592.04
2026-06-11 23:00:00+00:00,1.15847,1.15864,1.15817,1.15822,642.38
2026-06-11 23:15:00+00:00,1.15821,1.1583,1.15768,1.15777,450.78
2026-06-11 23:30:00+00:00,1.15776,1.15778,1.15751,1.15758,477.99
2026-06-11 23:45:00+00:00,1.15761,1.15769,1.15742,1.15754,572.88
2026-06-12 00:00:00+00:00,1.15754,1.15763,1.15691,1.1571,1917.6100000000001
2026-06-12 00:15:00+00:00,1.15711,1.15717,1.15687,1.15701,1079.75
2026-06-12 00:30:00+00:00,1.15701,1.15718,1.1566,1.1566,1128.42
2026-06-12 00:45:00+00:00,1.15661,1.15707,1.1566,1.15696,1026.52
2026-06-12 01:00:00+00:00,1.15695,1.15701,1.15631,1.15656,1543.92
2026-06-12 01:15:00+00:00,1.15656,1.15663,1.15614,1.15619,962.28
2026-06-12 01:30:00+00:00,1.15621,1.15663,1.1562,1.15626,1563.06
2026-06-12 01:45:00+00:00,1.15626,1.15658,1.1562,1.15633,1348.02
2026-06-12 02:00:00+00:00,1.15631,1.15703,1.15626,1.15686,1384.0
2026-06-12 02:15:00+00:00,1.15686,1.15686,1.15647,1.15647,540.24
2026-06-12 02:30:00+00:00,1.15648,1.1567,1.15637,1.15656,1007.13
2026-06-12 02:45:00+00:00,1.15658,1.15672,1.15651,1.15667,947.85
2026-06-12 03:00:00+00:00,1.15667,1.15682,1.15649,1.15671,891.45
2026-06-12 03:15:00+00:00,1.15671,1.1571,1.15665,1.15702,1528.9
2026-06-12 03:30:00+00:00,1.15704,1.15751,1.15702,1.15734,1760.29
2026-06-12 03:45:00+00:00,1.15733,1.15733,1.15698,1.1572,1366.63
2026-06-12 04:00:00+00:00,1.1572,1.15725,1.15684,1.15715,622.02
2026-06-12 04:15:00+00:00,1.15715,1.15719,1.15702,1.15715,307.93
2026-06-12 04:30:00+00:00,1.15716,1.1575,1.1571,1.15737,901.94
2026-06-12 04:45:00+00:00,1.15738,1.15743,1.15705,1.15713,781.72
2026-06-12 05:00:00+00:00,1.15715,1.15737,1.15665,1.15689,1256.03
2026-06-12 05:15:00+00:00,1.15689,1.1569,1.15641,1.15649,1076.4
2026-06-12 05:30:00+00:00,1.1565,1.15663,1.15627,1.15636,1518.09
2026-06-12 05:45:00+00:00,1.15639,1.15639,1.15572,1.15574,1232.27
2026-06-12 06:00:00+00:00,1.15575,1.15682,1.15575,1.15655,1235.4
2026-06-12 06:15:00+00:00,1.15656,1.15681,1.15649,1.15674,935.28
2026-06-12 06:30:00+00:00,1.15674,1.15707,1.1565,1.15685,1480.1299999999999
2026-06-12 06:45:00+00:00,1.15688,1.15741,1.1567,1.1573,1414.17
2026-06-12 07:00:00+00:00,1.15728,1.15732,1.15627,1.15645,1360.7
2026-06-12 07:15:00+00:00,1.15649,1.15669,1.15605,1.15605,1286.4
2026-06-12 07:30:00+00:00,1.15603,1.15629,1.15569,1.15604,1863.88
2026-06-12 07:45:00+00:00,1.15606,1.15673,1.15571,1.15665,1999.33
2026-06-12 08:00:00+00:00,1.15667,1.15712,1.15653,1.15695,1948.44
2026-06-12 08:15:00+00:00,1.15695,1.15855,1.15686,1.15759,3505.54
2026-06-12 08:30:00+00:00,1.1576,1.15832,1.15753,1.15804,1942.63
2026-06-12 08:45:00+00:00,1.15802,1.15824,1.15751,1.15766,1250.2
2026-06-12 09:00:00+00:00,1.15768,1.15775,1.15734,1.1577,1409.45
2026-06-12 09:15:00+00:00,1.15771,1.15894,1.15771,1.1588,2285.35
2026-06-12 09:30:00+00:00,1.15879,1.15889,1.15839,1.15858,1357.68
2026-06-12 09:45:00+00:00,1.15856,1.15871,1.15803,1.1584,1270.8600000000001
2026-06-12 10:00:00+00:00,1.15839,1.15855,1.15811,1.15829,1163.1100000000001
2026-06-12 10:15:00+00:00,1.15828,1.15841,1.15688,1.15741,2060.66
2026-06-12 10:30:00+00:00,1.15744,1.15796,1.15732,1.1576,1136.82
2026-06-12 10:45:00+00:00,1.15761,1.15782,1.15718,1.15738,1012.38
2026-06-12 11:00:00+00:00,1.15738,1.15747,1.15716,1.15747,1093.53
2026-06-12 11:15:00+00:00,1.15746,1.15778,1.15736,1.15745,1127.1399999999999
2026-06-12 11:30:00+00:00,1.15744,1.15792,1.1573,1.15786,974.97
2026-06-12 11:45:00+00:00,1.15785,1.15789,1.15705,1.15712,1024.03
2026-06-12 12:00:00+00:00,1.15715,1.15724,1.15666,1.15682,1319.9299999999998
2026-06-12 12:15:00+00:00,1.15684,1.15689,1.15611,1.15614,1393.54
2026-06-12 12:30:00+00:00,1.15614,1.15653,1.15609,1.15629,1478.52
2026-06-12 12:45:00+00:00,1.15629,1.15643,1.15599,1.15632,1323.66
2026-06-12 13:00:00+00:00,1.15634,1.15688,1.15616,1.15661,1593.18
2026-06-12 13:15:00+00:00,1.1566,1.15764,1.15653,1.1576,1645.15
2026-06-12 13:30:00+00:00,1.15762,1.1579,1.15636,1.15672,3922.11
2026-06-12 13:45:00+00:00,1.15673,1.15741,1.15673,1.15692,2504.97
2026-06-12 14:00:00+00:00,1.15695,1.15774,1.15674,1.15733,2671.76
2026-06-12 14:15:00+00:00,1.15731,1.15749,1.15661,1.15691,1923.34
2026-06-12 14:30:00+00:00,1.1569,1.15762,1.15689,1.1573,1759.89
2026-06-12 14:45:00+00:00,1.1573,1.15789,1.15682,1.15732,3920.98
2026-06-12 15:00:00+00:00,1.15731,1.15778,1.15714,1.15772,2592.25
2026-06-12 15:15:00+00:00,1.15773,1.15835,1.15762,1.15823,2205.19
2026-06-12 15:30:00+00:00,1.15823,1.15835,1.15734,1.15755,2110.9
2026-06-12 15:45:00+00:00,1.15757,1.15785,1.1573,1.1573,1873.88
2026-06-12 16:00:00+00:00,1.1573,1.15778,1.15694,1.15724,2193.88
2026-06-12 16:15:00+00:00,1.15724,1.1576,1.15698,1.15724,2003.4
2026-06-12 16:30:00+00:00,1.15727,1.15753,1.15717,1.15723,1507.57
2026-06-12 16:45:00+00:00,1.15725,1.15754,1.15717,1.15744,1097.94
2026-06-12 17:00:00+00:00,1.15745,1.15774,1.15717,1.15733,1074.5
2026-06-12 17:15:00+00:00,1.15733,1.15759,1.15722,1.15754,833.17
2026-06-12 17:30:00+00:00,1.15756,1.15763,1.15737,1.15755,1922.44
2026-06-12 17:45:00+00:00,1.15754,1.15757,1.15735,1.15745,860.67
2026-06-12 18:00:00+00:00,1.15746,1.15751,1.1572,1.15734,1020.37
2026-06-12 18:15:00+00:00,1.15735,1.1576,1.15735,1.15753,982.98
2026-06-12 18:30:00+00:00,1.15752,1.15785,1.15752,1.15776,570.15
2026-06-12 18:45:00+00:00,1.15776,1.15782,1.15742,1.15747,767.47
2026-06-12 19:00:00+00:00,1.15744,1.15776,1.15731,1.15748,666.9
2026-06-12 19:15:00+00:00,1.15748,1.15762,1.15731,1.15747,478.57
2026-06-12 19:30:00+00:00,1.15747,1.1575,1.15706,1.15706,874.35
2026-06-12 19:45:00+00:00,1.15706,1.15722,1.15686,1.15713,790.19
2026-06-12 20:00:00+00:00,1.15712,1.15716,1.15687,1.15692,507.6
2026-06-12 20:15:00+00:00,1.15691,1.15709,1.1568,1.15681,483.52
2026-06-12 20:30:00+00:00,1.15682,1.15682,1.15665,1.15667,590.4
2026-06-12 20:45:00+00:00,1.15669,1.15692,1.15641,1.15641,1669.37
2026-06-14 21:00:00+00:00,1.15731,1.15746,1.1573,1.15745,48.6
2026-06-14 21:15:00+00:00,1.15745,1.15943,1.15739,1.15938,181.78
2026-06-14 21:30:00+00:00,1.15937,1.15987,1.15914,1.15966,185.07
2026-06-14 21:45:00+00:00,1.15967,1.16064,1.1596,1.16048,273.01
2026-06-14 22:00:00+00:00,1.16048,1.16174,1.16004,1.16112,1447.83
2026-06-14 22:15:00+00:00,1.16113,1.1615,1.16075,1.16084,1354.43
2026-06-14 22:30:00+00:00,1.16085,1.16114,1.16036,1.16086,1284.13
2026-06-14 22:45:00+00:00,1.16085,1.16112,1.16084,1.16084,889.65
2026-06-14 23:00:00+00:00,1.16085,1.16092,1.1604,1.16047,1006.1800000000001
2026-06-14 23:15:00+00:00,1.16045,1.16068,1.16036,1.16039,644.38
2026-06-14 23:30:00+00:00,1.16041,1.16068,1.1603,1.16063,365.17
2026-06-14 23:45:00+00:00,1.16064,1.1609,1.16021,1.16027,1212.75
2026-06-15 00:00:00+00:00,1.16027,1.16107,1.16027,1.16105,1559.62
2026-06-15 00:15:00+00:00,1.16106,1.16117,1.1607,1.16073,1348.42
2026-06-15 00:30:00+00:00,1.16072,1.16076,1.16045,1.16056,653.4
2026-06-15 00:45:00+00:00,1.16057,1.1606,1.15979,1.15986,1172.23
2026-06-15 01:00:00+00:00,1.15987,1.15989,1.15942,1.15972,1114.51
2026-06-15 01:15:00+00:00,1.15972,1.15993,1.15967,1.1598,594.45
2026-06-15 01:30:00+00:00,1.15981,1.15986,1.15961,1.15963,820.12
2026-06-15 01:45:00+00:00,1.15964,1.16016,1.15957,1.15979,949.05
2026-06-15 02:00:00+00:00,1.1598,1.15993,1.15943,1.15948,677.25
2026-06-15 02:15:00+00:00,1.15948,1.15981,1.15941,1.15977,384.24
2026-06-15 02:30:00+00:00,1.15978,1.16012,1.15978,1.15987,361.35
2026-06-15 02:45:00+00:00,1.15986,1.15996,1.15973,1.15993,249.66
2026-06-15 03:00:00+00:00,1.15994,1.16008,1.15983,1.15987,425.91
2026-06-15 03:15:00+00:00,1.15987,1.16018,1.15986,1.16017,320.85
2026-06-15 03:30:00+00:00,1.16014,1.16041,1.1601,1.16032,399.15
2026-06-15 03:45:00+00:00,1.16031,1.16051,1.16031,1.16041,372.78000000000003
2026-06-15 04:00:00+00:00,1.16043,1.16051,1.16031,1.16045,283.5
2026-06-15 04:15:00+00:00,1.16046,1.16089,1.16042,1.16089,337.05
2026-06-15 04:30:00+00:00,1.1609,1.16112,1.16086,1.16106,357.75
2026-06-15 04:45:00+00:00,1.16107,1.16134,1.16103,1.16124,421.2
2026-06-15 05:00:00+00:00,1.16126,1.16221,1.16125,1.16192,756.0
2026-06-15 05:15:00+00:00,1.16192,1.16202,1.16177,1.16182,682.17
2026-06-15 05:30:00+00:00,1.16184,1.16195,1.16136,1.16138,743.84
2026-06-15 05:45:00+00:00,1.16139,1.16175,1.16135,1.16167,851.8599999999999
2026-06-15 06:00:00+00:00,1.16168,1.16178,1.16083,1.16095,1136.21
2026-06-15 06:15:00+00:00,1.16101,1.16113,1.16064,1.16077,930.14
2026-06-15 06:30:00+00:00,1.16075,1.16083,1.16007,1.16071,1442.0
2026-06-15 06:45:00+00:00,1.1607,1.16086,1.16042,1.16063,1002.51
2026-06-15 07:00:00+00:00,1.16062,1.16092,1.16013,1.16065,1835.99
2026-06-15 07:15:00+00:00,1.16064,1.16105,1.16036,1.16084,1124.55
2026-06-15 07:30:00+00:00,1.16086,1.16093,1.16041,1.1608,1353.54
2026-06-15 07:45:00+00:00,1.16078,1.16091,1.16039,1.1606,1145.69
2026-06-15 08:00:00+00:00,1.1606,1.16082,1.16042,1.16056,1208.24
2026-06-15 08:15:00+00:00,1.16055,1.16101,1.16045,1.16075,873.26
2026-06-15 08:30:00+00:00,1.16077,1.16101,1.15998,1.1601,1209.55
2026-06-15 08:45:00+00:00,1.16012,1.16018,1.1597,1.16015,1336.5
2026-06-15 09:00:00+00:00,1.16014,1.16107,1.16005,1.16074,1205.1100000000001
2026-06-15 09:15:00+00:00,1.16072,1.16072,1.16033,1.16053,859.0
2026-06-15 09:30:00+00:00,1.16051,1.16102,1.16051,1.16078,714.82
2026-06-15 09:45:00+00:00,1.16075,1.16088,1.1605,1.16067,918.0
2026-06-15 10:00:00+00:00,1.16069,1.16069,1.16031,1.16065,825.28
2026-06-15 10:15:00+00:00,1.16065,1.16114,1.16065,1.16104,916.57
2026-06-15 10:30:00+00:00,1.16103,1.16144,1.16101,1.16131,734.4
2026-06-15 10:45:00+00:00,1.16132,1.16136,1.16098,1.16104,934.23
2026-06-15 11:00:00+00:00,1.16105,1.1614,1.16103,1.16121,1202.17
2026-06-15 11:15:00+00:00,1.16121,1.16121,1.16067,1.16069,1031.17
2026-06-15 11:30:00+00:00,1.16069,1.16105,1.16056,1.16068,1116.22
2026-06-15 11:45:00+00:00,1.16069,1.16138,1.16068,1.16087,1172.66
2026-06-15 12:00:00+00:00,1.16088,1.16122,1.16056,1.16062,1235.47
2026-06-15 12:15:00+00:00,1.16062,1.16097,1.16042,1.16095,1319.62
2026-06-15 12:30:00+00:00,1.16095,1.16144,1.16082,1.16144,1105.32
2026-06-15 12:45:00+00:00,1.16144,1.16196,1.1613,1.16153,1579.44
2026-06-15 13:00:00+00:00,1.16154,1.16165,1.16119,1.16151,1215.1100000000001
2026-06-15 13:15:00+00:00,1.16151,1.16178,1.16147,1.16164,1035.8
2026-06-15 13:30:00+00:00,1.16164,1.16204,1.16131,1.16171,2238.88
2026-06-15 13:45:00+00:00,1.16172,1.16184,1.16135,1.16167,1835.95
2026-06-15 14:00:00+00:00,1.16165,1.16186,1.16124,1.16133,2300.8
2026-06-15 14:15:00+00:00,1.16134,1.16152,1.16087,1.16122,1740.0
2026-06-15 14:30:00+00:00,1.16123,1.16132,1.16054,1.16067,1605.32
2026-06-15 14:45:00+00:00,1.16065,1.16124,1.16054,1.16076,3198.87
2026-06-15 15:00:00+00:00,1.16076,1.16076,1.16041,1.16044,1812.34
2026-06-15 15:15:00+00:00,1.16043,1.16062,1.16013,1.1603,1267.07
2026-06-15 15:30:00+00:00,1.16031,1.16033,1.15976,1.15976,1319.01
2026-06-15 15:45:00+00:00,1.15977,1.15986,1.15965,1.15984,907.65
2026-06-15 16:00:00+00:00,1.15984,1.16029,1.15973,1.16028,1244.57
2026-06-15 16:15:00+00:00,1.16026,1.16048,1.16008,1.16048,820.35
2026-06-15 16:30:00+00:00,1.16047,1.1605,1.1598,1.15987,969.3000000000001
2026-06-15 16:45:00+00:00,1.15989,1.16051,1.15986,1.16033,679.72
2026-06-15 17:00:00+00:00,1.16035,1.16039,1.16001,1.16018,871.15
2026-06-15 17:15:00+00:00,1.16017,1.16024,1.15987,1.16004,606.24
2026-06-15 17:30:00+00:00,1.16006,1.16007,1.15978,1.15998,592.0
2026-06-15 17:45:00+00:00,1.15998,1.16007,1.15983,1.15994,422.7
2026-06-15 18:00:00+00:00,1.15994,1.1603,1.15985,1.16015,718.64
2026-06-15 18:15:00+00:00,1.16016,1.16019,1.15976,1.15976,467.54999999999995
2026-06-15 18:30:00+00:00,1.15977,1.15978,1.1595,1.15964,707.61
2026-06-15 18:45:00+00:00,1.15964,1.15984,1.15939,1.15947,1196.1200000000001
2026-06-15 19:00:00+00:00,1.15947,1.15961,1.159,1.15919,947.24
2026-06-15 19:15:00+00:00,1.1592,1.1594,1.1591,1.15917,474.3
2026-06-15 19:30:00+00:00,1.15916,1.15943,1.15915,1.15929,529.29
2026-06-15 19:45:00+00:00,1.15928,1.15939,1.15843,1.15851,918.0
2026-06-15 20:00:00+00:00,1.15852,1.15886,1.15835,1.15885,799.56
2026-06-15 20:15:00+00:00,1.15886,1.15892,1.15871,1.15888,178.20000000000002
2026-06-15 20:30:00+00:00,1.15889,1.15899,1.1587,1.15889,315.45
2026-06-15 20:45:00+00:00,1.15888,1.159,1.15871,1.15897,452.01000000000005
2026-06-15 21:00:00+00:00,1.15896,1.15927,1.15859,1.15878,546.98
2026-06-15 21:15:00+00:00,1.15879,1.15883,1.15868,1.15869,203.04000000000002
2026-06-15 21:30:00+00:00,1.15869,1.15939,1.15868,1.15937,1268.6
2026-06-15 21:45:00+00:00,1.15938,1.15939,1.15893,1.15893,796.7
2026-06-15 22:00:00+00:00,1.15901,1.15905,1.15868,1.15872,291.15000000000003
2026-06-15 22:15:00+00:00,1.15871,1.15871,1.15853,1.15863,184.46
2026-06-15 22:30:00+00:00,1.15863,1.15878,1.15861,1.15877,216.33
2026-06-15 22:45:00+00:00,1.15877,1.15894,1.15869,1.15882,209.01999999999998
2026-06-15 23:00:00+00:00,1.15883,1.15908,1.15883,1.159,203.49
2026-06-15 23:15:00+00:00,1.15901,1.15918,1.15891,1.15912,138.6
2026-06-15 23:30:00+00:00,1.15913,1.1593,1.15907,1.1593,119.25
2026-06-15 23:45:00+00:00,1.15931,1.15935,1.15906,1.15911,243.18
2026-06-16 00:00:00+00:00,1.15912,1.15919,1.15894,1.15895,569.13
2026-06-16 00:15:00+00:00,1.15895,1.15905,1.15878,1.15886,624.15
2026-06-16 00:30:00+00:00,1.15882,1.15918,1.15882,1.15913,495.54
2026-06-16 00:45:00+00:00,1.15913,1.15935,1.15886,1.15929,575.7
2026-06-16 01:00:00+00:00,1.15928,1.1595,1.15905,1.1592,1000.0799999999999
2026-06-16 01:15:00+00:00,1.15919,1.1592,1.15892,1.15909,632.68
2026-06-16 01:30:00+00:00,1.15908,1.15924,1.15879,1.15889,748.1800000000001
2026-06-16 01:45:00+00:00,1.15892,1.15923,1.15867,1.15877,734.3299999999999
2026-06-16 02:00:00+00:00,1.15876,1.15878,1.15845,1.15852,492.68
2026-06-16 02:15:00+00:00,1.15852,1.15861,1.15825,1.1586,384.32
2026-06-16 02:30:00+00:00,1.15862,1.15892,1.15862,1.15883,384.48
2026-06-16 02:45:00+00:00,1.15881,1.15885,1.1586,1.15876,405.63
2026-06-16 03:00:00+00:00,1.15876,1.15882,1.15848,1.15869,554.66
2026-06-16 03:15:00+00:00,1.15867,1.15873,1.15839,1.15855,608.0600000000001
2026-06-16 03:30:00+00:00,1.15855,1.15874,1.15855,1.15867,447.96999999999997
2026-06-16 03:45:00+00:00,1.15867,1.15885,1.15858,1.15863,443.77
2026-06-16 04:00:00+00:00,1.15861,1.15869,1.15785,1.15794,628.62
2026-06-16 04:15:00+00:00,1.15793,1.15812,1.15756,1.15781,477.63
2026-06-16 04:30:00+00:00,1.15782,1.15803,1.15771,1.15787,662.52
2026-06-16 04:45:00+00:00,1.15789,1.15794,1.15763,1.15788,601.74
2026-06-16 05:00:00+00:00,1.15788,1.15809,1.15774,1.15774,404.55
2026-06-16 05:15:00+00:00,1.15773,1.15794,1.1577,1.15794,369.0
2026-06-16 05:30:00+00:00,1.15793,1.15805,1.1577,1.15772,563.85
2026-06-16 05:45:00+00:00,1.15772,1.15777,1.15751,1.15753,720.48
2026-06-16 06:00:00+00:00,1.1575,1.15776,1.15748,1.1577,617.13
2026-06-16 06:15:00+00:00,1.15769,1.15788,1.15748,1.15784,634.68
2026-06-16 06:30:00+00:00,1.15784,1.15855,1.15777,1.15813,1341.4299999999998
2026-06-16 06:45:00+00:00,1.15815,1.15875,1.15811,1.15873,1095.38
2026-06-16 07:00:00+00:00,1.15873,1.15903,1.1585,1.1588,1178.48
2026-06-16 07:15:00+00:00,1.15881,1.15912,1.15871,1.1591,1023.86
2026-06-16 07:30:00+00:00,1.1591,1.15937,1.15893,1.15929,1470.64
2026-06-16 07:45:00+00:00,1.15929,1.15956,1.15917,1.15952,1081.35
2026-06-16 08:00:00+00:00,1.15956,1.15994,1.15932,1.15988,1313.78
2026-06-16 08:15:00+00:00,1.15987,1.16019,1.15972,1.16016,1102.53
2026-06-16 08:30:00+00:00,1.16013,1.16022,1.15989,1.16008,843.35
2026-06-16 08:45:00+00:00,1.16008,1.16064,1.15995,1.16056,914.04
2026-06-16 09:00:00+00:00,1.16055,1.16093,1.16033,1.1607,1363.27
2026-06-16 09:15:00+00:00,1.1607,1.16073,1.16004,1.16013,914.64
2026-06-16 09:30:00+00:00,1.16015,1.16033,1.15999,1.16007,809.59
2026-06-16 09:45:00+00:00,1.16006,1.16021,1.15998,1.1601,614.61
2026-06-16 10:00:00+00:00,1.16009,1.16077,1.16004,1.1607,933.93
2026-06-16 10:15:00+00:00,1.16069,1.16129,1.16067,1.1609,1049.8
2026-06-16 10:30:00+00:00,1.1609,1.16121,1.16076,1.16113,586.83
2026-06-16 10:45:00+00:00,1.16112,1.16124,1.16092,1.16119,856.94
2026-06-16 11:00:00+00:00,1.16117,1.16117,1.16073,1.16088,892.0
2026-06-16 11:15:00+00:00,1.16089,1.16089,1.16033,1.16041,1109.22
2026-06-16 11:30:00+00:00,1.16041,1.16066,1.15977,1.15997,1217.1
2026-06-16 11:45:00+00:00,1.15995,1.16007,1.15971,1.15989,908.1
2026-06-16 12:00:00+00:00,1.15988,1.15992,1.15934,1.15973,1568.14
2026-06-16 12:15:00+00:00,1.15974,1.1598,1.15912,1.15948,1063.21
2026-06-16 12:30:00+00:00,1.15948,1.16018,1.15946,1.16009,1365.75
2026-06-16 12:45:00+00:00,1.16008,1.16011,1.15964,1.15996,1435.31
2026-06-16 13:00:00+00:00,1.15993,1.16026,1.15989,1.15997,1097.53
2026-06-16 13:15:00+00:00,1.15999,1.16006,1.15949,1.15978,1335.73
2026-06-16 13:30:00+00:00,1.15977,1.16035,1.15971,1.1599,1730.19
2026-06-16 13:45:00+00:00,1.15992,1.15995,1.15912,1.15925,1326.91
2026-06-16 14:00:00+00:00,1.15926,1.15966,1.15879,1.15949,2143.83
2026-06-16 14:15:00+00:00,1.15947,1.15971,1.15906,1.15906,1805.73
2026-06-16 14:30:00+00:00,1.15904,1.15969,1.15878,1.15964,1872.8
2026-06-16 14:45:00+00:00,1.15964,1.16082,1.15958,1.16068,2379.29
2026-06-16 15:00:00+00:00,1.16071,1.16079,1.15997,1.16015,2373.67
2026-06-16 15:15:00+00:00,1.16016,1.1605,1.16013,1.1602,1120.47
2026-06-16 15:30:00+00:00,1.16022,1.16084,1.16013,1.16067,1326.34
2026-06-16 15:45:00+00:00,1.16067,1.16185,1.16036,1.16139,2514.97
2026-06-16 16:00:00+00:00,1.16141,1.1618,1.16124,1.16171,1730.32
2026-06-16 16:15:00+00:00,1.16172,1.16196,1.16155,1.16167,1242.45
2026-06-16 16:30:00+00:00,1.16167,1.16175,1.16135,1.1614,953.98
2026-06-16 16:45:00+00:00,1.1614,1.16147,1.16115,1.16131,769.35
2026-06-16 17:00:00+00:00,1.16129,1.16137,1.16112,1.1612,615.0
2026-06-16 17:15:00+00:00,1.16121,1.16131,1.16106,1.1612,961.1800000000001
2026-06-16 17:30:00+00:00,1.16119,1.16131,1.16107,1.16122,897.75
2026-06-16 17:45:00+00:00,1.16124,1.16128,1.16107,1.16112,832.3199999999999
2026-06-16 18:00:00+00:00,1.16114,1.16139,1.16106,1.16114,647.85
2026-06-16 18:15:00+00:00,1.16112,1.16119,1.16096,1.16101,625.59
2026-06-16 18:30:00+00:00,1.16104,1.16109,1.16065,1.16071,478.21
2026-06-16 18:45:00+00:00,1.16071,1.16111,1.16062,1.16105,493.83
2026-06-16 19:00:00+00:00,1.16106,1.16137,1.16106,1.16111,709.77
2026-06-16 19:15:00+00:00,1.16113,1.16119,1.16103,1.16114,509.43
2026-06-16 19:30:00+00:00,1.16114,1.16116,1.16075,1.16077,598.77
2026-06-16 19:45:00+00:00,1.16078,1.16092,1.16059,1.16081,677.7
2026-06-16 20:00:00+00:00,1.1608,1.16084,1.16067,1.16075,237.69
2026-06-16 20:15:00+00:00,1.16077,1.16096,1.16076,1.16091,142.74
2026-06-16 20:30:00+00:00,1.16092,1.16094,1.16065,1.1607,165.87
2026-06-16 20:45:00+00:00,1.16069,1.16088,1.16064,1.16078,522.24
2026-06-16 21:00:00+00:00,1.16075,1.16099,1.16061,1.16089,242.07999999999998
2026-06-16 21:15:00+00:00,1.16089,1.16112,1.16066,1.16105,1933.48
2026-06-16 21:30:00+00:00,1.16104,1.16112,1.16069,1.16071,584.55
2026-06-16 21:45:00+00:00,1.16071,1.16074,1.16061,1.16061,178.2
2026-06-16 22:00:00+00:00,1.16075,1.16106,1.16075,1.16098,269.64
2026-06-16 22:15:00+00:00,1.16098,1.16107,1.16095,1.16104,177.75
2026-06-16 22:30:00+00:00,1.16103,1.16122,1.16103,1.16122,215.55
2026-06-16 22:45:00+00:00,1.16121,1.16127,1.16117,1.1612,160.65
2026-06-16 23:00:00+00:00,1.1612,1.1614,1.16116,1.16133,207.0
2026-06-16 23:15:00+00:00,1.16133,1.16143,1.16129,1.1614,124.65
2026-06-16 23:30:00+00:00,1.16143,1.16146,1.1612,1.16131,130.05
2026-06-16 23:45:00+00:00,1.16129,1.16131,1.16088,1.16096,473.93
2026-06-17 00:00:00+00:00,1.16094,1.1614,1.16087,1.16133,730.35
2026-06-17 00:15:00+00:00,1.16134,1.16166,1.16133,1.16153,589.14
2026-06-17 00:30:00+00:00,1.16151,1.16158,1.16141,1.16152,525.58
2026-06-17 00:45:00+00:00,1.16151,1.16152,1.16123,1.16145,488.33
2026-06-17 01:00:00+00:00,1.16144,1.16159,1.16136,1.16138,549.99
2026-06-17 01:15:00+00:00,1.16138,1.16142,1.16118,1.16121,319.95
2026-06-17 01:30:00+00:00,1.16121,1.16132,1.16102,1.1613,341.64
2026-06-17 01:45:00+00:00,1.16132,1.16138,1.16113,1.16122,295.83
2026-06-17 02:00:00+00:00,1.16122,1.16129,1.16119,1.16125,381.69
2026-06-17 02:15:00+00:00,1.16123,1.1615,1.16117,1.16136,320.04
2026-06-17 02:30:00+00:00,1.16136,1.1614,1.16121,1.16128,249.75
2026-06-17 02:45:00+00:00,1.16124,1.16124,1.16091,1.16091,199.8
2026-06-17 03:00:00+00:00,1.16093,1.16111,1.16081,1.16109,287.55
2026-06-17 03:15:00+00:00,1.16109,1.1611,1.1609,1.16104,275.85
2026-06-17 03:30:00+00:00,1.16104,1.16121,1.161,1.16108,246.37
2026-06-17 03:45:00+00:00,1.16107,1.16116,1.16101,1.16103,171.0
2026-06-17 04:00:00+00:00,1.16104,1.16131,1.16098,1.16123,267.51
2026-06-17 04:15:00+00:00,1.16122,1.16135,1.16113,1.16113,194.4
2026-06-17 04:30:00+00:00,1.16115,1.16121,1.16104,1.16113,121.5
2026-06-17 04:45:00+00:00,1.16111,1.16128,1.16109,1.16123,163.89
2026-06-17 05:00:00+00:00,1.16121,1.16137,1.16111,1.16119,273.6
2026-06-17 05:15:00+00:00,1.1612,1.16143,1.16114,1.16121,392.94
2026-06-17 05:30:00+00:00,1.16122,1.16141,1.16114,1.1614,336.82
2026-06-17 05:45:00+00:00,1.1614,1.16149,1.16104,1.16119,387.0
2026-06-17 06:00:00+00:00,1.16118,1.16146,1.16094,1.16114,1133.82
2026-06-17 06:15:00+00:00,1.16113,1.16117,1.16058,1.1606,819.4
2026-06-17 06:30:00+00:00,1.1606,1.16073,1.16037,1.16071,903.24
2026-06-17 06:45:00+00:00,1.1607,1.16087,1.16053,1.16079,1061.16
2026-06-17 07:00:00+00:00,1.16077,1.1614,1.16065,1.16138,903.87
2026-06-17 07:15:00+00:00,1.1614,1.16147,1.16068,1.16068,854.3199999999999
2026-06-17 07:30:00+00:00,1.16068,1.16085,1.16043,1.16057,1027.32
2026-06-17 07:45:00+00:00,1.16056,1.1609,1.16047,1.16083,854.37
2026-06-17 08:00:00+00:00,1.16082,1.16082,1.16007,1.16046,967.08
2026-06-17 08:15:00+00:00,1.16046,1.1605,1.15979,1.1602,938.83
2026-06-17 08:30:00+00:00,1.1602,1.16031,1.16003,1.16011,990.45
2026-06-17 08:45:00+00:00,1.16013,1.1603,1.15999,1.16018,658.8
2026-06-17 09:00:00+00:00,1.16018,1.16033,1.16007,1.16014,482.13
2026-06-17 09:15:00+00:00,1.16015,1.16058,1.16013,1.16045,739.8
2026-06-17 09:30:00+00:00,1.16046,1.16057,1.16015,1.16016,496.8
2026-06-17 09:45:00+00:00,1.16016,1.16041,1.16014,1.16039,558.45
2026-06-17 10:00:00+00:00,1.16038,1.16045,1.16018,1.16039,654.52
2026-06-17 10:15:00+00:00,1.16038,1.1604,1.15957,1.1596,770.82
2026-06-17 10:30:00+00:00,1.15962,1.16002,1.15961,1.15984,640.08
2026-06-17 10:45:00+00:00,1.15984,1.16007,1.15953,1.1597,743.71
2026-06-17 11:00:00+00:00,1.1597,1.15971,1.15909,1.15915,735.25
2026-06-17 11:15:00+00:00,1.15913,1.1595,1.15894,1.15897,647.44
2026-06-17 11:30:00+00:00,1.15897,1.159,1.15853,1.15864,816.07
2026-06-17 11:45:00+00:00,1.15865,1.15914,1.15865,1.15914,781.6
2026-06-17 12:00:00+00:00,1.15915,1.15942,1.15905,1.1592,995.17
2026-06-17 12:15:00+00:00,1.1592,1.15979,1.1591,1.1596,968.0999999999999
2026-06-17 12:30:00+00:00,1.15961,1.15993,1.15928,1.15973,1110.43
2026-06-17 12:45:00+00:00,1.15974,1.16026,1.15973,1.1602,844.65
2026-06-17 13:00:00+00:00,1.16021,1.16022,1.15979,1.1601,956.38
2026-06-17 13:15:00+00:00,1.16009,1.16027,1.15978,1.15982,963.79
2026-06-17 13:30:00+00:00,1.15982,1.15997,1.15954,1.15975,1911.69
2026-06-17 13:45:00+00:00,1.15974,1.16013,1.15956,1.15969,1458.98
2026-06-17 14:00:00+00:00,1.15969,1.15984,1.1592,1.15928,2178.45
2026-06-17 14:15:00+00:00,1.15926,1.15943,1.15902,1.15926,1402.96
2026-06-17 14:30:00+00:00,1.15927,1.15956,1.15911,1.15927,1496.23
2026-06-17 14:45:00+00:00,1.15924,1.15931,1.15809,1.15893,2959.77
2026-06-17 15:00:00+00:00,1.15892,1.15921,1.15868,1.15902,1858.5900000000001
2026-06-17 15:15:00+00:00,1.159,1.1594,1.15897,1.15926,1518.25
2026-06-17 15:30:00+00:00,1.15925,1.15939,1.15892,1.15929,861.88
2026-06-17 15:45:00+00:00,1.1593,1.15939,1.15914,1.15925,750.6
2026-06-17 16:00:00+00:00,1.15928,1.15933,1.1589,1.15894,686.15
2026-06-17 16:15:00+00:00,1.15894,1.1593,1.15894,1.15917,492.39
2026-06-17 16:30:00+00:00,1.15917,1.1592,1.15886,1.15903,518.71
2026-06-17 16:45:00+00:00,1.15901,1.15927,1.15894,1.15916,413.64
2026-06-17 17:00:00+00:00,1.15915,1.15918,1.15878,1.15906,643.49
2026-06-17 17:15:00+00:00,1.15905,1.15918,1.15897,1.15906,479.7
2026-06-17 17:30:00+00:00,1.15904,1.15934,1.15903,1.15928,731.11
2026-06-17 17:45:00+00:00,1.15928,1.15961,1.15922,1.15949,770.58
2026-06-17 18:00:00+00:00,1.1595,1.15952,1.15416,1.15446,8208.16
2026-06-17 18:15:00+00:00,1.15446,1.15563,1.15445,1.15487,5859.86
2026-06-17 18:30:00+00:00,1.15486,1.15662,1.15355,1.15625,8314.68
2026-06-17 18:45:00+00:00,1.15625,1.15632,1.15368,1.15387,6032.42
2026-06-17 19:00:00+00:00,1.15386,1.15418,1.15051,1.15158,7788.89
2026-06-17 19:15:00+00:00,1.15159,1.15163,1.14956,1.14957,6321.88
2026-06-17 19:30:00+00:00,1.14957,1.14973,1.14778,1.14839,6154.18
2026-06-17 19:45:00+00:00,1.14839,1.14971,1.14839,1.14941,4895.5
2026-06-17 20:00:00+00:00,1.1494,1.14972,1.14868,1.14909,1427.13
2026-06-17 20:15:00+00:00,1.14907,1.14997,1.14889,1.14996,1242.52
2026-06-17 20:30:00+00:00,1.14995,1.15054,1.14987,1.15016,773.93
2026-06-17 20:45:00+00:00,1.15019,1.15034,1.14999,1.15008,1168.98
2026-06-17 21:00:00+00:00,1.14999,1.15025,1.14995,1.1501,86.79
2026-06-17 21:15:00+00:00,1.15008,1.15022,1.15005,1.1502,55.800000000000004
2026-06-17 21:30:00+00:00,1.1502,1.15025,1.15006,1.15011,53.1
2026-06-17 21:45:00+00:00,1.15015,1.15028,1.15015,1.15022,157.05
2026-06-17 22:00:00+00:00,1.15023,1.15048,1.15,1.15028,593.99
2026-06-17 22:15:00+00:00,1.15027,1.15037,1.15012,1.1502,282.6
2026-06-17 22:30:00+00:00,1.15019,1.15052,1.15015,1.15041,541.35
2026-06-17 22:45:00+00:00,1.15043,1.15055,1.15027,1.15042,438.75
2026-06-17 23:00:00+00:00,1.15042,1.15076,1.15042,1.15073,306.39
2026-06-17 23:15:00+00:00,1.15074,1.15084,1.15059,1.15063,303.48
2026-06-17 23:30:00+00:00,1.15063,1.1507,1.15035,1.15069,407.7
2026-06-17 23:45:00+00:00,1.15069,1.15075,1.15057,1.15068,447.74
2026-06-18 00:00:00+00:00,1.15067,1.15206,1.15067,1.15115,3044.76
2026-06-18 00:15:00+00:00,1.15115,1.15135,1.15088,1.15102,1240.33
2026-06-18 00:30:00+00:00,1.15102,1.15127,1.15095,1.1511,1043.86
2026-06-18 00:45:00+00:00,1.15108,1.15167,1.15089,1.15153,2440.2799999999997
2026-06-18 01:00:00+00:00,1.15153,1.15201,1.15151,1.15196,1224.87
2026-06-18 01:15:00+00:00,1.15196,1.15218,1.15182,1.15212,751.36
2026-06-18 01:30:00+00:00,1.15213,1.15223,1.15197,1.15214,645.3
2026-06-18 01:45:00+00:00,1.15213,1.15214,1.15158,1.15165,802.8
2026-06-18 02:00:00+00:00,1.15166,1.15182,1.15138,1.15142,753.97
2026-06-18 02:15:00+00:00,1.15145,1.15164,1.15129,1.15162,547.74
2026-06-18 02:30:00+00:00,1.15161,1.152,1.15153,1.15198,450.54
2026-06-18 02:45:00+00:00,1.15198,1.15207,1.15177,1.15177,313.65
2026-06-18 03:00:00+00:00,1.15177,1.15192,1.15177,1.15192,401.04
2026-06-18 03:15:00+00:00,1.15192,1.15232,1.15187,1.15225,611.97
2026-06-18 03:30:00+00:00,1.15226,1.15243,1.1521,1.15223,396.99
2026-06-18 03:45:00+00:00,1.15225,1.15239,1.15217,1.15234,297.54
2026-06-18 04:00:00+00:00,1.15234,1.15262,1.15206,1.15207,421.28
2026-06-18 04:15:00+00:00,1.15209,1.15232,1.15208,1.15227,520.81
2026-06-18 04:30:00+00:00,1.15225,1.15249,1.15215,1.15234,604.83
2026-06-18 04:45:00+00:00,1.15234,1.15249,1.1523,1.1523,620.73
2026-06-18 05:00:00+00:00,1.15231,1.15247,1.15217,1.15222,490.81
2026-06-18 05:15:00+00:00,1.15222,1.15222,1.15175,1.15178,605.73
2026-06-18 05:30:00+00:00,1.15176,1.15184,1.15157,1.15175,823.63
2026-06-18 05:45:00+00:00,1.15175,1.15175,1.15101,1.15106,873.34
2026-06-18 06:00:00+00:00,1.15106,1.15233,1.15104,1.15227,1864.95
2026-06-18 06:15:00+00:00,1.15225,1.15271,1.15195,1.15269,1529.23
2026-06-18 06:30:00+00:00,1.15269,1.15282,1.15191,1.15254,1418.95
2026-06-18 06:45:00+00:00,1.15254,1.15256,1.15188,1.15195,1470.15
2026-06-18 07:00:00+00:00,1.15195,1.15227,1.15118,1.15124,2268.12
2026-06-18 07:15:00+00:00,1.15124,1.15151,1.15078,1.15104,1609.52
2026-06-18 07:30:00+00:00,1.15102,1.15153,1.15064,1.15151,1742.13
2026-06-18 07:45:00+00:00,1.1515,1.15209,1.15124,1.15128,1617.55
2026-06-18 08:00:00+00:00,1.15129,1.15138,1.1505,1.15051,2265.2599999999998
2026-06-18 08:15:00+00:00,1.15053,1.15075,1.15009,1.15025,1637.07
2026-06-18 08:30:00+00:00,1.15023,1.15032,1.14923,1.14925,2055.71
2026-06-18 08:45:00+00:00,1.14926,1.14928,1.1482,1.14826,2123.55
2026-06-18 09:00:00+00:00,1.14828,1.14858,1.14747,1.14758,3400.09
2026-06-18 09:15:00+00:00,1.1476,1.14818,1.14752,1.1476,1970.71
2026-06-18 09:30:00+00:00,1.1476,1.14834,1.14746,1.14812,1444.54
2026-06-18 09:45:00+00:00,1.14811,1.14833,1.14766,1.14766,1269.22
2026-06-18 10:00:00+00:00,1.14765,1.14772,1.14619,1.14705,2529.78
2026-06-18 10:15:00+00:00,1.14707,1.14742,1.14664,1.14714,1882.28
2026-06-18 10:30:00+00:00,1.14713,1.14725,1.14626,1.14633,1738.65
2026-06-18 10:45:00+00:00,1.14635,1.14656,1.14595,1.14607,1873.09
2026-06-18 11:00:00+00:00,1.14608,1.14668,1.1458,1.14597,2046.25
2026-06-18 11:15:00+00:00,1.14594,1.14651,1.14541,1.14622,2221.2200000000003
2026-06-18 11:30:00+00:00,1.14621,1.14653,1.14579,1.14595,1968.15
2026-06-18 11:45:00+00:00,1.14592,1.14608,1.14554,1.14571,1690.69
2026-06-18 12:00:00+00:00,1.14571,1.14698,1.14532,1.14691,2572.5
2026-06-18 12:15:00+00:00,1.1469,1.14818,1.14648,1.14707,2754.33
2026-06-18 12:30:00+00:00,1.14708,1.1473,1.14637,1.14646,2344.14
2026-06-18 12:45:00+00:00,1.14647,1.14718,1.14643,1.14693,2546.95
2026-06-18 13:00:00+00:00,1.14693,1.14707,1.1463,1.14703,2362.34
2026-06-18 13:15:00+00:00,1.14703,1.14719,1.14628,1.14714,2204.97
2026-06-18 13:30:00+00:00,1.14714,1.1484,1.14707,1.1476,3302.08
2026-06-18 13:45:00+00:00,1.14761,1.14772,1.14707,1.1472,2769.69
2026-06-18 14:00:00+00:00,1.14721,1.14741,1.14676,1.14719,2584.0099999999998
2026-06-18 14:15:00+00:00,1.14719,1.14774,1.14695,1.14744,2466.88
2026-06-18 14:30:00+00:00,1.14745,1.14753,1.14695,1.14706,2439.7
2026-06-18 14:45:00+00:00,1.14706,1.14872,1.14705,1.14861,2363.57
2026-06-18 15:00:00+00:00,1.14863,1.14875,1.1478,1.14783,2739.25
2026-06-18 15:15:00+00:00,1.14783,1.1481,1.14755,1.14777,2249.79
2026-06-18 15:30:00+00:00,1.14775,1.14782,1.14712,1.14739,3074.11
2026-06-18 15:45:00+00:00,1.1474,1.14769,1.14688,1.14691,1939.68
2026-06-18 16:00:00+00:00,1.14692,1.14721,1.14653,1.14668,3037.09
2026-06-18 16:15:00+00:00,1.14669,1.14711,1.14632,1.14701,1564.48
2026-06-18 16:30:00+00:00,1.147,1.14705,1.14638,1.14666,1415.79
2026-06-18 16:45:00+00:00,1.14665,1.14675,1.14615,1.14651,1055.04
2026-06-18 17:00:00+00:00,1.14653,1.14719,1.1463,1.14711,1304.2
2026-06-18 17:15:00+00:00,1.14712,1.14735,1.14703,1.14714,831.6
2026-06-18 17:30:00+00:00,1.14714,1.14715,1.14649,1.1466,916.01
2026-06-18 17:45:00+00:00,1.14659,1.1466,1.14623,1.14624,920.52
2026-06-18 18:00:00+00:00,1.14624,1.14653,1.14603,1.1464,1109.25
2026-06-18 18:15:00+00:00,1.14638,1.14656,1.14624,1.14629,1507.5900000000001
2026-06-18 18:30:00+00:00,1.14629,1.14652,1.14618,1.14642,1100.97
2026-06-18 18:45:00+00:00,1.14641,1.14645,1.14589,1.14593,1173.91
2026-06-18 19:00:00+00:00,1.14594,1.14599,1.14528,1.14558,1703.82
2026-06-18 19:15:00+00:00,1.14555,1.1456,1.14512,1.14522,1363.62
2026-06-18 19:30:00+00:00,1.14521,1.14603,1.1452,1.14583,1981.72
2026-06-18 19:45:00+00:00,1.14583,1.14626,1.14573,1.14573,1349.24
2026-06-18 20:00:00+00:00,1.14576,1.14625,1.14555,1.14621,710.72
2026-06-18 20:15:00+00:00,1.14621,1.14631,1.14602,1.14621,374.49
2026-06-18 20:30:00+00:00,1.14619,1.14624,1.14587,1.14589,351.54
2026-06-18 20:45:00+00:00,1.14588,1.14588,1.14566,1.14574,508.46
2026-06-18 21:00:00+00:00,1.14574,1.14678,1.14552,1.14584,200.16
2026-06-18 21:15:00+00:00,1.14586,1.14589,1.14572,1.14582,85.05
2026-06-18 21:30:00+00:00,1.1458,1.14618,1.1458,1.14605,285.65999999999997
2026-06-18 21:45:00+00:00,1.14603,1.14621,1.14595,1.14602,342.36
2026-06-18 22:00:00+00:00,1.14628,1.1463,1.14583,1.14618,687.36
2026-06-18 22:15:00+00:00,1.14616,1.14617,1.14586,1.14597,387.0
2026-06-18 22:30:00+00:00,1.14597,1.14607,1.14596,1.14604,155.25
2026-06-18 22:45:00+00:00,1.14605,1.14633,1.14603,1.14631,327.6
2026-06-18 23:00:00+00:00,1.14632,1.14632,1.14602,1.14615,343.57
2026-06-18 23:15:00+00:00,1.14615,1.14619,1.14599,1.14605,240.3
2026-06-18 23:30:00+00:00,1.14606,1.1461,1.14595,1.14596,169.2
2026-06-18 23:45:00+00:00,1.14597,1.14601,1.1457,1.14582,167.85
2026-06-19 00:00:00+00:00,1.14582,1.14645,1.14582,1.1462,773.73
2026-06-19 00:15:00+00:00,1.14619,1.14639,1.14604,1.14607,612.09
2026-06-19 00:30:00+00:00,1.14609,1.14655,1.14605,1.14625,902.46
2026-06-19 00:45:00+00:00,1.14624,1.14644,1.14617,1.14618,763.77
2026-06-19 01:00:00+00:00,1.14619,1.14633,1.14602,1.14608,720.45
2026-06-19 01:15:00+00:00,1.14608,1.14616,1.14592,1.1461,608.97
2026-06-19 01:30:00+00:00,1.14609,1.14609,1.14575,1.14579,672.93
2026-06-19 01:45:00+00:00,1.14579,1.14582,1.14525,1.14531,564.39
2026-06-19 02:00:00+00:00,1.14531,1.14542,1.14516,1.14531,434.01
2026-06-19 02:15:00+00:00,1.1453,1.14574,1.14522,1.14568,392.49
2026-06-19 02:30:00+00:00,1.14569,1.14578,1.14559,1.14571,512.64
2026-06-19 02:45:00+00:00,1.1457,1.14571,1.14539,1.14544,238.65
2026-06-19 03:00:00+00:00,1.14545,1.14547,1.14498,1.14502,510.69
2026-06-19 03:15:00+00:00,1.14502,1.14504,1.14433,1.14436,1164.95
2026-06-19 03:30:00+00:00,1.14437,1.14463,1.14434,1.14457,813.33
2026-06-19 03:45:00+00:00,1.14458,1.14461,1.14418,1.14422,729.06
2026-06-19 04:00:00+00:00,1.14423,1.14427,1.14388,1.14412,638.75
2026-06-19 04:15:00+00:00,1.14412,1.14413,1.14379,1.14394,496.37
2026-06-19 04:30:00+00:00,1.14394,1.14433,1.14353,1.14353,676.88
2026-06-19 04:45:00+00:00,1.14353,1.14353,1.14272,1.14286,965.35
2026-06-19 05:00:00+00:00,1.14286,1.14289,1.14227,1.14247,1653.35
2026-06-19 05:15:00+00:00,1.14247,1.1425,1.14178,1.14223,1398.16
2026-06-19 05:30:00+00:00,1.14223,1.14259,1.14186,1.1423,1560.37
2026-06-19 05:45:00+00:00,1.14231,1.14336,1.14229,1.14307,1688.4
2026-06-19 06:00:00+00:00,1.14306,1.14358,1.14301,1.14342,1696.99
2026-06-19 06:15:00+00:00,1.14342,1.14389,1.14324,1.14369,1261.35
2026-06-19 06:30:00+00:00,1.14368,1.14376,1.14289,1.14336,1090.3700000000001
2026-06-19 06:45:00+00:00,1.14334,1.14422,1.14325,1.1442,1039.09
2026-06-19 07:00:00+00:00,1.14419,1.14492,1.14417,1.14439,1709.35
2026-06-19 07:15:00+00:00,1.1444,1.14472,1.1442,1.14459,1321.6
2026-06-19 07:30:00+00:00,1.1446,1.14487,1.14436,1.14465,1071.18
2026-06-19 07:45:00+00:00,1.14464,1.14487,1.14446,1.14462,1064.87
2026-06-19 08:00:00+00:00,1.14463,1.14554,1.14462,1.14498,1450.15
2026-06-19 08:15:00+00:00,1.14498,1.14601,1.1449,1.14577,1496.88
2026-06-19 08:30:00+00:00,1.1458,1.14658,1.14571,1.14641,1177.02
2026-06-19 08:45:00+00:00,1.1464,1.14643,1.14611,1.14642,757.21
2026-06-19 09:00:00+00:00,1.14641,1.14641,1.14583,1.14615,1193.26
2026-06-19 09:15:00+00:00,1.14615,1.14634,1.14596,1.14604,866.29
2026-06-19 09:30:00+00:00,1.14606,1.14645,1.14605,1.1463,702.99
